project,flag_combo,period,operating_period_index,runtime_distribution_keur,da_paid_distribution_keur,delta_keur,delta_pct,classification,gates_passed,runtime_authoritative,r99_blocked,r102_blocked,dscr_passed,lockup_passed,oborovo_passed,blocked_reason,validation_error,notes
TUHO-WIND-1,baseline,2,2,3070.19,0.00,-3070.19,100.0000,EXPECTED_GATE_DIFFERENCE,False,True,True,True,True,False,True,R99 gate not promoted to runtime — audit-only,,
TUHO-WIND-1,baseline,3,3,3121.08,0.00,-3121.08,100.0000,EXPECTED_GATE_DIFFERENCE,False,True,True,True,True,False,True,R99 gate not promoted to runtime — audit-only,,
TUHO-WIND-1,baseline,4,4,3105.37,0.00,-3105.37,100.0000,EXPECTED_GATE_DIFFERENCE,False,True,True,True,True,False,True,R99 gate not promoted to runtime — audit-only,,
TUHO-WIND-1,baseline,5,5,3156.84,0.00,-3156.84,100.0000,EXPECTED_GATE_DIFFERENCE,False,True,True,True,True,False,True,R99 gate not promoted to runtime — audit-only,,
TUHO-WIND-1,baseline,6,6,3150.43,0.00,-3150.43,100.0000,EXPECTED_GATE_DIFFERENCE,False,True,True,True,True,False,True,R99 gate not promoted to runtime — audit-only,,
TUHO-WIND-1,baseline,7,7,3185.05,0.00,-3185.05,100.0000,EXPECTED_GATE_DIFFERENCE,False,True,True,True,True,False,True,R99 gate not promoted to runtime — audit-only,,
TUHO-WIND-1,baseline,8,8,3179.22,0.00,-3179.22,100.0000,EXPECTED_GATE_DIFFERENCE,False,True,True,True,True,False,True,R99 gate not promoted to runtime — audit-only,,
TUHO-WIND-1,baseline,9,9,3231.91,0.00,-3231.91,100.0000,EXPECTED_GATE_DIFFERENCE,False,True,True,True,True,False,True,R99 gate not promoted to runtime — audit-only,,
TUHO-WIND-1,baseline,10,10,3210.04,0.00,-3210.04,100.0000,EXPECTED_GATE_DIFFERENCE,False,True,True,True,True,False,True,R99 gate not promoted to runtime — audit-only,,
TUHO-WIND-1,baseline,11,11,3263.25,0.00,-3263.25,100.0000,EXPECTED_GATE_DIFFERENCE,False,True,True,True,True,False,True,R99 gate not promoted to runtime — audit-only,,
TUHO-WIND-1,baseline,12,12,3272.21,0.00,-3272.21,100.0000,EXPECTED_GATE_DIFFERENCE,False,True,True,True,True,False,True,R99 gate not promoted to runtime — audit-only,,
TUHO-WIND-1,baseline,13,13,3326.44,0.00,-3326.44,100.0000,EXPECTED_GATE_DIFFERENCE,False,True,True,True,True,False,True,R99 gate not promoted to runtime — audit-only,,
TUHO-WIND-1,baseline,14,14,3341.23,0.00,-3341.23,100.0000,EXPECTED_GATE_DIFFERENCE,False,True,True,True,True,False,True,R99 gate not promoted to runtime — audit-only,,
TUHO-WIND-1,baseline,15,15,3158.61,0.00,-3158.61,100.0000,EXPECTED_GATE_DIFFERENCE,False,True,True,True,True,True,True,R99 gate not promoted to runtime — audit-only,,
TUHO-WIND-1,baseline,16,16,3396.59,0.00,-3396.59,100.0000,EXPECTED_GATE_DIFFERENCE,False,True,True,True,True,True,True,R99 gate not promoted to runtime — audit-only,,
TUHO-WIND-1,baseline,17,17,3226.38,0.00,-3226.38,100.0000,EXPECTED_GATE_DIFFERENCE,False,True,True,True,True,True,True,R99 gate not promoted to runtime — audit-only,,
TUHO-WIND-1,baseline,18,18,3466.06,0.00,-3466.06,100.0000,EXPECTED_GATE_DIFFERENCE,False,True,True,True,True,True,True,R99 gate not promoted to runtime — audit-only,,
TUHO-WIND-1,baseline,19,19,3289.95,0.00,-3289.95,100.0000,EXPECTED_GATE_DIFFERENCE,False,True,True,True,True,True,True,R99 gate not promoted to runtime — audit-only,,
TUHO-WIND-1,baseline,20,20,3533.18,0.00,-3533.18,100.0000,EXPECTED_GATE_DIFFERENCE,False,True,True,True,True,True,True,R99 gate not promoted to runtime — audit-only,,
TUHO-WIND-1,baseline,21,21,3351.36,0.00,-3351.36,100.0000,EXPECTED_GATE_DIFFERENCE,False,True,True,True,True,True,True,R99 gate not promoted to runtime — audit-only,,
TUHO-WIND-1,baseline,22,22,3607.95,0.00,-3607.95,100.0000,EXPECTED_GATE_DIFFERENCE,False,True,True,True,True,True,True,R99 gate not promoted to runtime — audit-only,,
TUHO-WIND-1,baseline,23,23,3401.30,0.00,-3401.30,100.0000,EXPECTED_GATE_DIFFERENCE,False,True,True,True,True,True,True,R99 gate not promoted to runtime — audit-only,,
TUHO-WIND-1,baseline,24,24,3667.64,0.00,-3667.64,100.0000,EXPECTED_GATE_DIFFERENCE,False,True,True,True,True,True,True,R99 gate not promoted to runtime — audit-only,,
TUHO-WIND-1,baseline,25,25,3474.37,0.00,-3474.37,100.0000,EXPECTED_GATE_DIFFERENCE,False,True,True,True,True,True,True,R99 gate not promoted to runtime — audit-only,,
TUHO-WIND-1,baseline,26,26,6140.28,0.00,-6140.28,100.0000,EXPECTED_GATE_DIFFERENCE,False,True,True,True,True,True,True,R99 gate not promoted to runtime — audit-only,,
TUHO-WIND-1,baseline,27,27,5736.64,0.00,-5736.64,100.0000,EXPECTED_GATE_DIFFERENCE,False,True,True,True,True,True,True,R99 gate not promoted to runtime — audit-only,,
TUHO-WIND-1,baseline,28,28,6115.46,0.00,-6115.46,100.0000,EXPECTED_GATE_DIFFERENCE,False,True,True,True,True,True,True,R99 gate not promoted to runtime — audit-only,,
TUHO-WIND-1,baseline,29,29,5713.92,0.00,-5713.92,100.0000,EXPECTED_GATE_DIFFERENCE,False,True,True,True,True,True,True,R99 gate not promoted to runtime — audit-only,,
TUHO-WIND-1,baseline,30,30,6187.85,0.00,-6187.85,100.0000,EXPECTED_GATE_DIFFERENCE,False,True,True,True,True,True,True,R99 gate not promoted to runtime — audit-only,,
TUHO-WIND-1,baseline,31,31,5748.72,0.00,-5748.72,100.0000,EXPECTED_GATE_DIFFERENCE,False,True,True,True,True,True,True,R99 gate not promoted to runtime — audit-only,,
TUHO-WIND-1,baseline,32,32,6221.79,0.00,-6221.79,100.0000,EXPECTED_GATE_DIFFERENCE,False,True,True,True,True,True,True,R99 gate not promoted to runtime — audit-only,,
TUHO-WIND-1,baseline,33,33,5811.21,0.00,-5811.21,100.0000,EXPECTED_GATE_DIFFERENCE,False,True,True,True,True,True,True,R99 gate not promoted to runtime — audit-only,,
TUHO-WIND-1,baseline,34,34,6419.49,0.00,-6419.49,100.0000,EXPECTED_GATE_DIFFERENCE,False,True,True,True,True,True,True,R99 gate not promoted to runtime — audit-only,,
TUHO-WIND-1,baseline,35,35,5992.09,0.00,-5992.09,100.0000,EXPECTED_GATE_DIFFERENCE,False,True,True,True,True,True,True,R99 gate not promoted to runtime — audit-only,,
TUHO-WIND-1,baseline,36,36,6570.29,0.00,-6570.29,100.0000,EXPECTED_GATE_DIFFERENCE,False,True,True,True,True,True,True,R99 gate not promoted to runtime — audit-only,,
TUHO-WIND-1,baseline,37,37,6130.06,0.00,-6130.06,100.0000,EXPECTED_GATE_DIFFERENCE,False,True,True,True,True,True,True,R99 gate not promoted to runtime — audit-only,,
TUHO-WIND-1,baseline,38,38,6735.89,0.00,-6735.89,100.0000,EXPECTED_GATE_DIFFERENCE,False,True,True,True,True,True,True,R99 gate not promoted to runtime — audit-only,,
TUHO-WIND-1,baseline,39,39,6247.38,0.00,-6247.38,100.0000,EXPECTED_GATE_DIFFERENCE,False,True,True,True,True,True,True,R99 gate not promoted to runtime — audit-only,,
TUHO-WIND-1,baseline,40,40,6868.64,0.00,-6868.64,100.0000,EXPECTED_GATE_DIFFERENCE,False,True,True,True,True,True,True,R99 gate not promoted to runtime — audit-only,,
TUHO-WIND-1,baseline,41,41,6403.02,0.00,-6403.02,100.0000,EXPECTED_GATE_DIFFERENCE,False,True,True,True,True,True,True,R99 gate not promoted to runtime — audit-only,,
TUHO-WIND-1,baseline,42,42,7018.60,0.00,-7018.60,100.0000,EXPECTED_GATE_DIFFERENCE,False,True,True,True,True,True,True,R99 gate not promoted to runtime — audit-only,,
TUHO-WIND-1,baseline,43,43,6540.23,0.00,-6540.23,100.0000,EXPECTED_GATE_DIFFERENCE,False,True,True,True,True,True,True,R99 gate not promoted to runtime — audit-only,,
TUHO-WIND-1,baseline,44,44,7168.19,0.00,-7168.19,100.0000,EXPECTED_GATE_DIFFERENCE,False,True,True,True,True,True,True,R99 gate not promoted to runtime — audit-only,,
TUHO-WIND-1,baseline,45,45,6677.09,0.00,-6677.09,100.0000,EXPECTED_GATE_DIFFERENCE,False,True,True,True,True,True,True,R99 gate not promoted to runtime — audit-only,,
TUHO-WIND-1,baseline,46,46,7375.59,0.00,-7375.59,100.0000,EXPECTED_GATE_DIFFERENCE,False,True,True,True,True,True,True,R99 gate not promoted to runtime — audit-only,,
TUHO-WIND-1,baseline,47,47,6829.44,0.00,-6829.44,100.0000,EXPECTED_GATE_DIFFERENCE,False,True,True,True,True,True,True,R99 gate not promoted to runtime — audit-only,,
TUHO-WIND-1,baseline,48,48,7485.20,0.00,-7485.20,100.0000,EXPECTED_GATE_DIFFERENCE,False,True,True,True,True,True,True,R99 gate not promoted to runtime — audit-only,,
TUHO-WIND-1,baseline,49,49,6967.13,0.00,-6967.13,100.0000,EXPECTED_GATE_DIFFERENCE,False,True,True,True,True,True,True,R99 gate not promoted to runtime — audit-only,,
TUHO-WIND-1,baseline,50,50,7616.44,0.00,-7616.44,100.0000,EXPECTED_GATE_DIFFERENCE,False,True,True,True,True,True,True,R99 gate not promoted to runtime — audit-only,,
TUHO-WIND-1,baseline,51,51,7087.20,0.00,-7087.20,100.0000,EXPECTED_GATE_DIFFERENCE,False,True,True,True,True,True,True,R99 gate not promoted to runtime — audit-only,,
TUHO-WIND-1,baseline,52,52,7804.73,0.00,-7804.73,100.0000,EXPECTED_GATE_DIFFERENCE,False,True,True,True,True,True,True,R99 gate not promoted to runtime — audit-only,,
TUHO-WIND-1,baseline,53,53,7259.47,0.00,-7259.47,100.0000,EXPECTED_GATE_DIFFERENCE,False,True,True,True,True,True,True,R99 gate not promoted to runtime — audit-only,,
TUHO-WIND-1,baseline,54,54,7951.81,0.00,-7951.81,100.0000,EXPECTED_GATE_DIFFERENCE,False,True,True,True,True,True,True,R99 gate not promoted to runtime — audit-only,,
TUHO-WIND-1,baseline,55,55,7353.73,0.00,-7353.73,100.0000,EXPECTED_GATE_DIFFERENCE,False,True,True,True,True,True,True,R99 gate not promoted to runtime — audit-only,,
TUHO-WIND-1,baseline,56,56,8017.06,0.00,-8017.06,100.0000,EXPECTED_GATE_DIFFERENCE,False,True,True,True,True,True,True,R99 gate not promoted to runtime — audit-only,,
TUHO-WIND-1,baseline,57,57,7453.74,0.00,-7453.74,100.0000,EXPECTED_GATE_DIFFERENCE,False,True,True,True,True,True,True,R99 gate not promoted to runtime — audit-only,,
TUHO-WIND-1,baseline,58,58,8093.73,0.00,-8093.73,100.0000,EXPECTED_GATE_DIFFERENCE,False,True,True,True,True,True,True,R99 gate not promoted to runtime — audit-only,,
TUHO-WIND-1,baseline,59,59,7523.88,0.00,-7523.88,100.0000,EXPECTED_GATE_DIFFERENCE,False,True,True,True,True,True,True,R99 gate not promoted to runtime — audit-only,,
TUHO-WIND-1,baseline,60,60,8114.09,0.00,-8114.09,100.0000,EXPECTED_GATE_DIFFERENCE,False,True,True,True,True,True,True,R99 gate not promoted to runtime — audit-only,,
TUHO-WIND-1,baseline,61,61,7542.51,0.00,-7542.51,100.0000,EXPECTED_GATE_DIFFERENCE,False,True,True,True,True,True,True,R99 gate not promoted to runtime — audit-only,,
TUHO-WIND-1,baseline,62,62,56.12,0.00,-56.12,100.0000,EXPECTED_GATE_DIFFERENCE,False,True,True,True,True,True,True,R99 gate not promoted to runtime — audit-only,,
TUHO-WIND-1,shl_canonical,2,2,3070.19,0.00,-3070.19,100.0000,EXPECTED_GATE_DIFFERENCE,False,True,True,True,True,False,True,R99 gate not promoted to runtime — audit-only,,
TUHO-WIND-1,shl_canonical,3,3,3121.08,0.00,-3121.08,100.0000,EXPECTED_GATE_DIFFERENCE,False,True,True,True,True,False,True,R99 gate not promoted to runtime — audit-only,,
TUHO-WIND-1,shl_canonical,4,4,3105.37,0.00,-3105.37,100.0000,EXPECTED_GATE_DIFFERENCE,False,True,True,True,True,False,True,R99 gate not promoted to runtime — audit-only,,
TUHO-WIND-1,shl_canonical,5,5,3156.84,0.00,-3156.84,100.0000,EXPECTED_GATE_DIFFERENCE,False,True,True,True,True,False,True,R99 gate not promoted to runtime — audit-only,,
TUHO-WIND-1,shl_canonical,6,6,3150.43,0.00,-3150.43,100.0000,EXPECTED_GATE_DIFFERENCE,False,True,True,True,True,False,True,R99 gate not promoted to runtime — audit-only,,
TUHO-WIND-1,shl_canonical,7,7,3185.05,0.00,-3185.05,100.0000,EXPECTED_GATE_DIFFERENCE,False,True,True,True,True,False,True,R99 gate not promoted to runtime — audit-only,,
TUHO-WIND-1,shl_canonical,8,8,3179.22,0.00,-3179.22,100.0000,EXPECTED_GATE_DIFFERENCE,False,True,True,True,True,False,True,R99 gate not promoted to runtime — audit-only,,
TUHO-WIND-1,shl_canonical,9,9,3231.91,0.00,-3231.91,100.0000,EXPECTED_GATE_DIFFERENCE,False,True,True,True,True,False,True,R99 gate not promoted to runtime — audit-only,,
TUHO-WIND-1,shl_canonical,10,10,3210.04,0.00,-3210.04,100.0000,EXPECTED_GATE_DIFFERENCE,False,True,True,True,True,False,True,R99 gate not promoted to runtime — audit-only,,
TUHO-WIND-1,shl_canonical,11,11,3263.25,0.00,-3263.25,100.0000,EXPECTED_GATE_DIFFERENCE,False,True,True,True,True,False,True,R99 gate not promoted to runtime — audit-only,,
TUHO-WIND-1,shl_canonical,12,12,3272.21,0.00,-3272.21,100.0000,EXPECTED_GATE_DIFFERENCE,False,True,True,True,True,False,True,R99 gate not promoted to runtime — audit-only,,
TUHO-WIND-1,shl_canonical,13,13,3326.44,0.00,-3326.44,100.0000,EXPECTED_GATE_DIFFERENCE,False,True,True,True,True,False,True,R99 gate not promoted to runtime — audit-only,,
TUHO-WIND-1,shl_canonical,14,14,3341.23,0.00,-3341.23,100.0000,EXPECTED_GATE_DIFFERENCE,False,True,True,True,True,False,True,R99 gate not promoted to runtime — audit-only,,
TUHO-WIND-1,shl_canonical,15,15,3158.61,0.00,-3158.61,100.0000,EXPECTED_GATE_DIFFERENCE,False,True,True,True,True,True,True,R99 gate not promoted to runtime — audit-only,,
TUHO-WIND-1,shl_canonical,16,16,3396.59,0.00,-3396.59,100.0000,EXPECTED_GATE_DIFFERENCE,False,True,True,True,True,True,True,R99 gate not promoted to runtime — audit-only,,
TUHO-WIND-1,shl_canonical,17,17,3226.38,0.00,-3226.38,100.0000,EXPECTED_GATE_DIFFERENCE,False,True,True,True,True,True,True,R99 gate not promoted to runtime — audit-only,,
TUHO-WIND-1,shl_canonical,18,18,3466.06,0.00,-3466.06,100.0000,EXPECTED_GATE_DIFFERENCE,False,True,True,True,True,True,True,R99 gate not promoted to runtime — audit-only,,
TUHO-WIND-1,shl_canonical,19,19,3289.95,0.00,-3289.95,100.0000,EXPECTED_GATE_DIFFERENCE,False,True,True,True,True,True,True,R99 gate not promoted to runtime — audit-only,,
TUHO-WIND-1,shl_canonical,20,20,3533.18,0.00,-3533.18,100.0000,EXPECTED_GATE_DIFFERENCE,False,True,True,True,True,True,True,R99 gate not promoted to runtime — audit-only,,
TUHO-WIND-1,shl_canonical,21,21,3351.36,0.00,-3351.36,100.0000,EXPECTED_GATE_DIFFERENCE,False,True,True,True,True,True,True,R99 gate not promoted to runtime — audit-only,,
TUHO-WIND-1,shl_canonical,22,22,3607.95,0.00,-3607.95,100.0000,EXPECTED_GATE_DIFFERENCE,False,True,True,True,True,True,True,R99 gate not promoted to runtime — audit-only,,
TUHO-WIND-1,shl_canonical,23,23,3401.30,0.00,-3401.30,100.0000,EXPECTED_GATE_DIFFERENCE,False,True,True,True,True,True,True,R99 gate not promoted to runtime — audit-only,,
TUHO-WIND-1,shl_canonical,24,24,3667.64,0.00,-3667.64,100.0000,EXPECTED_GATE_DIFFERENCE,False,True,True,True,True,True,True,R99 gate not promoted to runtime — audit-only,,
TUHO-WIND-1,shl_canonical,25,25,3474.37,0.00,-3474.37,100.0000,EXPECTED_GATE_DIFFERENCE,False,True,True,True,True,True,True,R99 gate not promoted to runtime — audit-only,,
TUHO-WIND-1,shl_canonical,26,26,6140.28,0.00,-6140.28,100.0000,EXPECTED_GATE_DIFFERENCE,False,True,True,True,True,True,True,R99 gate not promoted to runtime — audit-only,,
TUHO-WIND-1,shl_canonical,27,27,5736.64,0.00,-5736.64,100.0000,EXPECTED_GATE_DIFFERENCE,False,True,True,True,True,True,True,R99 gate not promoted to runtime — audit-only,,
TUHO-WIND-1,shl_canonical,28,28,6115.46,0.00,-6115.46,100.0000,EXPECTED_GATE_DIFFERENCE,False,True,True,True,True,True,True,R99 gate not promoted to runtime — audit-only,,
TUHO-WIND-1,shl_canonical,29,29,5713.92,0.00,-5713.92,100.0000,EXPECTED_GATE_DIFFERENCE,False,True,True,True,True,True,True,R99 gate not promoted to runtime — audit-only,,
TUHO-WIND-1,shl_canonical,30,30,6187.85,0.00,-6187.85,100.0000,EXPECTED_GATE_DIFFERENCE,False,True,True,True,True,True,True,R99 gate not promoted to runtime — audit-only,,
TUHO-WIND-1,shl_canonical,31,31,5748.72,0.00,-5748.72,100.0000,EXPECTED_GATE_DIFFERENCE,False,True,True,True,True,True,True,R99 gate not promoted to runtime — audit-only,,
TUHO-WIND-1,shl_canonical,32,32,6221.79,0.00,-6221.79,100.0000,EXPECTED_GATE_DIFFERENCE,False,True,True,True,True,True,True,R99 gate not promoted to runtime — audit-only,,
TUHO-WIND-1,shl_canonical,33,33,5811.21,0.00,-5811.21,100.0000,EXPECTED_GATE_DIFFERENCE,False,True,True,True,True,True,True,R99 gate not promoted to runtime — audit-only,,
TUHO-WIND-1,shl_canonical,34,34,6419.49,0.00,-6419.49,100.0000,EXPECTED_GATE_DIFFERENCE,False,True,True,True,True,True,True,R99 gate not promoted to runtime — audit-only,,
TUHO-WIND-1,shl_canonical,35,35,5992.09,0.00,-5992.09,100.0000,EXPECTED_GATE_DIFFERENCE,False,True,True,True,True,True,True,R99 gate not promoted to runtime — audit-only,,
TUHO-WIND-1,shl_canonical,36,36,6570.29,0.00,-6570.29,100.0000,EXPECTED_GATE_DIFFERENCE,False,True,True,True,True,True,True,R99 gate not promoted to runtime — audit-only,,
TUHO-WIND-1,shl_canonical,37,37,6130.06,0.00,-6130.06,100.0000,EXPECTED_GATE_DIFFERENCE,False,True,True,True,True,True,True,R99 gate not promoted to runtime — audit-only,,
TUHO-WIND-1,shl_canonical,38,38,6735.89,0.00,-6735.89,100.0000,EXPECTED_GATE_DIFFERENCE,False,True,True,True,True,True,True,R99 gate not promoted to runtime — audit-only,,
TUHO-WIND-1,shl_canonical,39,39,6247.38,0.00,-6247.38,100.0000,EXPECTED_GATE_DIFFERENCE,False,True,True,True,True,True,True,R99 gate not promoted to runtime — audit-only,,
TUHO-WIND-1,shl_canonical,40,40,6868.64,0.00,-6868.64,100.0000,EXPECTED_GATE_DIFFERENCE,False,True,True,True,True,True,True,R99 gate not promoted to runtime — audit-only,,
TUHO-WIND-1,shl_canonical,41,41,6403.02,0.00,-6403.02,100.0000,EXPECTED_GATE_DIFFERENCE,False,True,True,True,True,True,True,R99 gate not promoted to runtime — audit-only,,
TUHO-WIND-1,shl_canonical,42,42,7018.60,0.00,-7018.60,100.0000,EXPECTED_GATE_DIFFERENCE,False,True,True,True,True,True,True,R99 gate not promoted to runtime — audit-only,,
TUHO-WIND-1,shl_canonical,43,43,6540.23,0.00,-6540.23,100.0000,EXPECTED_GATE_DIFFERENCE,False,True,True,True,True,True,True,R99 gate not promoted to runtime — audit-only,,
TUHO-WIND-1,shl_canonical,44,44,7168.19,0.00,-7168.19,100.0000,EXPECTED_GATE_DIFFERENCE,False,True,True,True,True,True,True,R99 gate not promoted to runtime — audit-only,,
TUHO-WIND-1,shl_canonical,45,45,6677.09,0.00,-6677.09,100.0000,EXPECTED_GATE_DIFFERENCE,False,True,True,True,True,True,True,R99 gate not promoted to runtime — audit-only,,
TUHO-WIND-1,shl_canonical,46,46,7375.59,0.00,-7375.59,100.0000,EXPECTED_GATE_DIFFERENCE,False,True,True,True,True,True,True,R99 gate not promoted to runtime — audit-only,,
TUHO-WIND-1,shl_canonical,47,47,6829.44,0.00,-6829.44,100.0000,EXPECTED_GATE_DIFFERENCE,False,True,True,True,True,True,True,R99 gate not promoted to runtime — audit-only,,
TUHO-WIND-1,shl_canonical,48,48,7485.20,0.00,-7485.20,100.0000,EXPECTED_GATE_DIFFERENCE,False,True,True,True,True,True,True,R99 gate not promoted to runtime — audit-only,,
TUHO-WIND-1,shl_canonical,49,49,6967.13,0.00,-6967.13,100.0000,EXPECTED_GATE_DIFFERENCE,False,True,True,True,True,True,True,R99 gate not promoted to runtime — audit-only,,
TUHO-WIND-1,shl_canonical,50,50,7616.44,0.00,-7616.44,100.0000,EXPECTED_GATE_DIFFERENCE,False,True,True,True,True,True,True,R99 gate not promoted to runtime — audit-only,,
TUHO-WIND-1,shl_canonical,51,51,7087.20,0.00,-7087.20,100.0000,EXPECTED_GATE_DIFFERENCE,False,True,True,True,True,True,True,R99 gate not promoted to runtime — audit-only,,
TUHO-WIND-1,shl_canonical,52,52,7804.73,0.00,-7804.73,100.0000,EXPECTED_GATE_DIFFERENCE,False,True,True,True,True,True,True,R99 gate not promoted to runtime — audit-only,,
TUHO-WIND-1,shl_canonical,53,53,7259.47,0.00,-7259.47,100.0000,EXPECTED_GATE_DIFFERENCE,False,True,True,True,True,True,True,R99 gate not promoted to runtime — audit-only,,
TUHO-WIND-1,shl_canonical,54,54,7951.81,0.00,-7951.81,100.0000,EXPECTED_GATE_DIFFERENCE,False,True,True,True,True,True,True,R99 gate not promoted to runtime — audit-only,,
TUHO-WIND-1,shl_canonical,55,55,7353.73,0.00,-7353.73,100.0000,EXPECTED_GATE_DIFFERENCE,False,True,True,True,True,True,True,R99 gate not promoted to runtime — audit-only,,
TUHO-WIND-1,shl_canonical,56,56,8017.06,0.00,-8017.06,100.0000,EXPECTED_GATE_DIFFERENCE,False,True,True,True,True,True,True,R99 gate not promoted to runtime — audit-only,,
TUHO-WIND-1,shl_canonical,57,57,7453.74,0.00,-7453.74,100.0000,EXPECTED_GATE_DIFFERENCE,False,True,True,True,True,True,True,R99 gate not promoted to runtime — audit-only,,
TUHO-WIND-1,shl_canonical,58,58,8093.73,0.00,-8093.73,100.0000,EXPECTED_GATE_DIFFERENCE,False,True,True,True,True,True,True,R99 gate not promoted to runtime — audit-only,,
TUHO-WIND-1,shl_canonical,59,59,7523.88,0.00,-7523.88,100.0000,EXPECTED_GATE_DIFFERENCE,False,True,True,True,True,True,True,R99 gate not promoted to runtime — audit-only,,
TUHO-WIND-1,shl_canonical,60,60,8114.09,0.00,-8114.09,100.0000,EXPECTED_GATE_DIFFERENCE,False,True,True,True,True,True,True,R99 gate not promoted to runtime — audit-only,,
TUHO-WIND-1,shl_canonical,61,61,7542.51,0.00,-7542.51,100.0000,EXPECTED_GATE_DIFFERENCE,False,True,True,True,True,True,True,R99 gate not promoted to runtime — audit-only,,
TUHO-WIND-1,shl_canonical,62,62,56.12,0.00,-56.12,100.0000,EXPECTED_GATE_DIFFERENCE,False,True,True,True,True,True,True,R99 gate not promoted to runtime — audit-only,,
TUHO-WIND-1,deprec_canonical,2,2,3070.19,0.00,-3070.19,100.0000,EXPECTED_GATE_DIFFERENCE,False,True,True,True,True,False,True,R99 gate not promoted to runtime — audit-only,,
TUHO-WIND-1,deprec_canonical,3,3,3121.08,0.00,-3121.08,100.0000,EXPECTED_GATE_DIFFERENCE,False,True,True,True,True,False,True,R99 gate not promoted to runtime — audit-only,,
TUHO-WIND-1,deprec_canonical,4,4,3105.37,0.00,-3105.37,100.0000,EXPECTED_GATE_DIFFERENCE,False,True,True,True,True,False,True,R99 gate not promoted to runtime — audit-only,,
TUHO-WIND-1,deprec_canonical,5,5,3156.84,0.00,-3156.84,100.0000,EXPECTED_GATE_DIFFERENCE,False,True,True,True,True,False,True,R99 gate not promoted to runtime — audit-only,,
TUHO-WIND-1,deprec_canonical,6,6,3150.43,0.00,-3150.43,100.0000,EXPECTED_GATE_DIFFERENCE,False,True,True,True,True,False,True,R99 gate not promoted to runtime — audit-only,,
TUHO-WIND-1,deprec_canonical,7,7,3185.05,0.00,-3185.05,100.0000,EXPECTED_GATE_DIFFERENCE,False,True,True,True,True,False,True,R99 gate not promoted to runtime — audit-only,,
TUHO-WIND-1,deprec_canonical,8,8,3179.22,0.00,-3179.22,100.0000,EXPECTED_GATE_DIFFERENCE,False,True,True,True,True,False,True,R99 gate not promoted to runtime — audit-only,,
TUHO-WIND-1,deprec_canonical,9,9,3231.91,0.00,-3231.91,100.0000,EXPECTED_GATE_DIFFERENCE,False,True,True,True,True,False,True,R99 gate not promoted to runtime — audit-only,,
TUHO-WIND-1,deprec_canonical,10,10,3210.04,0.00,-3210.04,100.0000,EXPECTED_GATE_DIFFERENCE,False,True,True,True,True,False,True,R99 gate not promoted to runtime — audit-only,,
TUHO-WIND-1,deprec_canonical,11,11,3263.25,0.00,-3263.25,100.0000,EXPECTED_GATE_DIFFERENCE,False,True,True,True,True,False,True,R99 gate not promoted to runtime — audit-only,,
TUHO-WIND-1,deprec_canonical,12,12,3272.21,0.00,-3272.21,100.0000,EXPECTED_GATE_DIFFERENCE,False,True,True,True,True,False,True,R99 gate not promoted to runtime — audit-only,,
TUHO-WIND-1,deprec_canonical,13,13,3326.44,0.00,-3326.44,100.0000,EXPECTED_GATE_DIFFERENCE,False,True,True,True,True,False,True,R99 gate not promoted to runtime — audit-only,,
TUHO-WIND-1,deprec_canonical,14,14,3341.23,0.00,-3341.23,100.0000,EXPECTED_GATE_DIFFERENCE,False,True,True,True,True,False,True,R99 gate not promoted to runtime — audit-only,,
TUHO-WIND-1,deprec_canonical,15,15,3158.61,0.00,-3158.61,100.0000,EXPECTED_GATE_DIFFERENCE,False,True,True,True,True,True,True,R99 gate not promoted to runtime — audit-only,,
TUHO-WIND-1,deprec_canonical,16,16,3396.59,0.00,-3396.59,100.0000,EXPECTED_GATE_DIFFERENCE,False,True,True,True,True,True,True,R99 gate not promoted to runtime — audit-only,,
TUHO-WIND-1,deprec_canonical,17,17,3226.38,0.00,-3226.38,100.0000,EXPECTED_GATE_DIFFERENCE,False,True,True,True,True,True,True,R99 gate not promoted to runtime — audit-only,,
TUHO-WIND-1,deprec_canonical,18,18,3466.06,0.00,-3466.06,100.0000,EXPECTED_GATE_DIFFERENCE,False,True,True,True,True,True,True,R99 gate not promoted to runtime — audit-only,,
TUHO-WIND-1,deprec_canonical,19,19,3289.95,0.00,-3289.95,100.0000,EXPECTED_GATE_DIFFERENCE,False,True,True,True,True,True,True,R99 gate not promoted to runtime — audit-only,,
TUHO-WIND-1,deprec_canonical,20,20,3533.18,0.00,-3533.18,100.0000,EXPECTED_GATE_DIFFERENCE,False,True,True,True,True,True,True,R99 gate not promoted to runtime — audit-only,,
TUHO-WIND-1,deprec_canonical,21,21,3351.36,0.00,-3351.36,100.0000,EXPECTED_GATE_DIFFERENCE,False,True,True,True,True,True,True,R99 gate not promoted to runtime — audit-only,,
TUHO-WIND-1,deprec_canonical,22,22,3607.95,0.00,-3607.95,100.0000,EXPECTED_GATE_DIFFERENCE,False,True,True,True,True,True,True,R99 gate not promoted to runtime — audit-only,,
TUHO-WIND-1,deprec_canonical,23,23,3401.30,0.00,-3401.30,100.0000,EXPECTED_GATE_DIFFERENCE,False,True,True,True,True,True,True,R99 gate not promoted to runtime — audit-only,,
TUHO-WIND-1,deprec_canonical,24,24,3667.64,0.00,-3667.64,100.0000,EXPECTED_GATE_DIFFERENCE,False,True,True,True,True,True,True,R99 gate not promoted to runtime — audit-only,,
TUHO-WIND-1,deprec_canonical,25,25,3474.37,0.00,-3474.37,100.0000,EXPECTED_GATE_DIFFERENCE,False,True,True,True,True,True,True,R99 gate not promoted to runtime — audit-only,,
TUHO-WIND-1,deprec_canonical,26,26,6140.28,0.00,-6140.28,100.0000,EXPECTED_GATE_DIFFERENCE,False,True,True,True,True,True,True,R99 gate not promoted to runtime — audit-only,,
TUHO-WIND-1,deprec_canonical,27,27,5736.64,0.00,-5736.64,100.0000,EXPECTED_GATE_DIFFERENCE,False,True,True,True,True,True,True,R99 gate not promoted to runtime — audit-only,,
TUHO-WIND-1,deprec_canonical,28,28,6115.46,0.00,-6115.46,100.0000,EXPECTED_GATE_DIFFERENCE,False,True,True,True,True,True,True,R99 gate not promoted to runtime — audit-only,,
TUHO-WIND-1,deprec_canonical,29,29,5713.92,0.00,-5713.92,100.0000,EXPECTED_GATE_DIFFERENCE,False,True,True,True,True,True,True,R99 gate not promoted to runtime — audit-only,,
TUHO-WIND-1,deprec_canonical,30,30,6187.85,0.00,-6187.85,100.0000,EXPECTED_GATE_DIFFERENCE,False,True,True,True,True,True,True,R99 gate not promoted to runtime — audit-only,,
TUHO-WIND-1,deprec_canonical,31,31,5748.72,0.00,-5748.72,100.0000,EXPECTED_GATE_DIFFERENCE,False,True,True,True,True,True,True,R99 gate not promoted to runtime — audit-only,,
TUHO-WIND-1,deprec_canonical,32,32,6221.79,0.00,-6221.79,100.0000,EXPECTED_GATE_DIFFERENCE,False,True,True,True,True,True,True,R99 gate not promoted to runtime — audit-only,,
TUHO-WIND-1,deprec_canonical,33,33,5811.21,0.00,-5811.21,100.0000,EXPECTED_GATE_DIFFERENCE,False,True,True,True,True,True,True,R99 gate not promoted to runtime — audit-only,,
TUHO-WIND-1,deprec_canonical,34,34,6419.49,0.00,-6419.49,100.0000,EXPECTED_GATE_DIFFERENCE,False,True,True,True,True,True,True,R99 gate not promoted to runtime — audit-only,,
TUHO-WIND-1,deprec_canonical,35,35,5992.09,0.00,-5992.09,100.0000,EXPECTED_GATE_DIFFERENCE,False,True,True,True,True,True,True,R99 gate not promoted to runtime — audit-only,,
TUHO-WIND-1,deprec_canonical,36,36,6570.29,0.00,-6570.29,100.0000,EXPECTED_GATE_DIFFERENCE,False,True,True,True,True,True,True,R99 gate not promoted to runtime — audit-only,,
TUHO-WIND-1,deprec_canonical,37,37,6130.06,0.00,-6130.06,100.0000,EXPECTED_GATE_DIFFERENCE,False,True,True,True,True,True,True,R99 gate not promoted to runtime — audit-only,,
TUHO-WIND-1,deprec_canonical,38,38,6735.89,0.00,-6735.89,100.0000,EXPECTED_GATE_DIFFERENCE,False,True,True,True,True,True,True,R99 gate not promoted to runtime — audit-only,,
TUHO-WIND-1,deprec_canonical,39,39,6247.38,0.00,-6247.38,100.0000,EXPECTED_GATE_DIFFERENCE,False,True,True,True,True,True,True,R99 gate not promoted to runtime — audit-only,,
TUHO-WIND-1,deprec_canonical,40,40,6868.64,0.00,-6868.64,100.0000,EXPECTED_GATE_DIFFERENCE,False,True,True,True,True,True,True,R99 gate not promoted to runtime — audit-only,,
TUHO-WIND-1,deprec_canonical,41,41,6403.02,0.00,-6403.02,100.0000,EXPECTED_GATE_DIFFERENCE,False,True,True,True,True,True,True,R99 gate not promoted to runtime — audit-only,,
TUHO-WIND-1,deprec_canonical,42,42,7018.60,0.00,-7018.60,100.0000,EXPECTED_GATE_DIFFERENCE,False,True,True,True,True,True,True,R99 gate not promoted to runtime — audit-only,,
TUHO-WIND-1,deprec_canonical,43,43,6540.23,0.00,-6540.23,100.0000,EXPECTED_GATE_DIFFERENCE,False,True,True,True,True,True,True,R99 gate not promoted to runtime — audit-only,,
TUHO-WIND-1,deprec_canonical,44,44,7168.19,0.00,-7168.19,100.0000,EXPECTED_GATE_DIFFERENCE,False,True,True,True,True,True,True,R99 gate not promoted to runtime — audit-only,,
TUHO-WIND-1,deprec_canonical,45,45,6677.09,0.00,-6677.09,100.0000,EXPECTED_GATE_DIFFERENCE,False,True,True,True,True,True,True,R99 gate not promoted to runtime — audit-only,,
TUHO-WIND-1,deprec_canonical,46,46,7375.59,0.00,-7375.59,100.0000,EXPECTED_GATE_DIFFERENCE,False,True,True,True,True,True,True,R99 gate not promoted to runtime — audit-only,,
TUHO-WIND-1,deprec_canonical,47,47,6829.44,0.00,-6829.44,100.0000,EXPECTED_GATE_DIFFERENCE,False,True,True,True,True,True,True,R99 gate not promoted to runtime — audit-only,,
TUHO-WIND-1,deprec_canonical,48,48,7485.20,0.00,-7485.20,100.0000,EXPECTED_GATE_DIFFERENCE,False,True,True,True,True,True,True,R99 gate not promoted to runtime — audit-only,,
TUHO-WIND-1,deprec_canonical,49,49,6967.13,0.00,-6967.13,100.0000,EXPECTED_GATE_DIFFERENCE,False,True,True,True,True,True,True,R99 gate not promoted to runtime — audit-only,,
TUHO-WIND-1,deprec_canonical,50,50,7616.44,0.00,-7616.44,100.0000,EXPECTED_GATE_DIFFERENCE,False,True,True,True,True,True,True,R99 gate not promoted to runtime — audit-only,,
TUHO-WIND-1,deprec_canonical,51,51,7087.20,0.00,-7087.20,100.0000,EXPECTED_GATE_DIFFERENCE,False,True,True,True,True,True,True,R99 gate not promoted to runtime — audit-only,,
TUHO-WIND-1,deprec_canonical,52,52,7804.73,0.00,-7804.73,100.0000,EXPECTED_GATE_DIFFERENCE,False,True,True,True,True,True,True,R99 gate not promoted to runtime — audit-only,,
TUHO-WIND-1,deprec_canonical,53,53,7259.47,0.00,-7259.47,100.0000,EXPECTED_GATE_DIFFERENCE,False,True,True,True,True,True,True,R99 gate not promoted to runtime — audit-only,,
TUHO-WIND-1,deprec_canonical,54,54,7951.81,0.00,-7951.81,100.0000,EXPECTED_GATE_DIFFERENCE,False,True,True,True,True,True,True,R99 gate not promoted to runtime — audit-only,,
TUHO-WIND-1,deprec_canonical,55,55,7353.73,0.00,-7353.73,100.0000,EXPECTED_GATE_DIFFERENCE,False,True,True,True,True,True,True,R99 gate not promoted to runtime — audit-only,,
TUHO-WIND-1,deprec_canonical,56,56,8017.06,0.00,-8017.06,100.0000,EXPECTED_GATE_DIFFERENCE,False,True,True,True,True,True,True,R99 gate not promoted to runtime — audit-only,,
TUHO-WIND-1,deprec_canonical,57,57,7453.74,0.00,-7453.74,100.0000,EXPECTED_GATE_DIFFERENCE,False,True,True,True,True,True,True,R99 gate not promoted to runtime — audit-only,,
TUHO-WIND-1,deprec_canonical,58,58,8093.73,0.00,-8093.73,100.0000,EXPECTED_GATE_DIFFERENCE,False,True,True,True,True,True,True,R99 gate not promoted to runtime — audit-only,,
TUHO-WIND-1,deprec_canonical,59,59,7523.88,0.00,-7523.88,100.0000,EXPECTED_GATE_DIFFERENCE,False,True,True,True,True,True,True,R99 gate not promoted to runtime — audit-only,,
TUHO-WIND-1,deprec_canonical,60,60,8114.09,0.00,-8114.09,100.0000,EXPECTED_GATE_DIFFERENCE,False,True,True,True,True,True,True,R99 gate not promoted to runtime — audit-only,,
TUHO-WIND-1,deprec_canonical,61,61,7542.51,0.00,-7542.51,100.0000,EXPECTED_GATE_DIFFERENCE,False,True,True,True,True,True,True,R99 gate not promoted to runtime — audit-only,,
TUHO-WIND-1,deprec_canonical,62,62,56.12,0.00,-56.12,100.0000,EXPECTED_GATE_DIFFERENCE,False,True,True,True,True,True,True,R99 gate not promoted to runtime — audit-only,,
TUHO-WIND-1,shl+deprec,2,2,3070.19,0.00,-3070.19,100.0000,EXPECTED_GATE_DIFFERENCE,False,True,True,True,True,False,True,R99 gate not promoted to runtime — audit-only,,
TUHO-WIND-1,shl+deprec,3,3,3121.08,0.00,-3121.08,100.0000,EXPECTED_GATE_DIFFERENCE,False,True,True,True,True,False,True,R99 gate not promoted to runtime — audit-only,,
TUHO-WIND-1,shl+deprec,4,4,3105.37,0.00,-3105.37,100.0000,EXPECTED_GATE_DIFFERENCE,False,True,True,True,True,False,True,R99 gate not promoted to runtime — audit-only,,
TUHO-WIND-1,shl+deprec,5,5,3156.84,0.00,-3156.84,100.0000,EXPECTED_GATE_DIFFERENCE,False,True,True,True,True,False,True,R99 gate not promoted to runtime — audit-only,,
TUHO-WIND-1,shl+deprec,6,6,3150.43,0.00,-3150.43,100.0000,EXPECTED_GATE_DIFFERENCE,False,True,True,True,True,False,True,R99 gate not promoted to runtime — audit-only,,
TUHO-WIND-1,shl+deprec,7,7,3185.05,0.00,-3185.05,100.0000,EXPECTED_GATE_DIFFERENCE,False,True,True,True,True,False,True,R99 gate not promoted to runtime — audit-only,,
TUHO-WIND-1,shl+deprec,8,8,3179.22,0.00,-3179.22,100.0000,EXPECTED_GATE_DIFFERENCE,False,True,True,True,True,False,True,R99 gate not promoted to runtime — audit-only,,
TUHO-WIND-1,shl+deprec,9,9,3231.91,0.00,-3231.91,100.0000,EXPECTED_GATE_DIFFERENCE,False,True,True,True,True,False,True,R99 gate not promoted to runtime — audit-only,,
TUHO-WIND-1,shl+deprec,10,10,3210.04,0.00,-3210.04,100.0000,EXPECTED_GATE_DIFFERENCE,False,True,True,True,True,False,True,R99 gate not promoted to runtime — audit-only,,
TUHO-WIND-1,shl+deprec,11,11,3263.25,0.00,-3263.25,100.0000,EXPECTED_GATE_DIFFERENCE,False,True,True,True,True,False,True,R99 gate not promoted to runtime — audit-only,,
TUHO-WIND-1,shl+deprec,12,12,3272.21,0.00,-3272.21,100.0000,EXPECTED_GATE_DIFFERENCE,False,True,True,True,True,False,True,R99 gate not promoted to runtime — audit-only,,
TUHO-WIND-1,shl+deprec,13,13,3326.44,0.00,-3326.44,100.0000,EXPECTED_GATE_DIFFERENCE,False,True,True,True,True,False,True,R99 gate not promoted to runtime — audit-only,,
TUHO-WIND-1,shl+deprec,14,14,3341.23,0.00,-3341.23,100.0000,EXPECTED_GATE_DIFFERENCE,False,True,True,True,True,False,True,R99 gate not promoted to runtime — audit-only,,
TUHO-WIND-1,shl+deprec,15,15,3158.61,0.00,-3158.61,100.0000,EXPECTED_GATE_DIFFERENCE,False,True,True,True,True,True,True,R99 gate not promoted to runtime — audit-only,,
TUHO-WIND-1,shl+deprec,16,16,3396.59,0.00,-3396.59,100.0000,EXPECTED_GATE_DIFFERENCE,False,True,True,True,True,True,True,R99 gate not promoted to runtime — audit-only,,
TUHO-WIND-1,shl+deprec,17,17,3226.38,0.00,-3226.38,100.0000,EXPECTED_GATE_DIFFERENCE,False,True,True,True,True,True,True,R99 gate not promoted to runtime — audit-only,,
TUHO-WIND-1,shl+deprec,18,18,3466.06,0.00,-3466.06,100.0000,EXPECTED_GATE_DIFFERENCE,False,True,True,True,True,True,True,R99 gate not promoted to runtime — audit-only,,
TUHO-WIND-1,shl+deprec,19,19,3289.95,0.00,-3289.95,100.0000,EXPECTED_GATE_DIFFERENCE,False,True,True,True,True,True,True,R99 gate not promoted to runtime — audit-only,,
TUHO-WIND-1,shl+deprec,20,20,3533.18,0.00,-3533.18,100.0000,EXPECTED_GATE_DIFFERENCE,False,True,True,True,True,True,True,R99 gate not promoted to runtime — audit-only,,
TUHO-WIND-1,shl+deprec,21,21,3351.36,0.00,-3351.36,100.0000,EXPECTED_GATE_DIFFERENCE,False,True,True,True,True,True,True,R99 gate not promoted to runtime — audit-only,,
TUHO-WIND-1,shl+deprec,22,22,3607.95,0.00,-3607.95,100.0000,EXPECTED_GATE_DIFFERENCE,False,True,True,True,True,True,True,R99 gate not promoted to runtime — audit-only,,
TUHO-WIND-1,shl+deprec,23,23,3401.30,0.00,-3401.30,100.0000,EXPECTED_GATE_DIFFERENCE,False,True,True,True,True,True,True,R99 gate not promoted to runtime — audit-only,,
TUHO-WIND-1,shl+deprec,24,24,3667.64,0.00,-3667.64,100.0000,EXPECTED_GATE_DIFFERENCE,False,True,True,True,True,True,True,R99 gate not promoted to runtime — audit-only,,
TUHO-WIND-1,shl+deprec,25,25,3474.37,0.00,-3474.37,100.0000,EXPECTED_GATE_DIFFERENCE,False,True,True,True,True,True,True,R99 gate not promoted to runtime — audit-only,,
TUHO-WIND-1,shl+deprec,26,26,6140.28,0.00,-6140.28,100.0000,EXPECTED_GATE_DIFFERENCE,False,True,True,True,True,True,True,R99 gate not promoted to runtime — audit-only,,
TUHO-WIND-1,shl+deprec,27,27,5736.64,0.00,-5736.64,100.0000,EXPECTED_GATE_DIFFERENCE,False,True,True,True,True,True,True,R99 gate not promoted to runtime — audit-only,,
TUHO-WIND-1,shl+deprec,28,28,6115.46,0.00,-6115.46,100.0000,EXPECTED_GATE_DIFFERENCE,False,True,True,True,True,True,True,R99 gate not promoted to runtime — audit-only,,
TUHO-WIND-1,shl+deprec,29,29,5713.92,0.00,-5713.92,100.0000,EXPECTED_GATE_DIFFERENCE,False,True,True,True,True,True,True,R99 gate not promoted to runtime — audit-only,,
TUHO-WIND-1,shl+deprec,30,30,6187.85,0.00,-6187.85,100.0000,EXPECTED_GATE_DIFFERENCE,False,True,True,True,True,True,True,R99 gate not promoted to runtime — audit-only,,
TUHO-WIND-1,shl+deprec,31,31,5748.72,0.00,-5748.72,100.0000,EXPECTED_GATE_DIFFERENCE,False,True,True,True,True,True,True,R99 gate not promoted to runtime — audit-only,,
TUHO-WIND-1,shl+deprec,32,32,6221.79,0.00,-6221.79,100.0000,EXPECTED_GATE_DIFFERENCE,False,True,True,True,True,True,True,R99 gate not promoted to runtime — audit-only,,
TUHO-WIND-1,shl+deprec,33,33,5811.21,0.00,-5811.21,100.0000,EXPECTED_GATE_DIFFERENCE,False,True,True,True,True,True,True,R99 gate not promoted to runtime — audit-only,,
TUHO-WIND-1,shl+deprec,34,34,6419.49,0.00,-6419.49,100.0000,EXPECTED_GATE_DIFFERENCE,False,True,True,True,True,True,True,R99 gate not promoted to runtime — audit-only,,
TUHO-WIND-1,shl+deprec,35,35,5992.09,0.00,-5992.09,100.0000,EXPECTED_GATE_DIFFERENCE,False,True,True,True,True,True,True,R99 gate not promoted to runtime — audit-only,,
TUHO-WIND-1,shl+deprec,36,36,6570.29,0.00,-6570.29,100.0000,EXPECTED_GATE_DIFFERENCE,False,True,True,True,True,True,True,R99 gate not promoted to runtime — audit-only,,
TUHO-WIND-1,shl+deprec,37,37,6130.06,0.00,-6130.06,100.0000,EXPECTED_GATE_DIFFERENCE,False,True,True,True,True,True,True,R99 gate not promoted to runtime — audit-only,,
TUHO-WIND-1,shl+deprec,38,38,6735.89,0.00,-6735.89,100.0000,EXPECTED_GATE_DIFFERENCE,False,True,True,True,True,True,True,R99 gate not promoted to runtime — audit-only,,
TUHO-WIND-1,shl+deprec,39,39,6247.38,0.00,-6247.38,100.0000,EXPECTED_GATE_DIFFERENCE,False,True,True,True,True,True,True,R99 gate not promoted to runtime — audit-only,,
TUHO-WIND-1,shl+deprec,40,40,6868.64,0.00,-6868.64,100.0000,EXPECTED_GATE_DIFFERENCE,False,True,True,True,True,True,True,R99 gate not promoted to runtime — audit-only,,
TUHO-WIND-1,shl+deprec,41,41,6403.02,0.00,-6403.02,100.0000,EXPECTED_GATE_DIFFERENCE,False,True,True,True,True,True,True,R99 gate not promoted to runtime — audit-only,,
TUHO-WIND-1,shl+deprec,42,42,7018.60,0.00,-7018.60,100.0000,EXPECTED_GATE_DIFFERENCE,False,True,True,True,True,True,True,R99 gate not promoted to runtime — audit-only,,
TUHO-WIND-1,shl+deprec,43,43,6540.23,0.00,-6540.23,100.0000,EXPECTED_GATE_DIFFERENCE,False,True,True,True,True,True,True,R99 gate not promoted to runtime — audit-only,,
TUHO-WIND-1,shl+deprec,44,44,7168.19,0.00,-7168.19,100.0000,EXPECTED_GATE_DIFFERENCE,False,True,True,True,True,True,True,R99 gate not promoted to runtime — audit-only,,
TUHO-WIND-1,shl+deprec,45,45,6677.09,0.00,-6677.09,100.0000,EXPECTED_GATE_DIFFERENCE,False,True,True,True,True,True,True,R99 gate not promoted to runtime — audit-only,,
TUHO-WIND-1,shl+deprec,46,46,7375.59,0.00,-7375.59,100.0000,EXPECTED_GATE_DIFFERENCE,False,True,True,True,True,True,True,R99 gate not promoted to runtime — audit-only,,
TUHO-WIND-1,shl+deprec,47,47,6829.44,0.00,-6829.44,100.0000,EXPECTED_GATE_DIFFERENCE,False,True,True,True,True,True,True,R99 gate not promoted to runtime — audit-only,,
TUHO-WIND-1,shl+deprec,48,48,7485.20,0.00,-7485.20,100.0000,EXPECTED_GATE_DIFFERENCE,False,True,True,True,True,True,True,R99 gate not promoted to runtime — audit-only,,
TUHO-WIND-1,shl+deprec,49,49,6967.13,0.00,-6967.13,100.0000,EXPECTED_GATE_DIFFERENCE,False,True,True,True,True,True,True,R99 gate not promoted to runtime — audit-only,,
TUHO-WIND-1,shl+deprec,50,50,7616.44,0.00,-7616.44,100.0000,EXPECTED_GATE_DIFFERENCE,False,True,True,True,True,True,True,R99 gate not promoted to runtime — audit-only,,
TUHO-WIND-1,shl+deprec,51,51,7087.20,0.00,-7087.20,100.0000,EXPECTED_GATE_DIFFERENCE,False,True,True,True,True,True,True,R99 gate not promoted to runtime — audit-only,,
TUHO-WIND-1,shl+deprec,52,52,7804.73,0.00,-7804.73,100.0000,EXPECTED_GATE_DIFFERENCE,False,True,True,True,True,True,True,R99 gate not promoted to runtime — audit-only,,
TUHO-WIND-1,shl+deprec,53,53,7259.47,0.00,-7259.47,100.0000,EXPECTED_GATE_DIFFERENCE,False,True,True,True,True,True,True,R99 gate not promoted to runtime — audit-only,,
TUHO-WIND-1,shl+deprec,54,54,7951.81,0.00,-7951.81,100.0000,EXPECTED_GATE_DIFFERENCE,False,True,True,True,True,True,True,R99 gate not promoted to runtime — audit-only,,
TUHO-WIND-1,shl+deprec,55,55,7353.73,0.00,-7353.73,100.0000,EXPECTED_GATE_DIFFERENCE,False,True,True,True,True,True,True,R99 gate not promoted to runtime — audit-only,,
TUHO-WIND-1,shl+deprec,56,56,8017.06,0.00,-8017.06,100.0000,EXPECTED_GATE_DIFFERENCE,False,True,True,True,True,True,True,R99 gate not promoted to runtime — audit-only,,
TUHO-WIND-1,shl+deprec,57,57,7453.74,0.00,-7453.74,100.0000,EXPECTED_GATE_DIFFERENCE,False,True,True,True,True,True,True,R99 gate not promoted to runtime — audit-only,,
TUHO-WIND-1,shl+deprec,58,58,8093.73,0.00,-8093.73,100.0000,EXPECTED_GATE_DIFFERENCE,False,True,True,True,True,True,True,R99 gate not promoted to runtime — audit-only,,
TUHO-WIND-1,shl+deprec,59,59,7523.88,0.00,-7523.88,100.0000,EXPECTED_GATE_DIFFERENCE,False,True,True,True,True,True,True,R99 gate not promoted to runtime — audit-only,,
TUHO-WIND-1,shl+deprec,60,60,8114.09,0.00,-8114.09,100.0000,EXPECTED_GATE_DIFFERENCE,False,True,True,True,True,True,True,R99 gate not promoted to runtime — audit-only,,
TUHO-WIND-1,shl+deprec,61,61,7542.51,0.00,-7542.51,100.0000,EXPECTED_GATE_DIFFERENCE,False,True,True,True,True,True,True,R99 gate not promoted to runtime — audit-only,,
TUHO-WIND-1,shl+deprec,62,62,56.12,0.00,-56.12,100.0000,EXPECTED_GATE_DIFFERENCE,False,True,True,True,True,True,True,R99 gate not promoted to runtime — audit-only,,
TUHO-WIND-1,tax_bridge,2,2,3070.19,0.00,-3070.19,100.0000,EXPECTED_GATE_DIFFERENCE,False,True,True,True,True,False,True,R99 gate not promoted to runtime — audit-only,,
TUHO-WIND-1,tax_bridge,3,3,3121.08,0.00,-3121.08,100.0000,EXPECTED_GATE_DIFFERENCE,False,True,True,True,True,False,True,R99 gate not promoted to runtime — audit-only,,
TUHO-WIND-1,tax_bridge,4,4,3105.37,0.00,-3105.37,100.0000,EXPECTED_GATE_DIFFERENCE,False,True,True,True,True,False,True,R99 gate not promoted to runtime — audit-only,,
TUHO-WIND-1,tax_bridge,5,5,3156.84,0.00,-3156.84,100.0000,EXPECTED_GATE_DIFFERENCE,False,True,True,True,True,False,True,R99 gate not promoted to runtime — audit-only,,
TUHO-WIND-1,tax_bridge,6,6,3150.43,0.00,-3150.43,100.0000,EXPECTED_GATE_DIFFERENCE,False,True,True,True,True,False,True,R99 gate not promoted to runtime — audit-only,,
TUHO-WIND-1,tax_bridge,7,7,3185.05,0.00,-3185.05,100.0000,EXPECTED_GATE_DIFFERENCE,False,True,True,True,True,False,True,R99 gate not promoted to runtime — audit-only,,
TUHO-WIND-1,tax_bridge,8,8,3179.22,0.00,-3179.22,100.0000,EXPECTED_GATE_DIFFERENCE,False,True,True,True,True,False,True,R99 gate not promoted to runtime — audit-only,,
TUHO-WIND-1,tax_bridge,9,9,3231.91,0.00,-3231.91,100.0000,EXPECTED_GATE_DIFFERENCE,False,True,True,True,True,False,True,R99 gate not promoted to runtime — audit-only,,
TUHO-WIND-1,tax_bridge,10,10,3210.04,0.00,-3210.04,100.0000,EXPECTED_GATE_DIFFERENCE,False,True,True,True,True,False,True,R99 gate not promoted to runtime — audit-only,,
TUHO-WIND-1,tax_bridge,11,11,3263.25,0.00,-3263.25,100.0000,EXPECTED_GATE_DIFFERENCE,False,True,True,True,True,False,True,R99 gate not promoted to runtime — audit-only,,
TUHO-WIND-1,tax_bridge,12,12,3272.21,0.00,-3272.21,100.0000,EXPECTED_GATE_DIFFERENCE,False,True,True,True,True,False,True,R99 gate not promoted to runtime — audit-only,,
TUHO-WIND-1,tax_bridge,13,13,3326.44,0.00,-3326.44,100.0000,EXPECTED_GATE_DIFFERENCE,False,True,True,True,True,False,True,R99 gate not promoted to runtime — audit-only,,
TUHO-WIND-1,tax_bridge,14,14,3341.23,0.00,-3341.23,100.0000,EXPECTED_GATE_DIFFERENCE,False,True,True,True,True,False,True,R99 gate not promoted to runtime — audit-only,,
TUHO-WIND-1,tax_bridge,15,15,3158.61,0.00,-3158.61,100.0000,EXPECTED_GATE_DIFFERENCE,False,True,True,True,True,True,True,R99 gate not promoted to runtime — audit-only,,
TUHO-WIND-1,tax_bridge,16,16,3396.59,0.00,-3396.59,100.0000,EXPECTED_GATE_DIFFERENCE,False,True,True,True,True,True,True,R99 gate not promoted to runtime — audit-only,,
TUHO-WIND-1,tax_bridge,17,17,3226.38,0.00,-3226.38,100.0000,EXPECTED_GATE_DIFFERENCE,False,True,True,True,True,True,True,R99 gate not promoted to runtime — audit-only,,
TUHO-WIND-1,tax_bridge,18,18,3466.06,0.00,-3466.06,100.0000,EXPECTED_GATE_DIFFERENCE,False,True,True,True,True,True,True,R99 gate not promoted to runtime — audit-only,,
TUHO-WIND-1,tax_bridge,19,19,3289.95,0.00,-3289.95,100.0000,EXPECTED_GATE_DIFFERENCE,False,True,True,True,True,True,True,R99 gate not promoted to runtime — audit-only,,
TUHO-WIND-1,tax_bridge,20,20,3533.18,0.00,-3533.18,100.0000,EXPECTED_GATE_DIFFERENCE,False,True,True,True,True,True,True,R99 gate not promoted to runtime — audit-only,,
TUHO-WIND-1,tax_bridge,21,21,3351.36,0.00,-3351.36,100.0000,EXPECTED_GATE_DIFFERENCE,False,True,True,True,True,True,True,R99 gate not promoted to runtime — audit-only,,
TUHO-WIND-1,tax_bridge,22,22,3607.95,0.00,-3607.95,100.0000,EXPECTED_GATE_DIFFERENCE,False,True,True,True,True,True,True,R99 gate not promoted to runtime — audit-only,,
TUHO-WIND-1,tax_bridge,23,23,3401.30,0.00,-3401.30,100.0000,EXPECTED_GATE_DIFFERENCE,False,True,True,True,True,True,True,R99 gate not promoted to runtime — audit-only,,
TUHO-WIND-1,tax_bridge,24,24,3667.64,0.00,-3667.64,100.0000,EXPECTED_GATE_DIFFERENCE,False,True,True,True,True,True,True,R99 gate not promoted to runtime — audit-only,,
TUHO-WIND-1,tax_bridge,25,25,3474.37,0.00,-3474.37,100.0000,EXPECTED_GATE_DIFFERENCE,False,True,True,True,True,True,True,R99 gate not promoted to runtime — audit-only,,
TUHO-WIND-1,tax_bridge,26,26,6140.28,0.00,-6140.28,100.0000,EXPECTED_GATE_DIFFERENCE,False,True,True,True,True,True,True,R99 gate not promoted to runtime — audit-only,,
TUHO-WIND-1,tax_bridge,27,27,5736.64,0.00,-5736.64,100.0000,EXPECTED_GATE_DIFFERENCE,False,True,True,True,True,True,True,R99 gate not promoted to runtime — audit-only,,
TUHO-WIND-1,tax_bridge,28,28,6115.46,0.00,-6115.46,100.0000,EXPECTED_GATE_DIFFERENCE,False,True,True,True,True,True,True,R99 gate not promoted to runtime — audit-only,,
TUHO-WIND-1,tax_bridge,29,29,5713.92,0.00,-5713.92,100.0000,EXPECTED_GATE_DIFFERENCE,False,True,True,True,True,True,True,R99 gate not promoted to runtime — audit-only,,
TUHO-WIND-1,tax_bridge,30,30,6187.85,0.00,-6187.85,100.0000,EXPECTED_GATE_DIFFERENCE,False,True,True,True,True,True,True,R99 gate not promoted to runtime — audit-only,,
TUHO-WIND-1,tax_bridge,31,31,5748.72,0.00,-5748.72,100.0000,EXPECTED_GATE_DIFFERENCE,False,True,True,True,True,True,True,R99 gate not promoted to runtime — audit-only,,
TUHO-WIND-1,tax_bridge,32,32,6221.79,0.00,-6221.79,100.0000,EXPECTED_GATE_DIFFERENCE,False,True,True,True,True,True,True,R99 gate not promoted to runtime — audit-only,,
TUHO-WIND-1,tax_bridge,33,33,5811.21,0.00,-5811.21,100.0000,EXPECTED_GATE_DIFFERENCE,False,True,True,True,True,True,True,R99 gate not promoted to runtime — audit-only,,
TUHO-WIND-1,tax_bridge,34,34,6419.49,0.00,-6419.49,100.0000,EXPECTED_GATE_DIFFERENCE,False,True,True,True,True,True,True,R99 gate not promoted to runtime — audit-only,,
TUHO-WIND-1,tax_bridge,35,35,5992.09,0.00,-5992.09,100.0000,EXPECTED_GATE_DIFFERENCE,False,True,True,True,True,True,True,R99 gate not promoted to runtime — audit-only,,
TUHO-WIND-1,tax_bridge,36,36,6570.29,0.00,-6570.29,100.0000,EXPECTED_GATE_DIFFERENCE,False,True,True,True,True,True,True,R99 gate not promoted to runtime — audit-only,,
TUHO-WIND-1,tax_bridge,37,37,6130.06,0.00,-6130.06,100.0000,EXPECTED_GATE_DIFFERENCE,False,True,True,True,True,True,True,R99 gate not promoted to runtime — audit-only,,
TUHO-WIND-1,tax_bridge,38,38,6735.89,0.00,-6735.89,100.0000,EXPECTED_GATE_DIFFERENCE,False,True,True,True,True,True,True,R99 gate not promoted to runtime — audit-only,,
TUHO-WIND-1,tax_bridge,39,39,6247.38,0.00,-6247.38,100.0000,EXPECTED_GATE_DIFFERENCE,False,True,True,True,True,True,True,R99 gate not promoted to runtime — audit-only,,
TUHO-WIND-1,tax_bridge,40,40,6868.64,0.00,-6868.64,100.0000,EXPECTED_GATE_DIFFERENCE,False,True,True,True,True,True,True,R99 gate not promoted to runtime — audit-only,,
TUHO-WIND-1,tax_bridge,41,41,6403.02,0.00,-6403.02,100.0000,EXPECTED_GATE_DIFFERENCE,False,True,True,True,True,True,True,R99 gate not promoted to runtime — audit-only,,
TUHO-WIND-1,tax_bridge,42,42,7018.60,0.00,-7018.60,100.0000,EXPECTED_GATE_DIFFERENCE,False,True,True,True,True,True,True,R99 gate not promoted to runtime — audit-only,,
TUHO-WIND-1,tax_bridge,43,43,6540.23,0.00,-6540.23,100.0000,EXPECTED_GATE_DIFFERENCE,False,True,True,True,True,True,True,R99 gate not promoted to runtime — audit-only,,
TUHO-WIND-1,tax_bridge,44,44,7168.19,0.00,-7168.19,100.0000,EXPECTED_GATE_DIFFERENCE,False,True,True,True,True,True,True,R99 gate not promoted to runtime — audit-only,,
TUHO-WIND-1,tax_bridge,45,45,6677.09,0.00,-6677.09,100.0000,EXPECTED_GATE_DIFFERENCE,False,True,True,True,True,True,True,R99 gate not promoted to runtime — audit-only,,
TUHO-WIND-1,tax_bridge,46,46,7375.59,0.00,-7375.59,100.0000,EXPECTED_GATE_DIFFERENCE,False,True,True,True,True,True,True,R99 gate not promoted to runtime — audit-only,,
TUHO-WIND-1,tax_bridge,47,47,6829.44,0.00,-6829.44,100.0000,EXPECTED_GATE_DIFFERENCE,False,True,True,True,True,True,True,R99 gate not promoted to runtime — audit-only,,
TUHO-WIND-1,tax_bridge,48,48,7485.20,0.00,-7485.20,100.0000,EXPECTED_GATE_DIFFERENCE,False,True,True,True,True,True,True,R99 gate not promoted to runtime — audit-only,,
TUHO-WIND-1,tax_bridge,49,49,6967.13,0.00,-6967.13,100.0000,EXPECTED_GATE_DIFFERENCE,False,True,True,True,True,True,True,R99 gate not promoted to runtime — audit-only,,
TUHO-WIND-1,tax_bridge,50,50,7616.44,0.00,-7616.44,100.0000,EXPECTED_GATE_DIFFERENCE,False,True,True,True,True,True,True,R99 gate not promoted to runtime — audit-only,,
TUHO-WIND-1,tax_bridge,51,51,7087.20,0.00,-7087.20,100.0000,EXPECTED_GATE_DIFFERENCE,False,True,True,True,True,True,True,R99 gate not promoted to runtime — audit-only,,
TUHO-WIND-1,tax_bridge,52,52,7804.73,0.00,-7804.73,100.0000,EXPECTED_GATE_DIFFERENCE,False,True,True,True,True,True,True,R99 gate not promoted to runtime — audit-only,,
TUHO-WIND-1,tax_bridge,53,53,7259.47,0.00,-7259.47,100.0000,EXPECTED_GATE_DIFFERENCE,False,True,True,True,True,True,True,R99 gate not promoted to runtime — audit-only,,
TUHO-WIND-1,tax_bridge,54,54,7951.81,0.00,-7951.81,100.0000,EXPECTED_GATE_DIFFERENCE,False,True,True,True,True,True,True,R99 gate not promoted to runtime — audit-only,,
TUHO-WIND-1,tax_bridge,55,55,7353.73,0.00,-7353.73,100.0000,EXPECTED_GATE_DIFFERENCE,False,True,True,True,True,True,True,R99 gate not promoted to runtime — audit-only,,
TUHO-WIND-1,tax_bridge,56,56,8017.06,0.00,-8017.06,100.0000,EXPECTED_GATE_DIFFERENCE,False,True,True,True,True,True,True,R99 gate not promoted to runtime — audit-only,,
TUHO-WIND-1,tax_bridge,57,57,7453.74,0.00,-7453.74,100.0000,EXPECTED_GATE_DIFFERENCE,False,True,True,True,True,True,True,R99 gate not promoted to runtime — audit-only,,
TUHO-WIND-1,tax_bridge,58,58,8093.73,0.00,-8093.73,100.0000,EXPECTED_GATE_DIFFERENCE,False,True,True,True,True,True,True,R99 gate not promoted to runtime — audit-only,,
TUHO-WIND-1,tax_bridge,59,59,7523.88,0.00,-7523.88,100.0000,EXPECTED_GATE_DIFFERENCE,False,True,True,True,True,True,True,R99 gate not promoted to runtime — audit-only,,
TUHO-WIND-1,tax_bridge,60,60,8114.09,0.00,-8114.09,100.0000,EXPECTED_GATE_DIFFERENCE,False,True,True,True,True,True,True,R99 gate not promoted to runtime — audit-only,,
TUHO-WIND-1,tax_bridge,61,61,7542.51,0.00,-7542.51,100.0000,EXPECTED_GATE_DIFFERENCE,False,True,True,True,True,True,True,R99 gate not promoted to runtime — audit-only,,
TUHO-WIND-1,tax_bridge,62,62,56.12,0.00,-56.12,100.0000,EXPECTED_GATE_DIFFERENCE,False,True,True,True,True,True,True,R99 gate not promoted to runtime — audit-only,,
TUHO-WIND-1,shl+deprec+tax_bridge,2,2,3070.19,0.00,-3070.19,100.0000,EXPECTED_GATE_DIFFERENCE,False,True,True,True,True,False,True,R99 gate not promoted to runtime — audit-only,,
TUHO-WIND-1,shl+deprec+tax_bridge,3,3,3121.08,0.00,-3121.08,100.0000,EXPECTED_GATE_DIFFERENCE,False,True,True,True,True,False,True,R99 gate not promoted to runtime — audit-only,,
TUHO-WIND-1,shl+deprec+tax_bridge,4,4,3105.37,0.00,-3105.37,100.0000,EXPECTED_GATE_DIFFERENCE,False,True,True,True,True,False,True,R99 gate not promoted to runtime — audit-only,,
TUHO-WIND-1,shl+deprec+tax_bridge,5,5,3156.84,0.00,-3156.84,100.0000,EXPECTED_GATE_DIFFERENCE,False,True,True,True,True,False,True,R99 gate not promoted to runtime — audit-only,,
TUHO-WIND-1,shl+deprec+tax_bridge,6,6,3150.43,0.00,-3150.43,100.0000,EXPECTED_GATE_DIFFERENCE,False,True,True,True,True,False,True,R99 gate not promoted to runtime — audit-only,,
TUHO-WIND-1,shl+deprec+tax_bridge,7,7,3185.05,0.00,-3185.05,100.0000,EXPECTED_GATE_DIFFERENCE,False,True,True,True,True,False,True,R99 gate not promoted to runtime — audit-only,,
TUHO-WIND-1,shl+deprec+tax_bridge,8,8,3179.22,0.00,-3179.22,100.0000,EXPECTED_GATE_DIFFERENCE,False,True,True,True,True,False,True,R99 gate not promoted to runtime — audit-only,,
TUHO-WIND-1,shl+deprec+tax_bridge,9,9,3231.91,0.00,-3231.91,100.0000,EXPECTED_GATE_DIFFERENCE,False,True,True,True,True,False,True,R99 gate not promoted to runtime — audit-only,,
TUHO-WIND-1,shl+deprec+tax_bridge,10,10,3210.04,0.00,-3210.04,100.0000,EXPECTED_GATE_DIFFERENCE,False,True,True,True,True,False,True,R99 gate not promoted to runtime — audit-only,,
TUHO-WIND-1,shl+deprec+tax_bridge,11,11,3263.25,0.00,-3263.25,100.0000,EXPECTED_GATE_DIFFERENCE,False,True,True,True,True,False,True,R99 gate not promoted to runtime — audit-only,,
TUHO-WIND-1,shl+deprec+tax_bridge,12,12,3272.21,0.00,-3272.21,100.0000,EXPECTED_GATE_DIFFERENCE,False,True,True,True,True,False,True,R99 gate not promoted to runtime — audit-only,,
TUHO-WIND-1,shl+deprec+tax_bridge,13,13,3326.44,0.00,-3326.44,100.0000,EXPECTED_GATE_DIFFERENCE,False,True,True,True,True,False,True,R99 gate not promoted to runtime — audit-only,,
TUHO-WIND-1,shl+deprec+tax_bridge,14,14,3341.23,0.00,-3341.23,100.0000,EXPECTED_GATE_DIFFERENCE,False,True,True,True,True,False,True,R99 gate not promoted to runtime — audit-only,,
TUHO-WIND-1,shl+deprec+tax_bridge,15,15,3158.61,0.00,-3158.61,100.0000,EXPECTED_GATE_DIFFERENCE,False,True,True,True,True,True,True,R99 gate not promoted to runtime — audit-only,,
TUHO-WIND-1,shl+deprec+tax_bridge,16,16,3396.59,0.00,-3396.59,100.0000,EXPECTED_GATE_DIFFERENCE,False,True,True,True,True,True,True,R99 gate not promoted to runtime — audit-only,,
TUHO-WIND-1,shl+deprec+tax_bridge,17,17,3226.38,0.00,-3226.38,100.0000,EXPECTED_GATE_DIFFERENCE,False,True,True,True,True,True,True,R99 gate not promoted to runtime — audit-only,,
TUHO-WIND-1,shl+deprec+tax_bridge,18,18,3466.06,0.00,-3466.06,100.0000,EXPECTED_GATE_DIFFERENCE,False,True,True,True,True,True,True,R99 gate not promoted to runtime — audit-only,,
TUHO-WIND-1,shl+deprec+tax_bridge,19,19,3289.95,0.00,-3289.95,100.0000,EXPECTED_GATE_DIFFERENCE,False,True,True,True,True,True,True,R99 gate not promoted to runtime — audit-only,,
TUHO-WIND-1,shl+deprec+tax_bridge,20,20,3533.18,0.00,-3533.18,100.0000,EXPECTED_GATE_DIFFERENCE,False,True,True,True,True,True,True,R99 gate not promoted to runtime — audit-only,,
TUHO-WIND-1,shl+deprec+tax_bridge,21,21,3351.36,0.00,-3351.36,100.0000,EXPECTED_GATE_DIFFERENCE,False,True,True,True,True,True,True,R99 gate not promoted to runtime — audit-only,,
TUHO-WIND-1,shl+deprec+tax_bridge,22,22,3607.95,0.00,-3607.95,100.0000,EXPECTED_GATE_DIFFERENCE,False,True,True,True,True,True,True,R99 gate not promoted to runtime — audit-only,,
TUHO-WIND-1,shl+deprec+tax_bridge,23,23,3401.30,0.00,-3401.30,100.0000,EXPECTED_GATE_DIFFERENCE,False,True,True,True,True,True,True,R99 gate not promoted to runtime — audit-only,,
TUHO-WIND-1,shl+deprec+tax_bridge,24,24,3667.64,0.00,-3667.64,100.0000,EXPECTED_GATE_DIFFERENCE,False,True,True,True,True,True,True,R99 gate not promoted to runtime — audit-only,,
TUHO-WIND-1,shl+deprec+tax_bridge,25,25,3474.37,0.00,-3474.37,100.0000,EXPECTED_GATE_DIFFERENCE,False,True,True,True,True,True,True,R99 gate not promoted to runtime — audit-only,,
TUHO-WIND-1,shl+deprec+tax_bridge,26,26,6140.28,0.00,-6140.28,100.0000,EXPECTED_GATE_DIFFERENCE,False,True,True,True,True,True,True,R99 gate not promoted to runtime — audit-only,,
TUHO-WIND-1,shl+deprec+tax_bridge,27,27,5736.64,0.00,-5736.64,100.0000,EXPECTED_GATE_DIFFERENCE,False,True,True,True,True,True,True,R99 gate not promoted to runtime — audit-only,,
TUHO-WIND-1,shl+deprec+tax_bridge,28,28,6115.46,0.00,-6115.46,100.0000,EXPECTED_GATE_DIFFERENCE,False,True,True,True,True,True,True,R99 gate not promoted to runtime — audit-only,,
TUHO-WIND-1,shl+deprec+tax_bridge,29,29,5713.92,0.00,-5713.92,100.0000,EXPECTED_GATE_DIFFERENCE,False,True,True,True,True,True,True,R99 gate not promoted to runtime — audit-only,,
TUHO-WIND-1,shl+deprec+tax_bridge,30,30,6187.85,0.00,-6187.85,100.0000,EXPECTED_GATE_DIFFERENCE,False,True,True,True,True,True,True,R99 gate not promoted to runtime — audit-only,,
TUHO-WIND-1,shl+deprec+tax_bridge,31,31,5748.72,0.00,-5748.72,100.0000,EXPECTED_GATE_DIFFERENCE,False,True,True,True,True,True,True,R99 gate not promoted to runtime — audit-only,,
TUHO-WIND-1,shl+deprec+tax_bridge,32,32,6221.79,0.00,-6221.79,100.0000,EXPECTED_GATE_DIFFERENCE,False,True,True,True,True,True,True,R99 gate not promoted to runtime — audit-only,,
TUHO-WIND-1,shl+deprec+tax_bridge,33,33,5811.21,0.00,-5811.21,100.0000,EXPECTED_GATE_DIFFERENCE,False,True,True,True,True,True,True,R99 gate not promoted to runtime — audit-only,,
TUHO-WIND-1,shl+deprec+tax_bridge,34,34,6419.49,0.00,-6419.49,100.0000,EXPECTED_GATE_DIFFERENCE,False,True,True,True,True,True,True,R99 gate not promoted to runtime — audit-only,,
TUHO-WIND-1,shl+deprec+tax_bridge,35,35,5992.09,0.00,-5992.09,100.0000,EXPECTED_GATE_DIFFERENCE,False,True,True,True,True,True,True,R99 gate not promoted to runtime — audit-only,,
TUHO-WIND-1,shl+deprec+tax_bridge,36,36,6570.29,0.00,-6570.29,100.0000,EXPECTED_GATE_DIFFERENCE,False,True,True,True,True,True,True,R99 gate not promoted to runtime — audit-only,,
TUHO-WIND-1,shl+deprec+tax_bridge,37,37,6130.06,0.00,-6130.06,100.0000,EXPECTED_GATE_DIFFERENCE,False,True,True,True,True,True,True,R99 gate not promoted to runtime — audit-only,,
TUHO-WIND-1,shl+deprec+tax_bridge,38,38,6735.89,0.00,-6735.89,100.0000,EXPECTED_GATE_DIFFERENCE,False,True,True,True,True,True,True,R99 gate not promoted to runtime — audit-only,,
TUHO-WIND-1,shl+deprec+tax_bridge,39,39,6247.38,0.00,-6247.38,100.0000,EXPECTED_GATE_DIFFERENCE,False,True,True,True,True,True,True,R99 gate not promoted to runtime — audit-only,,
TUHO-WIND-1,shl+deprec+tax_bridge,40,40,6868.64,0.00,-6868.64,100.0000,EXPECTED_GATE_DIFFERENCE,False,True,True,True,True,True,True,R99 gate not promoted to runtime — audit-only,,
TUHO-WIND-1,shl+deprec+tax_bridge,41,41,6403.02,0.00,-6403.02,100.0000,EXPECTED_GATE_DIFFERENCE,False,True,True,True,True,True,True,R99 gate not promoted to runtime — audit-only,,
TUHO-WIND-1,shl+deprec+tax_bridge,42,42,7018.60,0.00,-7018.60,100.0000,EXPECTED_GATE_DIFFERENCE,False,True,True,True,True,True,True,R99 gate not promoted to runtime — audit-only,,
TUHO-WIND-1,shl+deprec+tax_bridge,43,43,6540.23,0.00,-6540.23,100.0000,EXPECTED_GATE_DIFFERENCE,False,True,True,True,True,True,True,R99 gate not promoted to runtime — audit-only,,
TUHO-WIND-1,shl+deprec+tax_bridge,44,44,7168.19,0.00,-7168.19,100.0000,EXPECTED_GATE_DIFFERENCE,False,True,True,True,True,True,True,R99 gate not promoted to runtime — audit-only,,
TUHO-WIND-1,shl+deprec+tax_bridge,45,45,6677.09,0.00,-6677.09,100.0000,EXPECTED_GATE_DIFFERENCE,False,True,True,True,True,True,True,R99 gate not promoted to runtime — audit-only,,
TUHO-WIND-1,shl+deprec+tax_bridge,46,46,7375.59,0.00,-7375.59,100.0000,EXPECTED_GATE_DIFFERENCE,False,True,True,True,True,True,True,R99 gate not promoted to runtime — audit-only,,
TUHO-WIND-1,shl+deprec+tax_bridge,47,47,6829.44,0.00,-6829.44,100.0000,EXPECTED_GATE_DIFFERENCE,False,True,True,True,True,True,True,R99 gate not promoted to runtime — audit-only,,
TUHO-WIND-1,shl+deprec+tax_bridge,48,48,7485.20,0.00,-7485.20,100.0000,EXPECTED_GATE_DIFFERENCE,False,True,True,True,True,True,True,R99 gate not promoted to runtime — audit-only,,
TUHO-WIND-1,shl+deprec+tax_bridge,49,49,6967.13,0.00,-6967.13,100.0000,EXPECTED_GATE_DIFFERENCE,False,True,True,True,True,True,True,R99 gate not promoted to runtime — audit-only,,
TUHO-WIND-1,shl+deprec+tax_bridge,50,50,7616.44,0.00,-7616.44,100.0000,EXPECTED_GATE_DIFFERENCE,False,True,True,True,True,True,True,R99 gate not promoted to runtime — audit-only,,
TUHO-WIND-1,shl+deprec+tax_bridge,51,51,7087.20,0.00,-7087.20,100.0000,EXPECTED_GATE_DIFFERENCE,False,True,True,True,True,True,True,R99 gate not promoted to runtime — audit-only,,
TUHO-WIND-1,shl+deprec+tax_bridge,52,52,7804.73,0.00,-7804.73,100.0000,EXPECTED_GATE_DIFFERENCE,False,True,True,True,True,True,True,R99 gate not promoted to runtime — audit-only,,
TUHO-WIND-1,shl+deprec+tax_bridge,53,53,7259.47,0.00,-7259.47,100.0000,EXPECTED_GATE_DIFFERENCE,False,True,True,True,True,True,True,R99 gate not promoted to runtime — audit-only,,
TUHO-WIND-1,shl+deprec+tax_bridge,54,54,7951.81,0.00,-7951.81,100.0000,EXPECTED_GATE_DIFFERENCE,False,True,True,True,True,True,True,R99 gate not promoted to runtime — audit-only,,
TUHO-WIND-1,shl+deprec+tax_bridge,55,55,7353.73,0.00,-7353.73,100.0000,EXPECTED_GATE_DIFFERENCE,False,True,True,True,True,True,True,R99 gate not promoted to runtime — audit-only,,
TUHO-WIND-1,shl+deprec+tax_bridge,56,56,8017.06,0.00,-8017.06,100.0000,EXPECTED_GATE_DIFFERENCE,False,True,True,True,True,True,True,R99 gate not promoted to runtime — audit-only,,
TUHO-WIND-1,shl+deprec+tax_bridge,57,57,7453.74,0.00,-7453.74,100.0000,EXPECTED_GATE_DIFFERENCE,False,True,True,True,True,True,True,R99 gate not promoted to runtime — audit-only,,
TUHO-WIND-1,shl+deprec+tax_bridge,58,58,8093.73,0.00,-8093.73,100.0000,EXPECTED_GATE_DIFFERENCE,False,True,True,True,True,True,True,R99 gate not promoted to runtime — audit-only,,
TUHO-WIND-1,shl+deprec+tax_bridge,59,59,7523.88,0.00,-7523.88,100.0000,EXPECTED_GATE_DIFFERENCE,False,True,True,True,True,True,True,R99 gate not promoted to runtime — audit-only,,
TUHO-WIND-1,shl+deprec+tax_bridge,60,60,8114.09,0.00,-8114.09,100.0000,EXPECTED_GATE_DIFFERENCE,False,True,True,True,True,True,True,R99 gate not promoted to runtime — audit-only,,
TUHO-WIND-1,shl+deprec+tax_bridge,61,61,7542.51,0.00,-7542.51,100.0000,EXPECTED_GATE_DIFFERENCE,False,True,True,True,True,True,True,R99 gate not promoted to runtime — audit-only,,
TUHO-WIND-1,shl+deprec+tax_bridge,62,62,56.12,0.00,-56.12,100.0000,EXPECTED_GATE_DIFFERENCE,False,True,True,True,True,True,True,R99 gate not promoted to runtime — audit-only,,
TUHO-WIND-1,co2_revenue_bridge,2,2,3373.09,0.00,-3373.09,100.0000,EXPECTED_GATE_DIFFERENCE,False,True,True,True,True,False,True,R99 gate not promoted to runtime — audit-only,,
TUHO-WIND-1,co2_revenue_bridge,3,3,3428.99,0.00,-3428.99,100.0000,EXPECTED_GATE_DIFFERENCE,False,True,True,True,True,False,True,R99 gate not promoted to runtime — audit-only,,
TUHO-WIND-1,co2_revenue_bridge,4,4,3378.78,0.00,-3378.78,100.0000,EXPECTED_GATE_DIFFERENCE,False,True,True,True,True,False,True,R99 gate not promoted to runtime — audit-only,,
TUHO-WIND-1,co2_revenue_bridge,5,5,3434.78,0.00,-3434.78,100.0000,EXPECTED_GATE_DIFFERENCE,False,True,True,True,True,False,True,R99 gate not promoted to runtime — audit-only,,
TUHO-WIND-1,co2_revenue_bridge,6,6,3395.03,0.00,-3395.03,100.0000,EXPECTED_GATE_DIFFERENCE,False,True,True,True,True,False,True,R99 gate not promoted to runtime — audit-only,,
TUHO-WIND-1,co2_revenue_bridge,7,7,3432.33,0.00,-3432.33,100.0000,EXPECTED_GATE_DIFFERENCE,False,True,True,True,True,False,True,R99 gate not promoted to runtime — audit-only,,
TUHO-WIND-1,co2_revenue_bridge,8,8,3393.64,0.00,-3393.64,100.0000,EXPECTED_GATE_DIFFERENCE,False,True,True,True,True,False,True,R99 gate not promoted to runtime — audit-only,,
TUHO-WIND-1,co2_revenue_bridge,9,9,3449.89,0.00,-3449.89,100.0000,EXPECTED_GATE_DIFFERENCE,False,True,True,True,True,False,True,R99 gate not promoted to runtime — audit-only,,
TUHO-WIND-1,co2_revenue_bridge,10,10,3387.11,0.00,-3387.11,100.0000,EXPECTED_GATE_DIFFERENCE,False,True,True,True,True,False,True,R99 gate not promoted to runtime — audit-only,,
TUHO-WIND-1,co2_revenue_bridge,11,11,3443.25,0.00,-3443.25,100.0000,EXPECTED_GATE_DIFFERENCE,False,True,True,True,True,False,True,R99 gate not promoted to runtime — audit-only,,
TUHO-WIND-1,co2_revenue_bridge,12,12,3442.04,0.00,-3442.04,100.0000,EXPECTED_GATE_DIFFERENCE,False,True,True,True,True,False,True,R99 gate not promoted to runtime — audit-only,,
TUHO-WIND-1,co2_revenue_bridge,13,13,3307.12,0.00,-3307.12,100.0000,EXPECTED_GATE_DIFFERENCE,False,True,True,True,True,False,True,R99 gate not promoted to runtime — audit-only,,
TUHO-WIND-1,co2_revenue_bridge,14,14,3500.67,0.00,-3500.67,100.0000,EXPECTED_GATE_DIFFERENCE,False,True,True,True,True,False,True,R99 gate not promoted to runtime — audit-only,,
TUHO-WIND-1,co2_revenue_bridge,15,15,3303.69,0.00,-3303.69,100.0000,EXPECTED_GATE_DIFFERENCE,False,True,True,True,True,True,True,R99 gate not promoted to runtime — audit-only,,
TUHO-WIND-1,co2_revenue_bridge,16,16,3548.36,0.00,-3548.36,100.0000,EXPECTED_GATE_DIFFERENCE,False,True,True,True,True,True,True,R99 gate not promoted to runtime — audit-only,,
TUHO-WIND-1,co2_revenue_bridge,17,17,3365.24,0.00,-3365.24,100.0000,EXPECTED_GATE_DIFFERENCE,False,True,True,True,True,True,True,R99 gate not promoted to runtime — audit-only,,
TUHO-WIND-1,co2_revenue_bridge,18,18,3614.22,0.00,-3614.22,100.0000,EXPECTED_GATE_DIFFERENCE,False,True,True,True,True,True,True,R99 gate not promoted to runtime — audit-only,,
TUHO-WIND-1,co2_revenue_bridge,19,19,3425.50,0.00,-3425.50,100.0000,EXPECTED_GATE_DIFFERENCE,False,True,True,True,True,True,True,R99 gate not promoted to runtime — audit-only,,
TUHO-WIND-1,co2_revenue_bridge,20,20,3674.11,0.00,-3674.11,100.0000,EXPECTED_GATE_DIFFERENCE,False,True,True,True,True,True,True,R99 gate not promoted to runtime — audit-only,,
TUHO-WIND-1,co2_revenue_bridge,21,21,3480.29,0.00,-3480.29,100.0000,EXPECTED_GATE_DIFFERENCE,False,True,True,True,True,True,True,R99 gate not promoted to runtime — audit-only,,
TUHO-WIND-1,co2_revenue_bridge,22,22,3738.40,0.00,-3738.40,100.0000,EXPECTED_GATE_DIFFERENCE,False,True,True,True,True,True,True,R99 gate not promoted to runtime — audit-only,,
TUHO-WIND-1,co2_revenue_bridge,23,23,3520.00,0.00,-3520.00,100.0000,EXPECTED_GATE_DIFFERENCE,False,True,True,True,True,True,True,R99 gate not promoted to runtime — audit-only,,
TUHO-WIND-1,co2_revenue_bridge,24,24,3790.50,0.00,-3790.50,100.0000,EXPECTED_GATE_DIFFERENCE,False,True,True,True,True,True,True,R99 gate not promoted to runtime — audit-only,,
TUHO-WIND-1,co2_revenue_bridge,25,25,3586.78,0.00,-3586.78,100.0000,EXPECTED_GATE_DIFFERENCE,False,True,True,True,True,True,True,R99 gate not promoted to runtime — audit-only,,
TUHO-WIND-1,co2_revenue_bridge,26,26,6255.92,0.00,-6255.92,100.0000,EXPECTED_GATE_DIFFERENCE,False,True,True,True,True,True,True,R99 gate not promoted to runtime — audit-only,,
TUHO-WIND-1,co2_revenue_bridge,27,27,5842.43,0.00,-5842.43,100.0000,EXPECTED_GATE_DIFFERENCE,False,True,True,True,True,True,True,R99 gate not promoted to runtime — audit-only,,
TUHO-WIND-1,co2_revenue_bridge,28,28,6223.86,0.00,-6223.86,100.0000,EXPECTED_GATE_DIFFERENCE,False,True,True,True,True,True,True,R99 gate not promoted to runtime — audit-only,,
TUHO-WIND-1,co2_revenue_bridge,29,29,5813.11,0.00,-5813.11,100.0000,EXPECTED_GATE_DIFFERENCE,False,True,True,True,True,True,True,R99 gate not promoted to runtime — audit-only,,
TUHO-WIND-1,co2_revenue_bridge,30,30,6289.31,0.00,-6289.31,100.0000,EXPECTED_GATE_DIFFERENCE,False,True,True,True,True,True,True,R99 gate not promoted to runtime — audit-only,,
TUHO-WIND-1,co2_revenue_bridge,31,31,5841.04,0.00,-5841.04,100.0000,EXPECTED_GATE_DIFFERENCE,False,True,True,True,True,True,True,R99 gate not promoted to runtime — audit-only,,
TUHO-WIND-1,co2_revenue_bridge,32,32,6315.74,0.00,-6315.74,100.0000,EXPECTED_GATE_DIFFERENCE,False,True,True,True,True,True,True,R99 gate not promoted to runtime — audit-only,,
TUHO-WIND-1,co2_revenue_bridge,33,33,5897.17,0.00,-5897.17,100.0000,EXPECTED_GATE_DIFFERENCE,False,True,True,True,True,True,True,R99 gate not promoted to runtime — audit-only,,
TUHO-WIND-1,co2_revenue_bridge,34,34,6506.21,0.00,-6506.21,100.0000,EXPECTED_GATE_DIFFERENCE,False,True,True,True,True,True,True,R99 gate not promoted to runtime — audit-only,,
TUHO-WIND-1,co2_revenue_bridge,35,35,6071.43,0.00,-6071.43,100.0000,EXPECTED_GATE_DIFFERENCE,False,True,True,True,True,True,True,R99 gate not promoted to runtime — audit-only,,
TUHO-WIND-1,co2_revenue_bridge,36,36,6653.40,0.00,-6653.40,100.0000,EXPECTED_GATE_DIFFERENCE,False,True,True,True,True,True,True,R99 gate not promoted to runtime — audit-only,,
TUHO-WIND-1,co2_revenue_bridge,37,37,6206.10,0.00,-6206.10,100.0000,EXPECTED_GATE_DIFFERENCE,False,True,True,True,True,True,True,R99 gate not promoted to runtime — audit-only,,
TUHO-WIND-1,co2_revenue_bridge,38,38,6811.99,0.00,-6811.99,100.0000,EXPECTED_GATE_DIFFERENCE,False,True,True,True,True,True,True,R99 gate not promoted to runtime — audit-only,,
TUHO-WIND-1,co2_revenue_bridge,39,39,6316.62,0.00,-6316.62,100.0000,EXPECTED_GATE_DIFFERENCE,False,True,True,True,True,True,True,R99 gate not promoted to runtime — audit-only,,
TUHO-WIND-1,co2_revenue_bridge,40,40,6940.91,0.00,-6940.91,100.0000,EXPECTED_GATE_DIFFERENCE,False,True,True,True,True,True,True,R99 gate not promoted to runtime — audit-only,,
TUHO-WIND-1,co2_revenue_bridge,41,41,6469.14,0.00,-6469.14,100.0000,EXPECTED_GATE_DIFFERENCE,False,True,True,True,True,True,True,R99 gate not promoted to runtime — audit-only,,
TUHO-WIND-1,co2_revenue_bridge,42,42,7087.26,0.00,-7087.26,100.0000,EXPECTED_GATE_DIFFERENCE,False,True,True,True,True,True,True,R99 gate not promoted to runtime — audit-only,,
TUHO-WIND-1,co2_revenue_bridge,43,43,6603.04,0.00,-6603.04,100.0000,EXPECTED_GATE_DIFFERENCE,False,True,True,True,True,True,True,R99 gate not promoted to runtime — audit-only,,
TUHO-WIND-1,co2_revenue_bridge,44,44,7233.23,0.00,-7233.23,100.0000,EXPECTED_GATE_DIFFERENCE,False,True,True,True,True,True,True,R99 gate not promoted to runtime — audit-only,,
TUHO-WIND-1,co2_revenue_bridge,45,45,6736.60,0.00,-6736.60,100.0000,EXPECTED_GATE_DIFFERENCE,False,True,True,True,True,True,True,R99 gate not promoted to runtime — audit-only,,
TUHO-WIND-1,co2_revenue_bridge,46,46,7437.19,0.00,-7437.19,100.0000,EXPECTED_GATE_DIFFERENCE,False,True,True,True,True,True,True,R99 gate not promoted to runtime — audit-only,,
TUHO-WIND-1,co2_revenue_bridge,47,47,6885.49,0.00,-6885.49,100.0000,EXPECTED_GATE_DIFFERENCE,False,True,True,True,True,True,True,R99 gate not promoted to runtime — audit-only,,
TUHO-WIND-1,co2_revenue_bridge,48,48,7543.02,0.00,-7543.02,100.0000,EXPECTED_GATE_DIFFERENCE,False,True,True,True,True,True,True,R99 gate not promoted to runtime — audit-only,,
TUHO-WIND-1,co2_revenue_bridge,49,49,7020.03,0.00,-7020.03,100.0000,EXPECTED_GATE_DIFFERENCE,False,True,True,True,True,True,True,R99 gate not promoted to runtime — audit-only,,
TUHO-WIND-1,co2_revenue_bridge,50,50,7674.26,0.00,-7674.26,100.0000,EXPECTED_GATE_DIFFERENCE,False,True,True,True,True,True,True,R99 gate not promoted to runtime — audit-only,,
TUHO-WIND-1,co2_revenue_bridge,51,51,7140.10,0.00,-7140.10,100.0000,EXPECTED_GATE_DIFFERENCE,False,True,True,True,True,True,True,R99 gate not promoted to runtime — audit-only,,
TUHO-WIND-1,co2_revenue_bridge,52,52,7862.55,0.00,-7862.55,100.0000,EXPECTED_GATE_DIFFERENCE,False,True,True,True,True,True,True,R99 gate not promoted to runtime — audit-only,,
TUHO-WIND-1,co2_revenue_bridge,53,53,7312.37,0.00,-7312.37,100.0000,EXPECTED_GATE_DIFFERENCE,False,True,True,True,True,True,True,R99 gate not promoted to runtime — audit-only,,
TUHO-WIND-1,co2_revenue_bridge,54,54,8006.16,0.00,-8006.16,100.0000,EXPECTED_GATE_DIFFERENCE,False,True,True,True,True,True,True,R99 gate not promoted to runtime — audit-only,,
TUHO-WIND-1,co2_revenue_bridge,55,55,7403.19,0.00,-7403.19,100.0000,EXPECTED_GATE_DIFFERENCE,False,True,True,True,True,True,True,R99 gate not promoted to runtime — audit-only,,
TUHO-WIND-1,co2_revenue_bridge,56,56,8071.27,0.00,-8071.27,100.0000,EXPECTED_GATE_DIFFERENCE,False,True,True,True,True,True,True,R99 gate not promoted to runtime — audit-only,,
TUHO-WIND-1,co2_revenue_bridge,57,57,7503.33,0.00,-7503.33,100.0000,EXPECTED_GATE_DIFFERENCE,False,True,True,True,True,True,True,R99 gate not promoted to runtime — audit-only,,
TUHO-WIND-1,co2_revenue_bridge,58,58,8144.32,0.00,-8144.32,100.0000,EXPECTED_GATE_DIFFERENCE,False,True,True,True,True,True,True,R99 gate not promoted to runtime — audit-only,,
TUHO-WIND-1,co2_revenue_bridge,59,59,7570.16,0.00,-7570.16,100.0000,EXPECTED_GATE_DIFFERENCE,False,True,True,True,True,True,True,R99 gate not promoted to runtime — audit-only,,
TUHO-WIND-1,co2_revenue_bridge,60,60,8164.68,0.00,-8164.68,100.0000,EXPECTED_GATE_DIFFERENCE,False,True,True,True,True,True,True,R99 gate not promoted to runtime — audit-only,,
TUHO-WIND-1,co2_revenue_bridge,61,61,7588.79,0.00,-7588.79,100.0000,EXPECTED_GATE_DIFFERENCE,False,True,True,True,True,True,True,R99 gate not promoted to runtime — audit-only,,
TUHO-WIND-1,co2_revenue_bridge,62,62,56.12,0.00,-56.12,100.0000,EXPECTED_GATE_DIFFERENCE,False,True,True,True,True,True,True,R99 gate not promoted to runtime — audit-only,,
TUHO-WIND-1,co2_cit_bridge,2,2,3070.19,0.00,-3070.19,100.0000,EXPECTED_GATE_DIFFERENCE,False,True,True,True,True,False,True,R99 gate not promoted to runtime — audit-only,,
TUHO-WIND-1,co2_cit_bridge,3,3,3121.08,0.00,-3121.08,100.0000,EXPECTED_GATE_DIFFERENCE,False,True,True,True,True,False,True,R99 gate not promoted to runtime — audit-only,,
TUHO-WIND-1,co2_cit_bridge,4,4,3105.37,0.00,-3105.37,100.0000,EXPECTED_GATE_DIFFERENCE,False,True,True,True,True,False,True,R99 gate not promoted to runtime — audit-only,,
TUHO-WIND-1,co2_cit_bridge,5,5,3156.84,0.00,-3156.84,100.0000,EXPECTED_GATE_DIFFERENCE,False,True,True,True,True,False,True,R99 gate not promoted to runtime — audit-only,,
TUHO-WIND-1,co2_cit_bridge,6,6,3150.43,0.00,-3150.43,100.0000,EXPECTED_GATE_DIFFERENCE,False,True,True,True,True,False,True,R99 gate not promoted to runtime — audit-only,,
TUHO-WIND-1,co2_cit_bridge,7,7,3185.05,0.00,-3185.05,100.0000,EXPECTED_GATE_DIFFERENCE,False,True,True,True,True,False,True,R99 gate not promoted to runtime — audit-only,,
TUHO-WIND-1,co2_cit_bridge,8,8,3179.22,0.00,-3179.22,100.0000,EXPECTED_GATE_DIFFERENCE,False,True,True,True,True,False,True,R99 gate not promoted to runtime — audit-only,,
TUHO-WIND-1,co2_cit_bridge,9,9,3231.91,0.00,-3231.91,100.0000,EXPECTED_GATE_DIFFERENCE,False,True,True,True,True,False,True,R99 gate not promoted to runtime — audit-only,,
TUHO-WIND-1,co2_cit_bridge,10,10,3210.04,0.00,-3210.04,100.0000,EXPECTED_GATE_DIFFERENCE,False,True,True,True,True,False,True,R99 gate not promoted to runtime — audit-only,,
TUHO-WIND-1,co2_cit_bridge,11,11,3263.25,0.00,-3263.25,100.0000,EXPECTED_GATE_DIFFERENCE,False,True,True,True,True,False,True,R99 gate not promoted to runtime — audit-only,,
TUHO-WIND-1,co2_cit_bridge,12,12,3272.21,0.00,-3272.21,100.0000,EXPECTED_GATE_DIFFERENCE,False,True,True,True,True,False,True,R99 gate not promoted to runtime — audit-only,,
TUHO-WIND-1,co2_cit_bridge,13,13,3168.72,0.00,-3168.72,100.0000,EXPECTED_GATE_DIFFERENCE,False,True,True,True,True,False,True,R99 gate not promoted to runtime — audit-only,,
TUHO-WIND-1,co2_cit_bridge,14,14,3341.23,0.00,-3341.23,100.0000,EXPECTED_GATE_DIFFERENCE,False,True,True,True,True,False,True,R99 gate not promoted to runtime — audit-only,,
TUHO-WIND-1,co2_cit_bridge,15,15,3141.35,0.00,-3141.35,100.0000,EXPECTED_GATE_DIFFERENCE,False,True,True,True,True,True,True,R99 gate not promoted to runtime — audit-only,,
TUHO-WIND-1,co2_cit_bridge,16,16,3396.59,0.00,-3396.59,100.0000,EXPECTED_GATE_DIFFERENCE,False,True,True,True,True,True,True,R99 gate not promoted to runtime — audit-only,,
TUHO-WIND-1,co2_cit_bridge,17,17,3210.27,0.00,-3210.27,100.0000,EXPECTED_GATE_DIFFERENCE,False,True,True,True,True,True,True,R99 gate not promoted to runtime — audit-only,,
TUHO-WIND-1,co2_cit_bridge,18,18,3466.06,0.00,-3466.06,100.0000,EXPECTED_GATE_DIFFERENCE,False,True,True,True,True,True,True,R99 gate not promoted to runtime — audit-only,,
TUHO-WIND-1,co2_cit_bridge,19,19,3274.52,0.00,-3274.52,100.0000,EXPECTED_GATE_DIFFERENCE,False,True,True,True,True,True,True,R99 gate not promoted to runtime — audit-only,,
TUHO-WIND-1,co2_cit_bridge,20,20,3533.18,0.00,-3533.18,100.0000,EXPECTED_GATE_DIFFERENCE,False,True,True,True,True,True,True,R99 gate not promoted to runtime — audit-only,,
TUHO-WIND-1,co2_cit_bridge,21,21,3336.29,0.00,-3336.29,100.0000,EXPECTED_GATE_DIFFERENCE,False,True,True,True,True,True,True,R99 gate not promoted to runtime — audit-only,,
TUHO-WIND-1,co2_cit_bridge,22,22,3607.95,0.00,-3607.95,100.0000,EXPECTED_GATE_DIFFERENCE,False,True,True,True,True,True,True,R99 gate not promoted to runtime — audit-only,,
TUHO-WIND-1,co2_cit_bridge,23,23,3386.98,0.00,-3386.98,100.0000,EXPECTED_GATE_DIFFERENCE,False,True,True,True,True,True,True,R99 gate not promoted to runtime — audit-only,,
TUHO-WIND-1,co2_cit_bridge,24,24,3667.64,0.00,-3667.64,100.0000,EXPECTED_GATE_DIFFERENCE,False,True,True,True,True,True,True,R99 gate not promoted to runtime — audit-only,,
TUHO-WIND-1,co2_cit_bridge,25,25,3461.18,0.00,-3461.18,100.0000,EXPECTED_GATE_DIFFERENCE,False,True,True,True,True,True,True,R99 gate not promoted to runtime — audit-only,,
TUHO-WIND-1,co2_cit_bridge,26,26,6140.28,0.00,-6140.28,100.0000,EXPECTED_GATE_DIFFERENCE,False,True,True,True,True,True,True,R99 gate not promoted to runtime — audit-only,,
TUHO-WIND-1,co2_cit_bridge,27,27,5724.15,0.00,-5724.15,100.0000,EXPECTED_GATE_DIFFERENCE,False,True,True,True,True,True,True,R99 gate not promoted to runtime — audit-only,,
TUHO-WIND-1,co2_cit_bridge,28,28,6115.46,0.00,-6115.46,100.0000,EXPECTED_GATE_DIFFERENCE,False,True,True,True,True,True,True,R99 gate not promoted to runtime — audit-only,,
TUHO-WIND-1,co2_cit_bridge,29,29,5702.17,0.00,-5702.17,100.0000,EXPECTED_GATE_DIFFERENCE,False,True,True,True,True,True,True,R99 gate not promoted to runtime — audit-only,,
TUHO-WIND-1,co2_cit_bridge,30,30,6187.85,0.00,-6187.85,100.0000,EXPECTED_GATE_DIFFERENCE,False,True,True,True,True,True,True,R99 gate not promoted to runtime — audit-only,,
TUHO-WIND-1,co2_cit_bridge,31,31,5737.70,0.00,-5737.70,100.0000,EXPECTED_GATE_DIFFERENCE,False,True,True,True,True,True,True,R99 gate not promoted to runtime — audit-only,,
TUHO-WIND-1,co2_cit_bridge,32,32,6221.79,0.00,-6221.79,100.0000,EXPECTED_GATE_DIFFERENCE,False,True,True,True,True,True,True,R99 gate not promoted to runtime — audit-only,,
TUHO-WIND-1,co2_cit_bridge,33,33,5800.95,0.00,-5800.95,100.0000,EXPECTED_GATE_DIFFERENCE,False,True,True,True,True,True,True,R99 gate not promoted to runtime — audit-only,,
TUHO-WIND-1,co2_cit_bridge,34,34,6419.49,0.00,-6419.49,100.0000,EXPECTED_GATE_DIFFERENCE,False,True,True,True,True,True,True,R99 gate not promoted to runtime — audit-only,,
TUHO-WIND-1,co2_cit_bridge,35,35,5982.53,0.00,-5982.53,100.0000,EXPECTED_GATE_DIFFERENCE,False,True,True,True,True,True,True,R99 gate not promoted to runtime — audit-only,,
TUHO-WIND-1,co2_cit_bridge,36,36,6570.29,0.00,-6570.29,100.0000,EXPECTED_GATE_DIFFERENCE,False,True,True,True,True,True,True,R99 gate not promoted to runtime — audit-only,,
TUHO-WIND-1,co2_cit_bridge,37,37,6121.24,0.00,-6121.24,100.0000,EXPECTED_GATE_DIFFERENCE,False,True,True,True,True,True,True,R99 gate not promoted to runtime — audit-only,,
TUHO-WIND-1,co2_cit_bridge,38,38,6735.89,0.00,-6735.89,100.0000,EXPECTED_GATE_DIFFERENCE,False,True,True,True,True,True,True,R99 gate not promoted to runtime — audit-only,,
TUHO-WIND-1,co2_cit_bridge,39,39,6238.93,0.00,-6238.93,100.0000,EXPECTED_GATE_DIFFERENCE,False,True,True,True,True,True,True,R99 gate not promoted to runtime — audit-only,,
TUHO-WIND-1,co2_cit_bridge,40,40,6868.64,0.00,-6868.64,100.0000,EXPECTED_GATE_DIFFERENCE,False,True,True,True,True,True,True,R99 gate not promoted to runtime — audit-only,,
TUHO-WIND-1,co2_cit_bridge,41,41,6395.33,0.00,-6395.33,100.0000,EXPECTED_GATE_DIFFERENCE,False,True,True,True,True,True,True,R99 gate not promoted to runtime — audit-only,,
TUHO-WIND-1,co2_cit_bridge,42,42,7018.60,0.00,-7018.60,100.0000,EXPECTED_GATE_DIFFERENCE,False,True,True,True,True,True,True,R99 gate not promoted to runtime — audit-only,,
TUHO-WIND-1,co2_cit_bridge,43,43,6532.88,0.00,-6532.88,100.0000,EXPECTED_GATE_DIFFERENCE,False,True,True,True,True,True,True,R99 gate not promoted to runtime — audit-only,,
TUHO-WIND-1,co2_cit_bridge,44,44,7168.19,0.00,-7168.19,100.0000,EXPECTED_GATE_DIFFERENCE,False,True,True,True,True,True,True,R99 gate not promoted to runtime — audit-only,,
TUHO-WIND-1,co2_cit_bridge,45,45,6670.11,0.00,-6670.11,100.0000,EXPECTED_GATE_DIFFERENCE,False,True,True,True,True,True,True,R99 gate not promoted to runtime — audit-only,,
TUHO-WIND-1,co2_cit_bridge,46,46,7375.59,0.00,-7375.59,100.0000,EXPECTED_GATE_DIFFERENCE,False,True,True,True,True,True,True,R99 gate not promoted to runtime — audit-only,,
TUHO-WIND-1,co2_cit_bridge,47,47,6822.82,0.00,-6822.82,100.0000,EXPECTED_GATE_DIFFERENCE,False,True,True,True,True,True,True,R99 gate not promoted to runtime — audit-only,,
TUHO-WIND-1,co2_cit_bridge,48,48,7485.20,0.00,-7485.20,100.0000,EXPECTED_GATE_DIFFERENCE,False,True,True,True,True,True,True,R99 gate not promoted to runtime — audit-only,,
TUHO-WIND-1,co2_cit_bridge,49,49,6960.90,0.00,-6960.90,100.0000,EXPECTED_GATE_DIFFERENCE,False,True,True,True,True,True,True,R99 gate not promoted to runtime — audit-only,,
TUHO-WIND-1,co2_cit_bridge,50,50,7616.44,0.00,-7616.44,100.0000,EXPECTED_GATE_DIFFERENCE,False,True,True,True,True,True,True,R99 gate not promoted to runtime — audit-only,,
TUHO-WIND-1,co2_cit_bridge,51,51,7081.32,0.00,-7081.32,100.0000,EXPECTED_GATE_DIFFERENCE,False,True,True,True,True,True,True,R99 gate not promoted to runtime — audit-only,,
TUHO-WIND-1,co2_cit_bridge,52,52,7804.73,0.00,-7804.73,100.0000,EXPECTED_GATE_DIFFERENCE,False,True,True,True,True,True,True,R99 gate not promoted to runtime — audit-only,,
TUHO-WIND-1,co2_cit_bridge,53,53,7253.59,0.00,-7253.59,100.0000,EXPECTED_GATE_DIFFERENCE,False,True,True,True,True,True,True,R99 gate not promoted to runtime — audit-only,,
TUHO-WIND-1,co2_cit_bridge,54,54,7951.81,0.00,-7951.81,100.0000,EXPECTED_GATE_DIFFERENCE,False,True,True,True,True,True,True,R99 gate not promoted to runtime — audit-only,,
TUHO-WIND-1,co2_cit_bridge,55,55,7347.85,0.00,-7347.85,100.0000,EXPECTED_GATE_DIFFERENCE,False,True,True,True,True,True,True,R99 gate not promoted to runtime — audit-only,,
TUHO-WIND-1,co2_cit_bridge,56,56,8017.06,0.00,-8017.06,100.0000,EXPECTED_GATE_DIFFERENCE,False,True,True,True,True,True,True,R99 gate not promoted to runtime — audit-only,,
TUHO-WIND-1,co2_cit_bridge,57,57,7448.24,0.00,-7448.24,100.0000,EXPECTED_GATE_DIFFERENCE,False,True,True,True,True,True,True,R99 gate not promoted to runtime — audit-only,,
TUHO-WIND-1,co2_cit_bridge,58,58,8093.73,0.00,-8093.73,100.0000,EXPECTED_GATE_DIFFERENCE,False,True,True,True,True,True,True,R99 gate not promoted to runtime — audit-only,,
TUHO-WIND-1,co2_cit_bridge,59,59,7518.37,0.00,-7518.37,100.0000,EXPECTED_GATE_DIFFERENCE,False,True,True,True,True,True,True,R99 gate not promoted to runtime — audit-only,,
TUHO-WIND-1,co2_cit_bridge,60,60,8114.09,0.00,-8114.09,100.0000,EXPECTED_GATE_DIFFERENCE,False,True,True,True,True,True,True,R99 gate not promoted to runtime — audit-only,,
TUHO-WIND-1,co2_cit_bridge,61,61,7537.36,0.00,-7537.36,100.0000,EXPECTED_GATE_DIFFERENCE,False,True,True,True,True,True,True,R99 gate not promoted to runtime — audit-only,,
TUHO-WIND-1,co2_cit_bridge,62,62,56.12,0.00,-56.12,100.0000,EXPECTED_GATE_DIFFERENCE,False,True,True,True,True,True,True,R99 gate not promoted to runtime — audit-only,,
TUHO-WIND-1,shl+co2_revenue,2,2,3373.09,0.00,-3373.09,100.0000,EXPECTED_GATE_DIFFERENCE,False,True,True,True,True,False,True,R99 gate not promoted to runtime — audit-only,,
TUHO-WIND-1,shl+co2_revenue,3,3,3428.99,0.00,-3428.99,100.0000,EXPECTED_GATE_DIFFERENCE,False,True,True,True,True,False,True,R99 gate not promoted to runtime — audit-only,,
TUHO-WIND-1,shl+co2_revenue,4,4,3378.78,0.00,-3378.78,100.0000,EXPECTED_GATE_DIFFERENCE,False,True,True,True,True,False,True,R99 gate not promoted to runtime — audit-only,,
TUHO-WIND-1,shl+co2_revenue,5,5,3434.78,0.00,-3434.78,100.0000,EXPECTED_GATE_DIFFERENCE,False,True,True,True,True,False,True,R99 gate not promoted to runtime — audit-only,,
TUHO-WIND-1,shl+co2_revenue,6,6,3395.03,0.00,-3395.03,100.0000,EXPECTED_GATE_DIFFERENCE,False,True,True,True,True,False,True,R99 gate not promoted to runtime — audit-only,,
TUHO-WIND-1,shl+co2_revenue,7,7,3432.33,0.00,-3432.33,100.0000,EXPECTED_GATE_DIFFERENCE,False,True,True,True,True,False,True,R99 gate not promoted to runtime — audit-only,,
TUHO-WIND-1,shl+co2_revenue,8,8,3393.64,0.00,-3393.64,100.0000,EXPECTED_GATE_DIFFERENCE,False,True,True,True,True,False,True,R99 gate not promoted to runtime — audit-only,,
TUHO-WIND-1,shl+co2_revenue,9,9,3449.89,0.00,-3449.89,100.0000,EXPECTED_GATE_DIFFERENCE,False,True,True,True,True,False,True,R99 gate not promoted to runtime — audit-only,,
TUHO-WIND-1,shl+co2_revenue,10,10,3387.11,0.00,-3387.11,100.0000,EXPECTED_GATE_DIFFERENCE,False,True,True,True,True,False,True,R99 gate not promoted to runtime — audit-only,,
TUHO-WIND-1,shl+co2_revenue,11,11,3443.25,0.00,-3443.25,100.0000,EXPECTED_GATE_DIFFERENCE,False,True,True,True,True,False,True,R99 gate not promoted to runtime — audit-only,,
TUHO-WIND-1,shl+co2_revenue,12,12,3442.04,0.00,-3442.04,100.0000,EXPECTED_GATE_DIFFERENCE,False,True,True,True,True,False,True,R99 gate not promoted to runtime — audit-only,,
TUHO-WIND-1,shl+co2_revenue,13,13,3307.12,0.00,-3307.12,100.0000,EXPECTED_GATE_DIFFERENCE,False,True,True,True,True,False,True,R99 gate not promoted to runtime — audit-only,,
TUHO-WIND-1,shl+co2_revenue,14,14,3500.67,0.00,-3500.67,100.0000,EXPECTED_GATE_DIFFERENCE,False,True,True,True,True,False,True,R99 gate not promoted to runtime — audit-only,,
TUHO-WIND-1,shl+co2_revenue,15,15,3303.69,0.00,-3303.69,100.0000,EXPECTED_GATE_DIFFERENCE,False,True,True,True,True,True,True,R99 gate not promoted to runtime — audit-only,,
TUHO-WIND-1,shl+co2_revenue,16,16,3548.36,0.00,-3548.36,100.0000,EXPECTED_GATE_DIFFERENCE,False,True,True,True,True,True,True,R99 gate not promoted to runtime — audit-only,,
TUHO-WIND-1,shl+co2_revenue,17,17,3365.24,0.00,-3365.24,100.0000,EXPECTED_GATE_DIFFERENCE,False,True,True,True,True,True,True,R99 gate not promoted to runtime — audit-only,,
TUHO-WIND-1,shl+co2_revenue,18,18,3614.22,0.00,-3614.22,100.0000,EXPECTED_GATE_DIFFERENCE,False,True,True,True,True,True,True,R99 gate not promoted to runtime — audit-only,,
TUHO-WIND-1,shl+co2_revenue,19,19,3425.50,0.00,-3425.50,100.0000,EXPECTED_GATE_DIFFERENCE,False,True,True,True,True,True,True,R99 gate not promoted to runtime — audit-only,,
TUHO-WIND-1,shl+co2_revenue,20,20,3674.11,0.00,-3674.11,100.0000,EXPECTED_GATE_DIFFERENCE,False,True,True,True,True,True,True,R99 gate not promoted to runtime — audit-only,,
TUHO-WIND-1,shl+co2_revenue,21,21,3480.29,0.00,-3480.29,100.0000,EXPECTED_GATE_DIFFERENCE,False,True,True,True,True,True,True,R99 gate not promoted to runtime — audit-only,,
TUHO-WIND-1,shl+co2_revenue,22,22,3738.40,0.00,-3738.40,100.0000,EXPECTED_GATE_DIFFERENCE,False,True,True,True,True,True,True,R99 gate not promoted to runtime — audit-only,,
TUHO-WIND-1,shl+co2_revenue,23,23,3520.00,0.00,-3520.00,100.0000,EXPECTED_GATE_DIFFERENCE,False,True,True,True,True,True,True,R99 gate not promoted to runtime — audit-only,,
TUHO-WIND-1,shl+co2_revenue,24,24,3790.50,0.00,-3790.50,100.0000,EXPECTED_GATE_DIFFERENCE,False,True,True,True,True,True,True,R99 gate not promoted to runtime — audit-only,,
TUHO-WIND-1,shl+co2_revenue,25,25,3586.78,0.00,-3586.78,100.0000,EXPECTED_GATE_DIFFERENCE,False,True,True,True,True,True,True,R99 gate not promoted to runtime — audit-only,,
TUHO-WIND-1,shl+co2_revenue,26,26,6255.92,0.00,-6255.92,100.0000,EXPECTED_GATE_DIFFERENCE,False,True,True,True,True,True,True,R99 gate not promoted to runtime — audit-only,,
TUHO-WIND-1,shl+co2_revenue,27,27,5842.43,0.00,-5842.43,100.0000,EXPECTED_GATE_DIFFERENCE,False,True,True,True,True,True,True,R99 gate not promoted to runtime — audit-only,,
TUHO-WIND-1,shl+co2_revenue,28,28,6223.86,0.00,-6223.86,100.0000,EXPECTED_GATE_DIFFERENCE,False,True,True,True,True,True,True,R99 gate not promoted to runtime — audit-only,,
TUHO-WIND-1,shl+co2_revenue,29,29,5813.11,0.00,-5813.11,100.0000,EXPECTED_GATE_DIFFERENCE,False,True,True,True,True,True,True,R99 gate not promoted to runtime — audit-only,,
TUHO-WIND-1,shl+co2_revenue,30,30,6289.31,0.00,-6289.31,100.0000,EXPECTED_GATE_DIFFERENCE,False,True,True,True,True,True,True,R99 gate not promoted to runtime — audit-only,,
TUHO-WIND-1,shl+co2_revenue,31,31,5841.04,0.00,-5841.04,100.0000,EXPECTED_GATE_DIFFERENCE,False,True,True,True,True,True,True,R99 gate not promoted to runtime — audit-only,,
TUHO-WIND-1,shl+co2_revenue,32,32,6315.74,0.00,-6315.74,100.0000,EXPECTED_GATE_DIFFERENCE,False,True,True,True,True,True,True,R99 gate not promoted to runtime — audit-only,,
TUHO-WIND-1,shl+co2_revenue,33,33,5897.17,0.00,-5897.17,100.0000,EXPECTED_GATE_DIFFERENCE,False,True,True,True,True,True,True,R99 gate not promoted to runtime — audit-only,,
TUHO-WIND-1,shl+co2_revenue,34,34,6506.21,0.00,-6506.21,100.0000,EXPECTED_GATE_DIFFERENCE,False,True,True,True,True,True,True,R99 gate not promoted to runtime — audit-only,,
TUHO-WIND-1,shl+co2_revenue,35,35,6071.43,0.00,-6071.43,100.0000,EXPECTED_GATE_DIFFERENCE,False,True,True,True,True,True,True,R99 gate not promoted to runtime — audit-only,,
TUHO-WIND-1,shl+co2_revenue,36,36,6653.40,0.00,-6653.40,100.0000,EXPECTED_GATE_DIFFERENCE,False,True,True,True,True,True,True,R99 gate not promoted to runtime — audit-only,,
TUHO-WIND-1,shl+co2_revenue,37,37,6206.10,0.00,-6206.10,100.0000,EXPECTED_GATE_DIFFERENCE,False,True,True,True,True,True,True,R99 gate not promoted to runtime — audit-only,,
TUHO-WIND-1,shl+co2_revenue,38,38,6811.99,0.00,-6811.99,100.0000,EXPECTED_GATE_DIFFERENCE,False,True,True,True,True,True,True,R99 gate not promoted to runtime — audit-only,,
TUHO-WIND-1,shl+co2_revenue,39,39,6316.62,0.00,-6316.62,100.0000,EXPECTED_GATE_DIFFERENCE,False,True,True,True,True,True,True,R99 gate not promoted to runtime — audit-only,,
TUHO-WIND-1,shl+co2_revenue,40,40,6940.91,0.00,-6940.91,100.0000,EXPECTED_GATE_DIFFERENCE,False,True,True,True,True,True,True,R99 gate not promoted to runtime — audit-only,,
TUHO-WIND-1,shl+co2_revenue,41,41,6469.14,0.00,-6469.14,100.0000,EXPECTED_GATE_DIFFERENCE,False,True,True,True,True,True,True,R99 gate not promoted to runtime — audit-only,,
TUHO-WIND-1,shl+co2_revenue,42,42,7087.26,0.00,-7087.26,100.0000,EXPECTED_GATE_DIFFERENCE,False,True,True,True,True,True,True,R99 gate not promoted to runtime — audit-only,,
TUHO-WIND-1,shl+co2_revenue,43,43,6603.04,0.00,-6603.04,100.0000,EXPECTED_GATE_DIFFERENCE,False,True,True,True,True,True,True,R99 gate not promoted to runtime — audit-only,,
TUHO-WIND-1,shl+co2_revenue,44,44,7233.23,0.00,-7233.23,100.0000,EXPECTED_GATE_DIFFERENCE,False,True,True,True,True,True,True,R99 gate not promoted to runtime — audit-only,,
TUHO-WIND-1,shl+co2_revenue,45,45,6736.60,0.00,-6736.60,100.0000,EXPECTED_GATE_DIFFERENCE,False,True,True,True,True,True,True,R99 gate not promoted to runtime — audit-only,,
TUHO-WIND-1,shl+co2_revenue,46,46,7437.19,0.00,-7437.19,100.0000,EXPECTED_GATE_DIFFERENCE,False,True,True,True,True,True,True,R99 gate not promoted to runtime — audit-only,,
TUHO-WIND-1,shl+co2_revenue,47,47,6885.49,0.00,-6885.49,100.0000,EXPECTED_GATE_DIFFERENCE,False,True,True,True,True,True,True,R99 gate not promoted to runtime — audit-only,,
TUHO-WIND-1,shl+co2_revenue,48,48,7543.02,0.00,-7543.02,100.0000,EXPECTED_GATE_DIFFERENCE,False,True,True,True,True,True,True,R99 gate not promoted to runtime — audit-only,,
TUHO-WIND-1,shl+co2_revenue,49,49,7020.03,0.00,-7020.03,100.0000,EXPECTED_GATE_DIFFERENCE,False,True,True,True,True,True,True,R99 gate not promoted to runtime — audit-only,,
TUHO-WIND-1,shl+co2_revenue,50,50,7674.26,0.00,-7674.26,100.0000,EXPECTED_GATE_DIFFERENCE,False,True,True,True,True,True,True,R99 gate not promoted to runtime — audit-only,,
TUHO-WIND-1,shl+co2_revenue,51,51,7140.10,0.00,-7140.10,100.0000,EXPECTED_GATE_DIFFERENCE,False,True,True,True,True,True,True,R99 gate not promoted to runtime — audit-only,,
TUHO-WIND-1,shl+co2_revenue,52,52,7862.55,0.00,-7862.55,100.0000,EXPECTED_GATE_DIFFERENCE,False,True,True,True,True,True,True,R99 gate not promoted to runtime — audit-only,,
TUHO-WIND-1,shl+co2_revenue,53,53,7312.37,0.00,-7312.37,100.0000,EXPECTED_GATE_DIFFERENCE,False,True,True,True,True,True,True,R99 gate not promoted to runtime — audit-only,,
TUHO-WIND-1,shl+co2_revenue,54,54,8006.16,0.00,-8006.16,100.0000,EXPECTED_GATE_DIFFERENCE,False,True,True,True,True,True,True,R99 gate not promoted to runtime — audit-only,,
TUHO-WIND-1,shl+co2_revenue,55,55,7403.19,0.00,-7403.19,100.0000,EXPECTED_GATE_DIFFERENCE,False,True,True,True,True,True,True,R99 gate not promoted to runtime — audit-only,,
TUHO-WIND-1,shl+co2_revenue,56,56,8071.27,0.00,-8071.27,100.0000,EXPECTED_GATE_DIFFERENCE,False,True,True,True,True,True,True,R99 gate not promoted to runtime — audit-only,,
TUHO-WIND-1,shl+co2_revenue,57,57,7503.33,0.00,-7503.33,100.0000,EXPECTED_GATE_DIFFERENCE,False,True,True,True,True,True,True,R99 gate not promoted to runtime — audit-only,,
TUHO-WIND-1,shl+co2_revenue,58,58,8144.32,0.00,-8144.32,100.0000,EXPECTED_GATE_DIFFERENCE,False,True,True,True,True,True,True,R99 gate not promoted to runtime — audit-only,,
TUHO-WIND-1,shl+co2_revenue,59,59,7570.16,0.00,-7570.16,100.0000,EXPECTED_GATE_DIFFERENCE,False,True,True,True,True,True,True,R99 gate not promoted to runtime — audit-only,,
TUHO-WIND-1,shl+co2_revenue,60,60,8164.68,0.00,-8164.68,100.0000,EXPECTED_GATE_DIFFERENCE,False,True,True,True,True,True,True,R99 gate not promoted to runtime — audit-only,,
TUHO-WIND-1,shl+co2_revenue,61,61,7588.79,0.00,-7588.79,100.0000,EXPECTED_GATE_DIFFERENCE,False,True,True,True,True,True,True,R99 gate not promoted to runtime — audit-only,,
TUHO-WIND-1,shl+co2_revenue,62,62,56.12,0.00,-56.12,100.0000,EXPECTED_GATE_DIFFERENCE,False,True,True,True,True,True,True,R99 gate not promoted to runtime — audit-only,,
TUHO-WIND-1,deprec+co2_revenue,2,2,3373.09,0.00,-3373.09,100.0000,EXPECTED_GATE_DIFFERENCE,False,True,True,True,True,False,True,R99 gate not promoted to runtime — audit-only,,
TUHO-WIND-1,deprec+co2_revenue,3,3,3428.99,0.00,-3428.99,100.0000,EXPECTED_GATE_DIFFERENCE,False,True,True,True,True,False,True,R99 gate not promoted to runtime — audit-only,,
TUHO-WIND-1,deprec+co2_revenue,4,4,3378.78,0.00,-3378.78,100.0000,EXPECTED_GATE_DIFFERENCE,False,True,True,True,True,False,True,R99 gate not promoted to runtime — audit-only,,
TUHO-WIND-1,deprec+co2_revenue,5,5,3434.78,0.00,-3434.78,100.0000,EXPECTED_GATE_DIFFERENCE,False,True,True,True,True,False,True,R99 gate not promoted to runtime — audit-only,,
TUHO-WIND-1,deprec+co2_revenue,6,6,3395.03,0.00,-3395.03,100.0000,EXPECTED_GATE_DIFFERENCE,False,True,True,True,True,False,True,R99 gate not promoted to runtime — audit-only,,
TUHO-WIND-1,deprec+co2_revenue,7,7,3432.33,0.00,-3432.33,100.0000,EXPECTED_GATE_DIFFERENCE,False,True,True,True,True,False,True,R99 gate not promoted to runtime — audit-only,,
TUHO-WIND-1,deprec+co2_revenue,8,8,3393.64,0.00,-3393.64,100.0000,EXPECTED_GATE_DIFFERENCE,False,True,True,True,True,False,True,R99 gate not promoted to runtime — audit-only,,
TUHO-WIND-1,deprec+co2_revenue,9,9,3449.89,0.00,-3449.89,100.0000,EXPECTED_GATE_DIFFERENCE,False,True,True,True,True,False,True,R99 gate not promoted to runtime — audit-only,,
TUHO-WIND-1,deprec+co2_revenue,10,10,3387.11,0.00,-3387.11,100.0000,EXPECTED_GATE_DIFFERENCE,False,True,True,True,True,False,True,R99 gate not promoted to runtime — audit-only,,
TUHO-WIND-1,deprec+co2_revenue,11,11,3443.25,0.00,-3443.25,100.0000,EXPECTED_GATE_DIFFERENCE,False,True,True,True,True,False,True,R99 gate not promoted to runtime — audit-only,,
TUHO-WIND-1,deprec+co2_revenue,12,12,3442.04,0.00,-3442.04,100.0000,EXPECTED_GATE_DIFFERENCE,False,True,True,True,True,False,True,R99 gate not promoted to runtime — audit-only,,
TUHO-WIND-1,deprec+co2_revenue,13,13,3307.12,0.00,-3307.12,100.0000,EXPECTED_GATE_DIFFERENCE,False,True,True,True,True,False,True,R99 gate not promoted to runtime — audit-only,,
TUHO-WIND-1,deprec+co2_revenue,14,14,3500.67,0.00,-3500.67,100.0000,EXPECTED_GATE_DIFFERENCE,False,True,True,True,True,False,True,R99 gate not promoted to runtime — audit-only,,
TUHO-WIND-1,deprec+co2_revenue,15,15,3303.69,0.00,-3303.69,100.0000,EXPECTED_GATE_DIFFERENCE,False,True,True,True,True,True,True,R99 gate not promoted to runtime — audit-only,,
TUHO-WIND-1,deprec+co2_revenue,16,16,3548.36,0.00,-3548.36,100.0000,EXPECTED_GATE_DIFFERENCE,False,True,True,True,True,True,True,R99 gate not promoted to runtime — audit-only,,
TUHO-WIND-1,deprec+co2_revenue,17,17,3365.24,0.00,-3365.24,100.0000,EXPECTED_GATE_DIFFERENCE,False,True,True,True,True,True,True,R99 gate not promoted to runtime — audit-only,,
TUHO-WIND-1,deprec+co2_revenue,18,18,3614.22,0.00,-3614.22,100.0000,EXPECTED_GATE_DIFFERENCE,False,True,True,True,True,True,True,R99 gate not promoted to runtime — audit-only,,
TUHO-WIND-1,deprec+co2_revenue,19,19,3425.50,0.00,-3425.50,100.0000,EXPECTED_GATE_DIFFERENCE,False,True,True,True,True,True,True,R99 gate not promoted to runtime — audit-only,,
TUHO-WIND-1,deprec+co2_revenue,20,20,3674.11,0.00,-3674.11,100.0000,EXPECTED_GATE_DIFFERENCE,False,True,True,True,True,True,True,R99 gate not promoted to runtime — audit-only,,
TUHO-WIND-1,deprec+co2_revenue,21,21,3480.29,0.00,-3480.29,100.0000,EXPECTED_GATE_DIFFERENCE,False,True,True,True,True,True,True,R99 gate not promoted to runtime — audit-only,,
TUHO-WIND-1,deprec+co2_revenue,22,22,3738.40,0.00,-3738.40,100.0000,EXPECTED_GATE_DIFFERENCE,False,True,True,True,True,True,True,R99 gate not promoted to runtime — audit-only,,
TUHO-WIND-1,deprec+co2_revenue,23,23,3520.00,0.00,-3520.00,100.0000,EXPECTED_GATE_DIFFERENCE,False,True,True,True,True,True,True,R99 gate not promoted to runtime — audit-only,,
TUHO-WIND-1,deprec+co2_revenue,24,24,3790.50,0.00,-3790.50,100.0000,EXPECTED_GATE_DIFFERENCE,False,True,True,True,True,True,True,R99 gate not promoted to runtime — audit-only,,
TUHO-WIND-1,deprec+co2_revenue,25,25,3586.78,0.00,-3586.78,100.0000,EXPECTED_GATE_DIFFERENCE,False,True,True,True,True,True,True,R99 gate not promoted to runtime — audit-only,,
TUHO-WIND-1,deprec+co2_revenue,26,26,6255.92,0.00,-6255.92,100.0000,EXPECTED_GATE_DIFFERENCE,False,True,True,True,True,True,True,R99 gate not promoted to runtime — audit-only,,
TUHO-WIND-1,deprec+co2_revenue,27,27,5842.43,0.00,-5842.43,100.0000,EXPECTED_GATE_DIFFERENCE,False,True,True,True,True,True,True,R99 gate not promoted to runtime — audit-only,,
TUHO-WIND-1,deprec+co2_revenue,28,28,6223.86,0.00,-6223.86,100.0000,EXPECTED_GATE_DIFFERENCE,False,True,True,True,True,True,True,R99 gate not promoted to runtime — audit-only,,
TUHO-WIND-1,deprec+co2_revenue,29,29,5813.11,0.00,-5813.11,100.0000,EXPECTED_GATE_DIFFERENCE,False,True,True,True,True,True,True,R99 gate not promoted to runtime — audit-only,,
TUHO-WIND-1,deprec+co2_revenue,30,30,6289.31,0.00,-6289.31,100.0000,EXPECTED_GATE_DIFFERENCE,False,True,True,True,True,True,True,R99 gate not promoted to runtime — audit-only,,
TUHO-WIND-1,deprec+co2_revenue,31,31,5841.04,0.00,-5841.04,100.0000,EXPECTED_GATE_DIFFERENCE,False,True,True,True,True,True,True,R99 gate not promoted to runtime — audit-only,,
TUHO-WIND-1,deprec+co2_revenue,32,32,6315.74,0.00,-6315.74,100.0000,EXPECTED_GATE_DIFFERENCE,False,True,True,True,True,True,True,R99 gate not promoted to runtime — audit-only,,
TUHO-WIND-1,deprec+co2_revenue,33,33,5897.17,0.00,-5897.17,100.0000,EXPECTED_GATE_DIFFERENCE,False,True,True,True,True,True,True,R99 gate not promoted to runtime — audit-only,,
TUHO-WIND-1,deprec+co2_revenue,34,34,6506.21,0.00,-6506.21,100.0000,EXPECTED_GATE_DIFFERENCE,False,True,True,True,True,True,True,R99 gate not promoted to runtime — audit-only,,
TUHO-WIND-1,deprec+co2_revenue,35,35,6071.43,0.00,-6071.43,100.0000,EXPECTED_GATE_DIFFERENCE,False,True,True,True,True,True,True,R99 gate not promoted to runtime — audit-only,,
TUHO-WIND-1,deprec+co2_revenue,36,36,6653.40,0.00,-6653.40,100.0000,EXPECTED_GATE_DIFFERENCE,False,True,True,True,True,True,True,R99 gate not promoted to runtime — audit-only,,
TUHO-WIND-1,deprec+co2_revenue,37,37,6206.10,0.00,-6206.10,100.0000,EXPECTED_GATE_DIFFERENCE,False,True,True,True,True,True,True,R99 gate not promoted to runtime — audit-only,,
TUHO-WIND-1,deprec+co2_revenue,38,38,6811.99,0.00,-6811.99,100.0000,EXPECTED_GATE_DIFFERENCE,False,True,True,True,True,True,True,R99 gate not promoted to runtime — audit-only,,
TUHO-WIND-1,deprec+co2_revenue,39,39,6316.62,0.00,-6316.62,100.0000,EXPECTED_GATE_DIFFERENCE,False,True,True,True,True,True,True,R99 gate not promoted to runtime — audit-only,,
TUHO-WIND-1,deprec+co2_revenue,40,40,6940.91,0.00,-6940.91,100.0000,EXPECTED_GATE_DIFFERENCE,False,True,True,True,True,True,True,R99 gate not promoted to runtime — audit-only,,
TUHO-WIND-1,deprec+co2_revenue,41,41,6469.14,0.00,-6469.14,100.0000,EXPECTED_GATE_DIFFERENCE,False,True,True,True,True,True,True,R99 gate not promoted to runtime — audit-only,,
TUHO-WIND-1,deprec+co2_revenue,42,42,7087.26,0.00,-7087.26,100.0000,EXPECTED_GATE_DIFFERENCE,False,True,True,True,True,True,True,R99 gate not promoted to runtime — audit-only,,
TUHO-WIND-1,deprec+co2_revenue,43,43,6603.04,0.00,-6603.04,100.0000,EXPECTED_GATE_DIFFERENCE,False,True,True,True,True,True,True,R99 gate not promoted to runtime — audit-only,,
TUHO-WIND-1,deprec+co2_revenue,44,44,7233.23,0.00,-7233.23,100.0000,EXPECTED_GATE_DIFFERENCE,False,True,True,True,True,True,True,R99 gate not promoted to runtime — audit-only,,
TUHO-WIND-1,deprec+co2_revenue,45,45,6736.60,0.00,-6736.60,100.0000,EXPECTED_GATE_DIFFERENCE,False,True,True,True,True,True,True,R99 gate not promoted to runtime — audit-only,,
TUHO-WIND-1,deprec+co2_revenue,46,46,7437.19,0.00,-7437.19,100.0000,EXPECTED_GATE_DIFFERENCE,False,True,True,True,True,True,True,R99 gate not promoted to runtime — audit-only,,
TUHO-WIND-1,deprec+co2_revenue,47,47,6885.49,0.00,-6885.49,100.0000,EXPECTED_GATE_DIFFERENCE,False,True,True,True,True,True,True,R99 gate not promoted to runtime — audit-only,,
TUHO-WIND-1,deprec+co2_revenue,48,48,7543.02,0.00,-7543.02,100.0000,EXPECTED_GATE_DIFFERENCE,False,True,True,True,True,True,True,R99 gate not promoted to runtime — audit-only,,
TUHO-WIND-1,deprec+co2_revenue,49,49,7020.03,0.00,-7020.03,100.0000,EXPECTED_GATE_DIFFERENCE,False,True,True,True,True,True,True,R99 gate not promoted to runtime — audit-only,,
TUHO-WIND-1,deprec+co2_revenue,50,50,7674.26,0.00,-7674.26,100.0000,EXPECTED_GATE_DIFFERENCE,False,True,True,True,True,True,True,R99 gate not promoted to runtime — audit-only,,
TUHO-WIND-1,deprec+co2_revenue,51,51,7140.10,0.00,-7140.10,100.0000,EXPECTED_GATE_DIFFERENCE,False,True,True,True,True,True,True,R99 gate not promoted to runtime — audit-only,,
TUHO-WIND-1,deprec+co2_revenue,52,52,7862.55,0.00,-7862.55,100.0000,EXPECTED_GATE_DIFFERENCE,False,True,True,True,True,True,True,R99 gate not promoted to runtime — audit-only,,
TUHO-WIND-1,deprec+co2_revenue,53,53,7312.37,0.00,-7312.37,100.0000,EXPECTED_GATE_DIFFERENCE,False,True,True,True,True,True,True,R99 gate not promoted to runtime — audit-only,,
TUHO-WIND-1,deprec+co2_revenue,54,54,8006.16,0.00,-8006.16,100.0000,EXPECTED_GATE_DIFFERENCE,False,True,True,True,True,True,True,R99 gate not promoted to runtime — audit-only,,
TUHO-WIND-1,deprec+co2_revenue,55,55,7403.19,0.00,-7403.19,100.0000,EXPECTED_GATE_DIFFERENCE,False,True,True,True,True,True,True,R99 gate not promoted to runtime — audit-only,,
TUHO-WIND-1,deprec+co2_revenue,56,56,8071.27,0.00,-8071.27,100.0000,EXPECTED_GATE_DIFFERENCE,False,True,True,True,True,True,True,R99 gate not promoted to runtime — audit-only,,
TUHO-WIND-1,deprec+co2_revenue,57,57,7503.33,0.00,-7503.33,100.0000,EXPECTED_GATE_DIFFERENCE,False,True,True,True,True,True,True,R99 gate not promoted to runtime — audit-only,,
TUHO-WIND-1,deprec+co2_revenue,58,58,8144.32,0.00,-8144.32,100.0000,EXPECTED_GATE_DIFFERENCE,False,True,True,True,True,True,True,R99 gate not promoted to runtime — audit-only,,
TUHO-WIND-1,deprec+co2_revenue,59,59,7570.16,0.00,-7570.16,100.0000,EXPECTED_GATE_DIFFERENCE,False,True,True,True,True,True,True,R99 gate not promoted to runtime — audit-only,,
TUHO-WIND-1,deprec+co2_revenue,60,60,8164.68,0.00,-8164.68,100.0000,EXPECTED_GATE_DIFFERENCE,False,True,True,True,True,True,True,R99 gate not promoted to runtime — audit-only,,
TUHO-WIND-1,deprec+co2_revenue,61,61,7588.79,0.00,-7588.79,100.0000,EXPECTED_GATE_DIFFERENCE,False,True,True,True,True,True,True,R99 gate not promoted to runtime — audit-only,,
TUHO-WIND-1,deprec+co2_revenue,62,62,56.12,0.00,-56.12,100.0000,EXPECTED_GATE_DIFFERENCE,False,True,True,True,True,True,True,R99 gate not promoted to runtime — audit-only,,
OBOROVO-SOLAR-1,baseline,2,2,2575.33,0.00,-2575.33,100.0000,EXPECTED_GATE_DIFFERENCE,False,True,True,True,True,False,True,R99 gate not promoted to runtime — audit-only,,
OBOROVO-SOLAR-1,baseline,3,3,2403.19,0.00,-2403.19,100.0000,EXPECTED_GATE_DIFFERENCE,False,True,True,True,True,False,True,R99 gate not promoted to runtime — audit-only,,
OBOROVO-SOLAR-1,baseline,4,4,2613.84,0.00,-2613.84,100.0000,EXPECTED_GATE_DIFFERENCE,False,True,True,True,True,False,True,R99 gate not promoted to runtime — audit-only,,
OBOROVO-SOLAR-1,baseline,5,5,2413.35,0.00,-2413.35,100.0000,EXPECTED_GATE_DIFFERENCE,False,True,True,True,True,False,True,R99 gate not promoted to runtime — audit-only,,
OBOROVO-SOLAR-1,baseline,6,6,2659.80,0.00,-2659.80,100.0000,EXPECTED_GATE_DIFFERENCE,False,True,True,True,True,False,True,R99 gate not promoted to runtime — audit-only,,
OBOROVO-SOLAR-1,baseline,7,7,2453.81,0.00,-2453.81,100.0000,EXPECTED_GATE_DIFFERENCE,False,True,True,True,True,False,True,R99 gate not promoted to runtime — audit-only,,
OBOROVO-SOLAR-1,baseline,8,8,2707.04,0.00,-2707.04,100.0000,EXPECTED_GATE_DIFFERENCE,False,True,True,True,True,False,True,R99 gate not promoted to runtime — audit-only,,
OBOROVO-SOLAR-1,baseline,9,9,2489.18,0.00,-2489.18,100.0000,EXPECTED_GATE_DIFFERENCE,False,True,True,True,True,False,True,R99 gate not promoted to runtime — audit-only,,
OBOROVO-SOLAR-1,baseline,10,10,2747.59,0.00,-2747.59,100.0000,EXPECTED_GATE_DIFFERENCE,False,True,True,True,True,False,True,R99 gate not promoted to runtime — audit-only,,
OBOROVO-SOLAR-1,baseline,11,11,2525.07,0.00,-2525.07,100.0000,EXPECTED_GATE_DIFFERENCE,False,True,True,True,True,False,True,R99 gate not promoted to runtime — audit-only,,
OBOROVO-SOLAR-1,baseline,12,12,2788.73,0.00,-2788.73,100.0000,EXPECTED_GATE_DIFFERENCE,False,True,True,True,True,False,True,R99 gate not promoted to runtime — audit-only,,
OBOROVO-SOLAR-1,baseline,13,13,2568.62,0.00,-2568.62,100.0000,EXPECTED_GATE_DIFFERENCE,False,True,True,True,True,False,True,R99 gate not promoted to runtime — audit-only,,
OBOROVO-SOLAR-1,baseline,14,14,2822.76,0.00,-2822.76,100.0000,EXPECTED_GATE_DIFFERENCE,False,True,True,True,True,False,True,R99 gate not promoted to runtime — audit-only,,
OBOROVO-SOLAR-1,baseline,15,15,2598.47,0.00,-2598.47,100.0000,EXPECTED_GATE_DIFFERENCE,False,True,True,True,True,True,True,R99 gate not promoted to runtime — audit-only,,
OBOROVO-SOLAR-1,baseline,16,16,2872.87,0.00,-2872.87,100.0000,EXPECTED_GATE_DIFFERENCE,False,True,True,True,True,True,True,R99 gate not promoted to runtime — audit-only,,
OBOROVO-SOLAR-1,baseline,17,17,2635.99,0.00,-2635.99,100.0000,EXPECTED_GATE_DIFFERENCE,False,True,True,True,True,True,True,R99 gate not promoted to runtime — audit-only,,
OBOROVO-SOLAR-1,baseline,18,18,2915.88,0.00,-2915.88,100.0000,EXPECTED_GATE_DIFFERENCE,False,True,True,True,True,True,True,R99 gate not promoted to runtime — audit-only,,
OBOROVO-SOLAR-1,baseline,19,19,2674.07,0.00,-2674.07,100.0000,EXPECTED_GATE_DIFFERENCE,False,True,True,True,True,True,True,R99 gate not promoted to runtime — audit-only,,
OBOROVO-SOLAR-1,baseline,20,20,2959.53,0.00,-2959.53,100.0000,EXPECTED_GATE_DIFFERENCE,False,True,True,True,True,True,True,R99 gate not promoted to runtime — audit-only,,
OBOROVO-SOLAR-1,baseline,21,21,2720.25,0.00,-2720.25,100.0000,EXPECTED_GATE_DIFFERENCE,False,True,True,True,True,True,True,R99 gate not promoted to runtime — audit-only,,
OBOROVO-SOLAR-1,baseline,22,22,2995.61,0.00,-2995.61,100.0000,EXPECTED_GATE_DIFFERENCE,False,True,True,True,True,True,True,R99 gate not promoted to runtime — audit-only,,
OBOROVO-SOLAR-1,baseline,23,23,2751.93,0.00,-2751.93,100.0000,EXPECTED_GATE_DIFFERENCE,False,True,True,True,True,True,True,R99 gate not promoted to runtime — audit-only,,
OBOROVO-SOLAR-1,baseline,24,24,3048.77,0.00,-3048.77,100.0000,EXPECTED_GATE_DIFFERENCE,False,True,True,True,True,True,True,R99 gate not promoted to runtime — audit-only,,
OBOROVO-SOLAR-1,baseline,25,25,2791.72,0.00,-2791.72,100.0000,EXPECTED_GATE_DIFFERENCE,False,True,True,True,True,True,True,R99 gate not promoted to runtime — audit-only,,
OBOROVO-SOLAR-1,baseline,26,26,3158.46,0.00,-3158.46,100.0000,EXPECTED_GATE_DIFFERENCE,False,True,True,True,True,True,True,R99 gate not promoted to runtime — audit-only,,
OBOROVO-SOLAR-1,baseline,27,27,2888.83,0.00,-2888.83,100.0000,EXPECTED_GATE_DIFFERENCE,False,True,True,True,True,True,True,R99 gate not promoted to runtime — audit-only,,
OBOROVO-SOLAR-1,baseline,28,28,3213.68,0.00,-3213.68,100.0000,EXPECTED_GATE_DIFFERENCE,False,True,True,True,True,True,True,R99 gate not promoted to runtime — audit-only,,
OBOROVO-SOLAR-1,baseline,29,29,2945.88,0.00,-2945.88,100.0000,EXPECTED_GATE_DIFFERENCE,False,True,True,True,True,True,True,R99 gate not promoted to runtime — audit-only,,
OBOROVO-SOLAR-1,baseline,30,30,3211.41,0.00,-3211.41,100.0000,EXPECTED_GATE_DIFFERENCE,False,True,True,True,True,True,True,R99 gate not promoted to runtime — audit-only,,
OBOROVO-SOLAR-1,baseline,31,31,2943.50,0.00,-2943.50,100.0000,EXPECTED_GATE_DIFFERENCE,False,True,True,True,True,True,True,R99 gate not promoted to runtime — audit-only,,
OBOROVO-SOLAR-1,baseline,32,32,3200.04,0.00,-3200.04,100.0000,EXPECTED_GATE_DIFFERENCE,False,True,True,True,True,True,True,R99 gate not promoted to runtime — audit-only,,
OBOROVO-SOLAR-1,baseline,33,33,2925.65,0.00,-2925.65,100.0000,EXPECTED_GATE_DIFFERENCE,False,True,True,True,True,True,True,R99 gate not promoted to runtime — audit-only,,
OBOROVO-SOLAR-1,baseline,34,34,3068.06,0.00,-3068.06,100.0000,EXPECTED_GATE_DIFFERENCE,False,True,True,True,True,True,True,R99 gate not promoted to runtime — audit-only,,
OBOROVO-SOLAR-1,baseline,35,35,2808.80,0.00,-2808.80,100.0000,EXPECTED_GATE_DIFFERENCE,False,True,True,True,True,True,True,R99 gate not promoted to runtime — audit-only,,
OBOROVO-SOLAR-1,baseline,36,36,3123.98,0.00,-3123.98,100.0000,EXPECTED_GATE_DIFFERENCE,False,True,True,True,True,True,True,R99 gate not promoted to runtime — audit-only,,
OBOROVO-SOLAR-1,baseline,37,37,2866.25,0.00,-2866.25,100.0000,EXPECTED_GATE_DIFFERENCE,False,True,True,True,True,True,True,R99 gate not promoted to runtime — audit-only,,
OBOROVO-SOLAR-1,baseline,38,38,3170.79,0.00,-3170.79,100.0000,EXPECTED_GATE_DIFFERENCE,False,True,True,True,True,True,True,R99 gate not promoted to runtime — audit-only,,
OBOROVO-SOLAR-1,baseline,39,39,2907.44,0.00,-2907.44,100.0000,EXPECTED_GATE_DIFFERENCE,False,True,True,True,True,True,True,R99 gate not promoted to runtime — audit-only,,
OBOROVO-SOLAR-1,baseline,40,40,3233.51,0.00,-3233.51,100.0000,EXPECTED_GATE_DIFFERENCE,False,True,True,True,True,True,True,R99 gate not promoted to runtime — audit-only,,
OBOROVO-SOLAR-1,baseline,41,41,2955.27,0.00,-2955.27,100.0000,EXPECTED_GATE_DIFFERENCE,False,True,True,True,True,True,True,R99 gate not promoted to runtime — audit-only,,
OBOROVO-SOLAR-1,baseline,42,42,3287.61,0.00,-3287.61,100.0000,EXPECTED_GATE_DIFFERENCE,False,True,True,True,True,True,True,R99 gate not promoted to runtime — audit-only,,
OBOROVO-SOLAR-1,baseline,43,43,3003.17,0.00,-3003.17,100.0000,EXPECTED_GATE_DIFFERENCE,False,True,True,True,True,True,True,R99 gate not promoted to runtime — audit-only,,
OBOROVO-SOLAR-1,baseline,44,44,3341.27,0.00,-3341.27,100.0000,EXPECTED_GATE_DIFFERENCE,False,True,True,True,True,True,True,R99 gate not promoted to runtime — audit-only,,
OBOROVO-SOLAR-1,baseline,45,45,3059.15,0.00,-3059.15,100.0000,EXPECTED_GATE_DIFFERENCE,False,True,True,True,True,True,True,R99 gate not promoted to runtime — audit-only,,
OBOROVO-SOLAR-1,baseline,46,46,3410.04,0.00,-3410.04,100.0000,EXPECTED_GATE_DIFFERENCE,False,True,True,True,True,True,True,R99 gate not promoted to runtime — audit-only,,
OBOROVO-SOLAR-1,baseline,47,47,3119.84,0.00,-3119.84,100.0000,EXPECTED_GATE_DIFFERENCE,False,True,True,True,True,True,True,R99 gate not promoted to runtime — audit-only,,
OBOROVO-SOLAR-1,baseline,48,48,3472.02,0.00,-3472.02,100.0000,EXPECTED_GATE_DIFFERENCE,False,True,True,True,True,True,True,R99 gate not promoted to runtime — audit-only,,
OBOROVO-SOLAR-1,baseline,49,49,3166.43,0.00,-3166.43,100.0000,EXPECTED_GATE_DIFFERENCE,False,True,True,True,True,True,True,R99 gate not promoted to runtime — audit-only,,
OBOROVO-SOLAR-1,baseline,50,50,3522.66,0.00,-3522.66,100.0000,EXPECTED_GATE_DIFFERENCE,False,True,True,True,True,True,True,R99 gate not promoted to runtime — audit-only,,
OBOROVO-SOLAR-1,baseline,51,51,3211.27,0.00,-3211.27,100.0000,EXPECTED_GATE_DIFFERENCE,False,True,True,True,True,True,True,R99 gate not promoted to runtime — audit-only,,
OBOROVO-SOLAR-1,baseline,52,52,3599.46,0.00,-3599.46,100.0000,EXPECTED_GATE_DIFFERENCE,False,True,True,True,True,True,True,R99 gate not promoted to runtime — audit-only,,
OBOROVO-SOLAR-1,baseline,53,53,3288.37,0.00,-3288.37,100.0000,EXPECTED_GATE_DIFFERENCE,False,True,True,True,True,True,True,R99 gate not promoted to runtime — audit-only,,
OBOROVO-SOLAR-1,baseline,54,54,3639.08,0.00,-3639.08,100.0000,EXPECTED_GATE_DIFFERENCE,False,True,True,True,True,True,True,R99 gate not promoted to runtime — audit-only,,
OBOROVO-SOLAR-1,baseline,55,55,3323.16,0.00,-3323.16,100.0000,EXPECTED_GATE_DIFFERENCE,False,True,True,True,True,True,True,R99 gate not promoted to runtime — audit-only,,
OBOROVO-SOLAR-1,baseline,56,56,3682.68,0.00,-3682.68,100.0000,EXPECTED_GATE_DIFFERENCE,False,True,True,True,True,True,True,R99 gate not promoted to runtime — audit-only,,
OBOROVO-SOLAR-1,baseline,57,57,3352.94,0.00,-3352.94,100.0000,EXPECTED_GATE_DIFFERENCE,False,True,True,True,True,True,True,R99 gate not promoted to runtime — audit-only,,
OBOROVO-SOLAR-1,baseline,58,58,3712.96,0.00,-3712.96,100.0000,EXPECTED_GATE_DIFFERENCE,False,True,True,True,True,True,True,R99 gate not promoted to runtime — audit-only,,
OBOROVO-SOLAR-1,baseline,59,59,3379.74,0.00,-3379.74,100.0000,EXPECTED_GATE_DIFFERENCE,False,True,True,True,True,True,True,R99 gate not promoted to runtime — audit-only,,
OBOROVO-SOLAR-1,baseline,60,60,3717.65,0.00,-3717.65,100.0000,EXPECTED_GATE_DIFFERENCE,False,True,True,True,True,True,True,R99 gate not promoted to runtime — audit-only,,
OBOROVO-SOLAR-1,baseline,61,61,3374.65,0.00,-3374.65,100.0000,EXPECTED_GATE_DIFFERENCE,False,True,True,True,True,True,True,R99 gate not promoted to runtime — audit-only,,
OBOROVO-SOLAR-1,shl_canonical,2,2,2575.33,0.00,-2575.33,100.0000,EXPECTED_GATE_DIFFERENCE,False,True,True,True,True,False,True,R99 gate not promoted to runtime — audit-only,,
OBOROVO-SOLAR-1,shl_canonical,3,3,2403.19,0.00,-2403.19,100.0000,EXPECTED_GATE_DIFFERENCE,False,True,True,True,True,False,True,R99 gate not promoted to runtime — audit-only,,
OBOROVO-SOLAR-1,shl_canonical,4,4,2613.84,0.00,-2613.84,100.0000,EXPECTED_GATE_DIFFERENCE,False,True,True,True,True,False,True,R99 gate not promoted to runtime — audit-only,,
OBOROVO-SOLAR-1,shl_canonical,5,5,2413.35,0.00,-2413.35,100.0000,EXPECTED_GATE_DIFFERENCE,False,True,True,True,True,False,True,R99 gate not promoted to runtime — audit-only,,
OBOROVO-SOLAR-1,shl_canonical,6,6,2659.80,0.00,-2659.80,100.0000,EXPECTED_GATE_DIFFERENCE,False,True,True,True,True,False,True,R99 gate not promoted to runtime — audit-only,,
OBOROVO-SOLAR-1,shl_canonical,7,7,2453.81,0.00,-2453.81,100.0000,EXPECTED_GATE_DIFFERENCE,False,True,True,True,True,False,True,R99 gate not promoted to runtime — audit-only,,
OBOROVO-SOLAR-1,shl_canonical,8,8,2707.04,0.00,-2707.04,100.0000,EXPECTED_GATE_DIFFERENCE,False,True,True,True,True,False,True,R99 gate not promoted to runtime — audit-only,,
OBOROVO-SOLAR-1,shl_canonical,9,9,2489.18,0.00,-2489.18,100.0000,EXPECTED_GATE_DIFFERENCE,False,True,True,True,True,False,True,R99 gate not promoted to runtime — audit-only,,
OBOROVO-SOLAR-1,shl_canonical,10,10,2747.59,0.00,-2747.59,100.0000,EXPECTED_GATE_DIFFERENCE,False,True,True,True,True,False,True,R99 gate not promoted to runtime — audit-only,,
OBOROVO-SOLAR-1,shl_canonical,11,11,2525.07,0.00,-2525.07,100.0000,EXPECTED_GATE_DIFFERENCE,False,True,True,True,True,False,True,R99 gate not promoted to runtime — audit-only,,
OBOROVO-SOLAR-1,shl_canonical,12,12,2788.73,0.00,-2788.73,100.0000,EXPECTED_GATE_DIFFERENCE,False,True,True,True,True,False,True,R99 gate not promoted to runtime — audit-only,,
OBOROVO-SOLAR-1,shl_canonical,13,13,2568.62,0.00,-2568.62,100.0000,EXPECTED_GATE_DIFFERENCE,False,True,True,True,True,False,True,R99 gate not promoted to runtime — audit-only,,
OBOROVO-SOLAR-1,shl_canonical,14,14,2822.76,0.00,-2822.76,100.0000,EXPECTED_GATE_DIFFERENCE,False,True,True,True,True,False,True,R99 gate not promoted to runtime — audit-only,,
OBOROVO-SOLAR-1,shl_canonical,15,15,2598.47,0.00,-2598.47,100.0000,EXPECTED_GATE_DIFFERENCE,False,True,True,True,True,True,True,R99 gate not promoted to runtime — audit-only,,
OBOROVO-SOLAR-1,shl_canonical,16,16,2872.87,0.00,-2872.87,100.0000,EXPECTED_GATE_DIFFERENCE,False,True,True,True,True,True,True,R99 gate not promoted to runtime — audit-only,,
OBOROVO-SOLAR-1,shl_canonical,17,17,2635.99,0.00,-2635.99,100.0000,EXPECTED_GATE_DIFFERENCE,False,True,True,True,True,True,True,R99 gate not promoted to runtime — audit-only,,
OBOROVO-SOLAR-1,shl_canonical,18,18,2915.88,0.00,-2915.88,100.0000,EXPECTED_GATE_DIFFERENCE,False,True,True,True,True,True,True,R99 gate not promoted to runtime — audit-only,,
OBOROVO-SOLAR-1,shl_canonical,19,19,2674.07,0.00,-2674.07,100.0000,EXPECTED_GATE_DIFFERENCE,False,True,True,True,True,True,True,R99 gate not promoted to runtime — audit-only,,
OBOROVO-SOLAR-1,shl_canonical,20,20,2959.53,0.00,-2959.53,100.0000,EXPECTED_GATE_DIFFERENCE,False,True,True,True,True,True,True,R99 gate not promoted to runtime — audit-only,,
OBOROVO-SOLAR-1,shl_canonical,21,21,2720.25,0.00,-2720.25,100.0000,EXPECTED_GATE_DIFFERENCE,False,True,True,True,True,True,True,R99 gate not promoted to runtime — audit-only,,
OBOROVO-SOLAR-1,shl_canonical,22,22,2995.61,0.00,-2995.61,100.0000,EXPECTED_GATE_DIFFERENCE,False,True,True,True,True,True,True,R99 gate not promoted to runtime — audit-only,,
OBOROVO-SOLAR-1,shl_canonical,23,23,2751.93,0.00,-2751.93,100.0000,EXPECTED_GATE_DIFFERENCE,False,True,True,True,True,True,True,R99 gate not promoted to runtime — audit-only,,
OBOROVO-SOLAR-1,shl_canonical,24,24,3048.77,0.00,-3048.77,100.0000,EXPECTED_GATE_DIFFERENCE,False,True,True,True,True,True,True,R99 gate not promoted to runtime — audit-only,,
OBOROVO-SOLAR-1,shl_canonical,25,25,2791.72,0.00,-2791.72,100.0000,EXPECTED_GATE_DIFFERENCE,False,True,True,True,True,True,True,R99 gate not promoted to runtime — audit-only,,
OBOROVO-SOLAR-1,shl_canonical,26,26,3158.46,0.00,-3158.46,100.0000,EXPECTED_GATE_DIFFERENCE,False,True,True,True,True,True,True,R99 gate not promoted to runtime — audit-only,,
OBOROVO-SOLAR-1,shl_canonical,27,27,2888.83,0.00,-2888.83,100.0000,EXPECTED_GATE_DIFFERENCE,False,True,True,True,True,True,True,R99 gate not promoted to runtime — audit-only,,
OBOROVO-SOLAR-1,shl_canonical,28,28,3213.68,0.00,-3213.68,100.0000,EXPECTED_GATE_DIFFERENCE,False,True,True,True,True,True,True,R99 gate not promoted to runtime — audit-only,,
OBOROVO-SOLAR-1,shl_canonical,29,29,2945.88,0.00,-2945.88,100.0000,EXPECTED_GATE_DIFFERENCE,False,True,True,True,True,True,True,R99 gate not promoted to runtime — audit-only,,
OBOROVO-SOLAR-1,shl_canonical,30,30,3211.41,0.00,-3211.41,100.0000,EXPECTED_GATE_DIFFERENCE,False,True,True,True,True,True,True,R99 gate not promoted to runtime — audit-only,,
OBOROVO-SOLAR-1,shl_canonical,31,31,2943.50,0.00,-2943.50,100.0000,EXPECTED_GATE_DIFFERENCE,False,True,True,True,True,True,True,R99 gate not promoted to runtime — audit-only,,
OBOROVO-SOLAR-1,shl_canonical,32,32,3200.04,0.00,-3200.04,100.0000,EXPECTED_GATE_DIFFERENCE,False,True,True,True,True,True,True,R99 gate not promoted to runtime — audit-only,,
OBOROVO-SOLAR-1,shl_canonical,33,33,2925.65,0.00,-2925.65,100.0000,EXPECTED_GATE_DIFFERENCE,False,True,True,True,True,True,True,R99 gate not promoted to runtime — audit-only,,
OBOROVO-SOLAR-1,shl_canonical,34,34,3068.06,0.00,-3068.06,100.0000,EXPECTED_GATE_DIFFERENCE,False,True,True,True,True,True,True,R99 gate not promoted to runtime — audit-only,,
OBOROVO-SOLAR-1,shl_canonical,35,35,2808.80,0.00,-2808.80,100.0000,EXPECTED_GATE_DIFFERENCE,False,True,True,True,True,True,True,R99 gate not promoted to runtime — audit-only,,
OBOROVO-SOLAR-1,shl_canonical,36,36,3123.98,0.00,-3123.98,100.0000,EXPECTED_GATE_DIFFERENCE,False,True,True,True,True,True,True,R99 gate not promoted to runtime — audit-only,,
OBOROVO-SOLAR-1,shl_canonical,37,37,2866.25,0.00,-2866.25,100.0000,EXPECTED_GATE_DIFFERENCE,False,True,True,True,True,True,True,R99 gate not promoted to runtime — audit-only,,
OBOROVO-SOLAR-1,shl_canonical,38,38,3170.79,0.00,-3170.79,100.0000,EXPECTED_GATE_DIFFERENCE,False,True,True,True,True,True,True,R99 gate not promoted to runtime — audit-only,,
OBOROVO-SOLAR-1,shl_canonical,39,39,2907.44,0.00,-2907.44,100.0000,EXPECTED_GATE_DIFFERENCE,False,True,True,True,True,True,True,R99 gate not promoted to runtime — audit-only,,
OBOROVO-SOLAR-1,shl_canonical,40,40,3233.51,0.00,-3233.51,100.0000,EXPECTED_GATE_DIFFERENCE,False,True,True,True,True,True,True,R99 gate not promoted to runtime — audit-only,,
OBOROVO-SOLAR-1,shl_canonical,41,41,2955.27,0.00,-2955.27,100.0000,EXPECTED_GATE_DIFFERENCE,False,True,True,True,True,True,True,R99 gate not promoted to runtime — audit-only,,
OBOROVO-SOLAR-1,shl_canonical,42,42,3287.61,0.00,-3287.61,100.0000,EXPECTED_GATE_DIFFERENCE,False,True,True,True,True,True,True,R99 gate not promoted to runtime — audit-only,,
OBOROVO-SOLAR-1,shl_canonical,43,43,3003.17,0.00,-3003.17,100.0000,EXPECTED_GATE_DIFFERENCE,False,True,True,True,True,True,True,R99 gate not promoted to runtime — audit-only,,
OBOROVO-SOLAR-1,shl_canonical,44,44,3341.27,0.00,-3341.27,100.0000,EXPECTED_GATE_DIFFERENCE,False,True,True,True,True,True,True,R99 gate not promoted to runtime — audit-only,,
OBOROVO-SOLAR-1,shl_canonical,45,45,3059.15,0.00,-3059.15,100.0000,EXPECTED_GATE_DIFFERENCE,False,True,True,True,True,True,True,R99 gate not promoted to runtime — audit-only,,
OBOROVO-SOLAR-1,shl_canonical,46,46,3410.04,0.00,-3410.04,100.0000,EXPECTED_GATE_DIFFERENCE,False,True,True,True,True,True,True,R99 gate not promoted to runtime — audit-only,,
OBOROVO-SOLAR-1,shl_canonical,47,47,3119.84,0.00,-3119.84,100.0000,EXPECTED_GATE_DIFFERENCE,False,True,True,True,True,True,True,R99 gate not promoted to runtime — audit-only,,
OBOROVO-SOLAR-1,shl_canonical,48,48,3472.02,0.00,-3472.02,100.0000,EXPECTED_GATE_DIFFERENCE,False,True,True,True,True,True,True,R99 gate not promoted to runtime — audit-only,,
OBOROVO-SOLAR-1,shl_canonical,49,49,3166.43,0.00,-3166.43,100.0000,EXPECTED_GATE_DIFFERENCE,False,True,True,True,True,True,True,R99 gate not promoted to runtime — audit-only,,
OBOROVO-SOLAR-1,shl_canonical,50,50,3522.66,0.00,-3522.66,100.0000,EXPECTED_GATE_DIFFERENCE,False,True,True,True,True,True,True,R99 gate not promoted to runtime — audit-only,,
OBOROVO-SOLAR-1,shl_canonical,51,51,3211.27,0.00,-3211.27,100.0000,EXPECTED_GATE_DIFFERENCE,False,True,True,True,True,True,True,R99 gate not promoted to runtime — audit-only,,
OBOROVO-SOLAR-1,shl_canonical,52,52,3599.46,0.00,-3599.46,100.0000,EXPECTED_GATE_DIFFERENCE,False,True,True,True,True,True,True,R99 gate not promoted to runtime — audit-only,,
OBOROVO-SOLAR-1,shl_canonical,53,53,3288.37,0.00,-3288.37,100.0000,EXPECTED_GATE_DIFFERENCE,False,True,True,True,True,True,True,R99 gate not promoted to runtime — audit-only,,
OBOROVO-SOLAR-1,shl_canonical,54,54,3639.08,0.00,-3639.08,100.0000,EXPECTED_GATE_DIFFERENCE,False,True,True,True,True,True,True,R99 gate not promoted to runtime — audit-only,,
OBOROVO-SOLAR-1,shl_canonical,55,55,3323.16,0.00,-3323.16,100.0000,EXPECTED_GATE_DIFFERENCE,False,True,True,True,True,True,True,R99 gate not promoted to runtime — audit-only,,
OBOROVO-SOLAR-1,shl_canonical,56,56,3682.68,0.00,-3682.68,100.0000,EXPECTED_GATE_DIFFERENCE,False,True,True,True,True,True,True,R99 gate not promoted to runtime — audit-only,,
OBOROVO-SOLAR-1,shl_canonical,57,57,3352.94,0.00,-3352.94,100.0000,EXPECTED_GATE_DIFFERENCE,False,True,True,True,True,True,True,R99 gate not promoted to runtime — audit-only,,
OBOROVO-SOLAR-1,shl_canonical,58,58,3712.96,0.00,-3712.96,100.0000,EXPECTED_GATE_DIFFERENCE,False,True,True,True,True,True,True,R99 gate not promoted to runtime — audit-only,,
OBOROVO-SOLAR-1,shl_canonical,59,59,3379.74,0.00,-3379.74,100.0000,EXPECTED_GATE_DIFFERENCE,False,True,True,True,True,True,True,R99 gate not promoted to runtime — audit-only,,
OBOROVO-SOLAR-1,shl_canonical,60,60,3717.65,0.00,-3717.65,100.0000,EXPECTED_GATE_DIFFERENCE,False,True,True,True,True,True,True,R99 gate not promoted to runtime — audit-only,,
OBOROVO-SOLAR-1,shl_canonical,61,61,3374.65,0.00,-3374.65,100.0000,EXPECTED_GATE_DIFFERENCE,False,True,True,True,True,True,True,R99 gate not promoted to runtime — audit-only,,
OBOROVO-SOLAR-1,oborovo_shl,2,2,2575.33,0.00,-2575.33,100.0000,EXPECTED_GATE_DIFFERENCE,False,True,True,True,True,False,True,R99 gate not promoted to runtime — audit-only,,
OBOROVO-SOLAR-1,oborovo_shl,3,3,2403.19,0.00,-2403.19,100.0000,EXPECTED_GATE_DIFFERENCE,False,True,True,True,True,False,True,R99 gate not promoted to runtime — audit-only,,
OBOROVO-SOLAR-1,oborovo_shl,4,4,2613.84,0.00,-2613.84,100.0000,EXPECTED_GATE_DIFFERENCE,False,True,True,True,True,False,True,R99 gate not promoted to runtime — audit-only,,
OBOROVO-SOLAR-1,oborovo_shl,5,5,2413.35,0.00,-2413.35,100.0000,EXPECTED_GATE_DIFFERENCE,False,True,True,True,True,False,True,R99 gate not promoted to runtime — audit-only,,
OBOROVO-SOLAR-1,oborovo_shl,6,6,2659.80,0.00,-2659.80,100.0000,EXPECTED_GATE_DIFFERENCE,False,True,True,True,True,False,True,R99 gate not promoted to runtime — audit-only,,
OBOROVO-SOLAR-1,oborovo_shl,7,7,2453.81,0.00,-2453.81,100.0000,EXPECTED_GATE_DIFFERENCE,False,True,True,True,True,False,True,R99 gate not promoted to runtime — audit-only,,
OBOROVO-SOLAR-1,oborovo_shl,8,8,2707.04,0.00,-2707.04,100.0000,EXPECTED_GATE_DIFFERENCE,False,True,True,True,True,False,True,R99 gate not promoted to runtime — audit-only,,
OBOROVO-SOLAR-1,oborovo_shl,9,9,2489.18,0.00,-2489.18,100.0000,EXPECTED_GATE_DIFFERENCE,False,True,True,True,True,False,True,R99 gate not promoted to runtime — audit-only,,
OBOROVO-SOLAR-1,oborovo_shl,10,10,2747.59,0.00,-2747.59,100.0000,EXPECTED_GATE_DIFFERENCE,False,True,True,True,True,False,True,R99 gate not promoted to runtime — audit-only,,
OBOROVO-SOLAR-1,oborovo_shl,11,11,2525.07,0.00,-2525.07,100.0000,EXPECTED_GATE_DIFFERENCE,False,True,True,True,True,False,True,R99 gate not promoted to runtime — audit-only,,
OBOROVO-SOLAR-1,oborovo_shl,12,12,2788.73,0.00,-2788.73,100.0000,EXPECTED_GATE_DIFFERENCE,False,True,True,True,True,False,True,R99 gate not promoted to runtime — audit-only,,
OBOROVO-SOLAR-1,oborovo_shl,13,13,2568.62,0.00,-2568.62,100.0000,EXPECTED_GATE_DIFFERENCE,False,True,True,True,True,False,True,R99 gate not promoted to runtime — audit-only,,
OBOROVO-SOLAR-1,oborovo_shl,14,14,2822.76,0.00,-2822.76,100.0000,EXPECTED_GATE_DIFFERENCE,False,True,True,True,True,False,True,R99 gate not promoted to runtime — audit-only,,
OBOROVO-SOLAR-1,oborovo_shl,15,15,2598.47,0.00,-2598.47,100.0000,EXPECTED_GATE_DIFFERENCE,False,True,True,True,True,True,True,R99 gate not promoted to runtime — audit-only,,
OBOROVO-SOLAR-1,oborovo_shl,16,16,2872.87,0.00,-2872.87,100.0000,EXPECTED_GATE_DIFFERENCE,False,True,True,True,True,True,True,R99 gate not promoted to runtime — audit-only,,
OBOROVO-SOLAR-1,oborovo_shl,17,17,2635.99,0.00,-2635.99,100.0000,EXPECTED_GATE_DIFFERENCE,False,True,True,True,True,True,True,R99 gate not promoted to runtime — audit-only,,
OBOROVO-SOLAR-1,oborovo_shl,18,18,2915.88,0.00,-2915.88,100.0000,EXPECTED_GATE_DIFFERENCE,False,True,True,True,True,True,True,R99 gate not promoted to runtime — audit-only,,
OBOROVO-SOLAR-1,oborovo_shl,19,19,2674.07,0.00,-2674.07,100.0000,EXPECTED_GATE_DIFFERENCE,False,True,True,True,True,True,True,R99 gate not promoted to runtime — audit-only,,
OBOROVO-SOLAR-1,oborovo_shl,20,20,2959.53,0.00,-2959.53,100.0000,EXPECTED_GATE_DIFFERENCE,False,True,True,True,True,True,True,R99 gate not promoted to runtime — audit-only,,
OBOROVO-SOLAR-1,oborovo_shl,21,21,2720.25,0.00,-2720.25,100.0000,EXPECTED_GATE_DIFFERENCE,False,True,True,True,True,True,True,R99 gate not promoted to runtime — audit-only,,
OBOROVO-SOLAR-1,oborovo_shl,22,22,2995.61,0.00,-2995.61,100.0000,EXPECTED_GATE_DIFFERENCE,False,True,True,True,True,True,True,R99 gate not promoted to runtime — audit-only,,
OBOROVO-SOLAR-1,oborovo_shl,23,23,2751.93,0.00,-2751.93,100.0000,EXPECTED_GATE_DIFFERENCE,False,True,True,True,True,True,True,R99 gate not promoted to runtime — audit-only,,
OBOROVO-SOLAR-1,oborovo_shl,24,24,3048.77,0.00,-3048.77,100.0000,EXPECTED_GATE_DIFFERENCE,False,True,True,True,True,True,True,R99 gate not promoted to runtime — audit-only,,
OBOROVO-SOLAR-1,oborovo_shl,25,25,2791.72,0.00,-2791.72,100.0000,EXPECTED_GATE_DIFFERENCE,False,True,True,True,True,True,True,R99 gate not promoted to runtime — audit-only,,
OBOROVO-SOLAR-1,oborovo_shl,26,26,3158.46,0.00,-3158.46,100.0000,EXPECTED_GATE_DIFFERENCE,False,True,True,True,True,True,True,R99 gate not promoted to runtime — audit-only,,
OBOROVO-SOLAR-1,oborovo_shl,27,27,2888.83,0.00,-2888.83,100.0000,EXPECTED_GATE_DIFFERENCE,False,True,True,True,True,True,True,R99 gate not promoted to runtime — audit-only,,
OBOROVO-SOLAR-1,oborovo_shl,28,28,3213.68,0.00,-3213.68,100.0000,EXPECTED_GATE_DIFFERENCE,False,True,True,True,True,True,True,R99 gate not promoted to runtime — audit-only,,
OBOROVO-SOLAR-1,oborovo_shl,29,29,2945.88,0.00,-2945.88,100.0000,EXPECTED_GATE_DIFFERENCE,False,True,True,True,True,True,True,R99 gate not promoted to runtime — audit-only,,
OBOROVO-SOLAR-1,oborovo_shl,30,30,3211.41,0.00,-3211.41,100.0000,EXPECTED_GATE_DIFFERENCE,False,True,True,True,True,True,True,R99 gate not promoted to runtime — audit-only,,
OBOROVO-SOLAR-1,oborovo_shl,31,31,2943.50,0.00,-2943.50,100.0000,EXPECTED_GATE_DIFFERENCE,False,True,True,True,True,True,True,R99 gate not promoted to runtime — audit-only,,
OBOROVO-SOLAR-1,oborovo_shl,32,32,3200.04,0.00,-3200.04,100.0000,EXPECTED_GATE_DIFFERENCE,False,True,True,True,True,True,True,R99 gate not promoted to runtime — audit-only,,
OBOROVO-SOLAR-1,oborovo_shl,33,33,2925.65,0.00,-2925.65,100.0000,EXPECTED_GATE_DIFFERENCE,False,True,True,True,True,True,True,R99 gate not promoted to runtime — audit-only,,
OBOROVO-SOLAR-1,oborovo_shl,34,34,3068.06,0.00,-3068.06,100.0000,EXPECTED_GATE_DIFFERENCE,False,True,True,True,True,True,True,R99 gate not promoted to runtime — audit-only,,
OBOROVO-SOLAR-1,oborovo_shl,35,35,2808.80,0.00,-2808.80,100.0000,EXPECTED_GATE_DIFFERENCE,False,True,True,True,True,True,True,R99 gate not promoted to runtime — audit-only,,
OBOROVO-SOLAR-1,oborovo_shl,36,36,3123.98,0.00,-3123.98,100.0000,EXPECTED_GATE_DIFFERENCE,False,True,True,True,True,True,True,R99 gate not promoted to runtime — audit-only,,
OBOROVO-SOLAR-1,oborovo_shl,37,37,2866.25,0.00,-2866.25,100.0000,EXPECTED_GATE_DIFFERENCE,False,True,True,True,True,True,True,R99 gate not promoted to runtime — audit-only,,
OBOROVO-SOLAR-1,oborovo_shl,38,38,3170.79,0.00,-3170.79,100.0000,EXPECTED_GATE_DIFFERENCE,False,True,True,True,True,True,True,R99 gate not promoted to runtime — audit-only,,
OBOROVO-SOLAR-1,oborovo_shl,39,39,2907.44,0.00,-2907.44,100.0000,EXPECTED_GATE_DIFFERENCE,False,True,True,True,True,True,True,R99 gate not promoted to runtime — audit-only,,
OBOROVO-SOLAR-1,oborovo_shl,40,40,3233.51,0.00,-3233.51,100.0000,EXPECTED_GATE_DIFFERENCE,False,True,True,True,True,True,True,R99 gate not promoted to runtime — audit-only,,
OBOROVO-SOLAR-1,oborovo_shl,41,41,2955.27,0.00,-2955.27,100.0000,EXPECTED_GATE_DIFFERENCE,False,True,True,True,True,True,True,R99 gate not promoted to runtime — audit-only,,
OBOROVO-SOLAR-1,oborovo_shl,42,42,3287.61,0.00,-3287.61,100.0000,EXPECTED_GATE_DIFFERENCE,False,True,True,True,True,True,True,R99 gate not promoted to runtime — audit-only,,
OBOROVO-SOLAR-1,oborovo_shl,43,43,3003.17,0.00,-3003.17,100.0000,EXPECTED_GATE_DIFFERENCE,False,True,True,True,True,True,True,R99 gate not promoted to runtime — audit-only,,
OBOROVO-SOLAR-1,oborovo_shl,44,44,3341.27,0.00,-3341.27,100.0000,EXPECTED_GATE_DIFFERENCE,False,True,True,True,True,True,True,R99 gate not promoted to runtime — audit-only,,
OBOROVO-SOLAR-1,oborovo_shl,45,45,3059.15,0.00,-3059.15,100.0000,EXPECTED_GATE_DIFFERENCE,False,True,True,True,True,True,True,R99 gate not promoted to runtime — audit-only,,
OBOROVO-SOLAR-1,oborovo_shl,46,46,3410.04,0.00,-3410.04,100.0000,EXPECTED_GATE_DIFFERENCE,False,True,True,True,True,True,True,R99 gate not promoted to runtime — audit-only,,
OBOROVO-SOLAR-1,oborovo_shl,47,47,3119.84,0.00,-3119.84,100.0000,EXPECTED_GATE_DIFFERENCE,False,True,True,True,True,True,True,R99 gate not promoted to runtime — audit-only,,
OBOROVO-SOLAR-1,oborovo_shl,48,48,3472.02,0.00,-3472.02,100.0000,EXPECTED_GATE_DIFFERENCE,False,True,True,True,True,True,True,R99 gate not promoted to runtime — audit-only,,
OBOROVO-SOLAR-1,oborovo_shl,49,49,3166.43,0.00,-3166.43,100.0000,EXPECTED_GATE_DIFFERENCE,False,True,True,True,True,True,True,R99 gate not promoted to runtime — audit-only,,
OBOROVO-SOLAR-1,oborovo_shl,50,50,3522.66,0.00,-3522.66,100.0000,EXPECTED_GATE_DIFFERENCE,False,True,True,True,True,True,True,R99 gate not promoted to runtime — audit-only,,
OBOROVO-SOLAR-1,oborovo_shl,51,51,3211.27,0.00,-3211.27,100.0000,EXPECTED_GATE_DIFFERENCE,False,True,True,True,True,True,True,R99 gate not promoted to runtime — audit-only,,
OBOROVO-SOLAR-1,oborovo_shl,52,52,3599.46,0.00,-3599.46,100.0000,EXPECTED_GATE_DIFFERENCE,False,True,True,True,True,True,True,R99 gate not promoted to runtime — audit-only,,
OBOROVO-SOLAR-1,oborovo_shl,53,53,3288.37,0.00,-3288.37,100.0000,EXPECTED_GATE_DIFFERENCE,False,True,True,True,True,True,True,R99 gate not promoted to runtime — audit-only,,
OBOROVO-SOLAR-1,oborovo_shl,54,54,3639.08,0.00,-3639.08,100.0000,EXPECTED_GATE_DIFFERENCE,False,True,True,True,True,True,True,R99 gate not promoted to runtime — audit-only,,
OBOROVO-SOLAR-1,oborovo_shl,55,55,3323.16,0.00,-3323.16,100.0000,EXPECTED_GATE_DIFFERENCE,False,True,True,True,True,True,True,R99 gate not promoted to runtime — audit-only,,
OBOROVO-SOLAR-1,oborovo_shl,56,56,3682.68,0.00,-3682.68,100.0000,EXPECTED_GATE_DIFFERENCE,False,True,True,True,True,True,True,R99 gate not promoted to runtime — audit-only,,
OBOROVO-SOLAR-1,oborovo_shl,57,57,3352.94,0.00,-3352.94,100.0000,EXPECTED_GATE_DIFFERENCE,False,True,True,True,True,True,True,R99 gate not promoted to runtime — audit-only,,
OBOROVO-SOLAR-1,oborovo_shl,58,58,3712.96,0.00,-3712.96,100.0000,EXPECTED_GATE_DIFFERENCE,False,True,True,True,True,True,True,R99 gate not promoted to runtime — audit-only,,
OBOROVO-SOLAR-1,oborovo_shl,59,59,3379.74,0.00,-3379.74,100.0000,EXPECTED_GATE_DIFFERENCE,False,True,True,True,True,True,True,R99 gate not promoted to runtime — audit-only,,
OBOROVO-SOLAR-1,oborovo_shl,60,60,3717.65,0.00,-3717.65,100.0000,EXPECTED_GATE_DIFFERENCE,False,True,True,True,True,True,True,R99 gate not promoted to runtime — audit-only,,
OBOROVO-SOLAR-1,oborovo_shl,61,61,3374.65,0.00,-3374.65,100.0000,EXPECTED_GATE_DIFFERENCE,False,True,True,True,True,True,True,R99 gate not promoted to runtime — audit-only,,
