project,group_code,item_code,item_name,year_index,basis,primary_driver,base_amount_keur,inflation_rate,inflation_factor,active,explicit_schedule_value_keur,manual_override_keur,contingency_rate,contingency_base_keur,base_component_keur,inflation_component_keur,volume_component_keur,step_change_component_keur,active_flag_component_keur,contingency_component_keur,manual_override_component_keur,resulting_amount_keur,total_movement_vs_base_keur,reconciliation_delta_keur,notes
TUHO,B.01,B.01.1,Asset Management Contract,1,fixed_annual_keur,INFLATION,138.0,0.02,1.0,True,,,,,138.0,0.0,0.0,0.0,0.0,0.0,0.0,138.0,0.0,0.0,
TUHO,B.01,B.01.2,Operation Management Contract,1,fixed_annual_keur,INFLATION,67.0,0.02,1.0,True,,,,,67.0,0.0,0.0,0.0,0.0,0.0,0.0,67.0,0.0,0.0,
TUHO,B.01,B.01.3,Performance monitoring,1,fixed_annual_keur,INFLATION,35.0,0.02,1.0,True,,,,,35.0,0.0,0.0,0.0,0.0,0.0,0.0,35.0,0.0,0.0,
TUHO,B.01,B.01.4,Technical Inspections,1,fixed_annual_keur,ZERO_LINE,0.0,0.02,1.0,True,,,,,0.0,0.0,0.0,0.0,0.0,0.0,0.0,0.0,0.0,0.0,
TUHO,B.01,B.01.5,Meteorological and weather forecast service,1,fixed_annual_keur,INFLATION,18.0,0.02,1.0,True,,,,,18.0,0.0,0.0,0.0,0.0,0.0,0.0,18.0,0.0,0.0,
TUHO,B.01,B.01.6,Bazefield,1,fixed_annual_keur,INFLATION,22.0,0.02,1.0,True,,,,,22.0,0.0,0.0,0.0,0.0,0.0,0.0,22.0,0.0,0.0,
TUHO,B.01,B.01.1,Asset Management Contract,2,fixed_annual_keur,INFLATION,138.0,0.02,1.02,True,,,,,138.0,2.759999999999991,0.0,0.0,0.0,0.0,0.0,140.76,2.759999999999991,0.0,
TUHO,B.01,B.01.2,Operation Management Contract,2,fixed_annual_keur,INFLATION,67.0,0.02,1.02,True,,,,,67.0,1.3400000000000034,0.0,0.0,0.0,0.0,0.0,68.34,1.3400000000000034,0.0,
TUHO,B.01,B.01.3,Performance monitoring,2,fixed_annual_keur,INFLATION,35.0,0.02,1.02,True,,,,,35.0,0.7000000000000028,0.0,0.0,0.0,0.0,0.0,35.7,0.7000000000000028,0.0,
TUHO,B.01,B.01.4,Technical Inspections,2,fixed_annual_keur,ZERO_LINE,0.0,0.02,1.02,True,,,,,0.0,0.0,0.0,0.0,0.0,0.0,0.0,0.0,0.0,0.0,
TUHO,B.01,B.01.5,Meteorological and weather forecast service,2,fixed_annual_keur,INFLATION,18.0,0.02,1.02,True,,,,,18.0,0.35999999999999943,0.0,0.0,0.0,0.0,0.0,18.36,0.35999999999999943,0.0,
TUHO,B.01,B.01.6,Bazefield,2,fixed_annual_keur,INFLATION,22.0,0.02,1.02,True,,,,,22.0,0.4400000000000013,0.0,0.0,0.0,0.0,0.0,22.44,0.4400000000000013,0.0,
TUHO,B.01,B.01.1,Asset Management Contract,3,fixed_annual_keur,INFLATION,138.0,0.02,1.0404,True,,,,,138.0,5.575199999999995,0.0,0.0,0.0,0.0,0.0,143.5752,5.575199999999995,0.0,
TUHO,B.01,B.01.2,Operation Management Contract,3,fixed_annual_keur,INFLATION,67.0,0.02,1.0404,True,,,,,67.0,2.706800000000001,0.0,0.0,0.0,0.0,0.0,69.7068,2.706800000000001,0.0,
TUHO,B.01,B.01.3,Performance monitoring,3,fixed_annual_keur,INFLATION,35.0,0.02,1.0404,True,,,,,35.0,1.4140000000000015,0.0,0.0,0.0,0.0,0.0,36.414,1.4140000000000015,0.0,
TUHO,B.01,B.01.4,Technical Inspections,3,fixed_annual_keur,ZERO_LINE,0.0,0.02,1.0404,True,,,,,0.0,0.0,0.0,0.0,0.0,0.0,0.0,0.0,0.0,0.0,
TUHO,B.01,B.01.5,Meteorological and weather forecast service,3,fixed_annual_keur,INFLATION,18.0,0.02,1.0404,True,,,,,18.0,0.7271999999999998,0.0,0.0,0.0,0.0,0.0,18.7272,0.7271999999999998,0.0,
TUHO,B.01,B.01.6,Bazefield,3,fixed_annual_keur,INFLATION,22.0,0.02,1.0404,True,,,,,22.0,0.8887999999999998,0.0,0.0,0.0,0.0,0.0,22.8888,0.8887999999999998,0.0,
TUHO,B.01,B.01.1,Asset Management Contract,4,fixed_annual_keur,INFLATION,138.0,0.02,1.0612080000000002,True,,,,,138.0,8.446704000000011,0.0,0.0,0.0,0.0,0.0,146.446704,8.446704000000011,0.0,
TUHO,B.01,B.01.2,Operation Management Contract,4,fixed_annual_keur,INFLATION,67.0,0.02,1.0612080000000002,True,,,,,67.0,4.100936000000004,0.0,0.0,0.0,0.0,0.0,71.100936,4.100936000000004,0.0,
TUHO,B.01,B.01.3,Performance monitoring,4,fixed_annual_keur,INFLATION,35.0,0.02,1.0612080000000002,True,,,,,35.0,2.1422800000000066,0.0,0.0,0.0,0.0,0.0,37.14228000000001,2.1422800000000066,0.0,
TUHO,B.01,B.01.4,Technical Inspections,4,fixed_annual_keur,ZERO_LINE,0.0,0.02,1.0612080000000002,True,,,,,0.0,0.0,0.0,0.0,0.0,0.0,0.0,0.0,0.0,0.0,
TUHO,B.01,B.01.5,Meteorological and weather forecast service,4,fixed_annual_keur,INFLATION,18.0,0.02,1.0612080000000002,True,,,,,18.0,1.1017440000000036,0.0,0.0,0.0,0.0,0.0,19.101744000000004,1.1017440000000036,0.0,
TUHO,B.01,B.01.6,Bazefield,4,fixed_annual_keur,INFLATION,22.0,0.02,1.0612080000000002,True,,,,,22.0,1.3465760000000024,0.0,0.0,0.0,0.0,0.0,23.346576000000002,1.3465760000000024,0.0,
TUHO,B.01,B.01.1,Asset Management Contract,5,fixed_annual_keur,INFLATION,138.0,0.02,1.08243216,True,,,,,138.0,11.375638079999987,0.0,0.0,0.0,0.0,0.0,149.37563808,11.375638079999987,0.0,
TUHO,B.01,B.01.2,Operation Management Contract,5,fixed_annual_keur,INFLATION,67.0,0.02,1.08243216,True,,,,,67.0,5.522954720000001,0.0,0.0,0.0,0.0,0.0,72.52295472,5.522954720000001,0.0,
TUHO,B.01,B.01.3,Performance monitoring,5,fixed_annual_keur,INFLATION,35.0,0.02,1.08243216,True,,,,,35.0,2.885125600000002,0.0,0.0,0.0,0.0,0.0,37.8851256,2.885125600000002,0.0,
TUHO,B.01,B.01.4,Technical Inspections,5,fixed_annual_keur,ZERO_LINE,0.0,0.02,1.08243216,True,,,,,0.0,0.0,0.0,0.0,0.0,0.0,0.0,0.0,0.0,0.0,
TUHO,B.01,B.01.5,Meteorological and weather forecast service,5,fixed_annual_keur,INFLATION,18.0,0.02,1.08243216,True,,,,,18.0,1.4837788799999991,0.0,0.0,0.0,0.0,0.0,19.48377888,1.4837788799999991,0.0,
TUHO,B.01,B.01.6,Bazefield,5,fixed_annual_keur,INFLATION,22.0,0.02,1.08243216,True,,,,,22.0,1.8135075199999982,0.0,0.0,0.0,0.0,0.0,23.813507519999998,1.8135075199999982,0.0,
TUHO,B.01,B.01.1,Asset Management Contract,6,fixed_annual_keur,INFLATION,138.0,0.02,1.1040808032,True,,,,,138.0,14.363150841600003,0.0,0.0,0.0,0.0,0.0,152.3631508416,14.363150841600003,0.0,
TUHO,B.01,B.01.2,Operation Management Contract,6,fixed_annual_keur,INFLATION,67.0,0.02,1.1040808032,True,,,,,67.0,6.973413814400004,0.0,0.0,0.0,0.0,0.0,73.9734138144,6.973413814400004,0.0,
TUHO,B.01,B.01.3,Performance monitoring,6,fixed_annual_keur,INFLATION,35.0,0.02,1.1040808032,True,,,,,35.0,3.6428281120000037,0.0,0.0,0.0,0.0,0.0,38.642828112000004,3.6428281120000037,0.0,
TUHO,B.01,B.01.4,Technical Inspections,6,fixed_annual_keur,ZERO_LINE,0.0,0.02,1.1040808032,True,,,,,0.0,0.0,0.0,0.0,0.0,0.0,0.0,0.0,0.0,0.0,
TUHO,B.01,B.01.5,Meteorological and weather forecast service,6,fixed_annual_keur,INFLATION,18.0,0.02,1.1040808032,True,,,,,18.0,1.8734544576000012,0.0,0.0,0.0,0.0,0.0,19.8734544576,1.8734544576000012,0.0,
TUHO,B.01,B.01.6,Bazefield,6,fixed_annual_keur,INFLATION,22.0,0.02,1.1040808032,True,,,,,22.0,2.2897776703999995,0.0,0.0,0.0,0.0,0.0,24.2897776704,2.2897776703999995,0.0,
TUHO,B.01,B.01.1,Asset Management Contract,7,fixed_annual_keur,INFLATION,138.0,0.02,1.126162419264,True,,,,,138.0,17.41041385843201,0.0,0.0,0.0,0.0,0.0,155.410413858432,17.41041385843201,0.0,
TUHO,B.01,B.01.2,Operation Management Contract,7,fixed_annual_keur,INFLATION,67.0,0.02,1.126162419264,True,,,,,67.0,8.452882090688007,0.0,0.0,0.0,0.0,0.0,75.45288209068801,8.452882090688007,0.0,
TUHO,B.01,B.01.3,Performance monitoring,7,fixed_annual_keur,INFLATION,35.0,0.02,1.126162419264,True,,,,,35.0,4.415684674240005,0.0,0.0,0.0,0.0,0.0,39.415684674240005,4.415684674240005,0.0,
TUHO,B.01,B.01.4,Technical Inspections,7,fixed_annual_keur,ZERO_LINE,0.0,0.02,1.126162419264,True,,,,,0.0,0.0,0.0,0.0,0.0,0.0,0.0,0.0,0.0,0.0,
TUHO,B.01,B.01.5,Meteorological and weather forecast service,7,fixed_annual_keur,INFLATION,18.0,0.02,1.126162419264,True,,,,,18.0,2.2709235467520017,0.0,0.0,0.0,0.0,0.0,20.270923546752,2.2709235467520017,0.0,
TUHO,B.01,B.01.6,Bazefield,7,fixed_annual_keur,INFLATION,22.0,0.02,1.126162419264,True,,,,,22.0,2.775573223808003,0.0,0.0,0.0,0.0,0.0,24.775573223808003,2.775573223808003,0.0,
TUHO,B.01,B.01.1,Asset Management Contract,8,fixed_annual_keur,INFLATION,138.0,0.02,1.14868566764928,True,,,,,138.0,20.51862213560065,0.0,0.0,0.0,0.0,0.0,158.51862213560065,20.51862213560065,0.0,
TUHO,B.01,B.01.2,Operation Management Contract,8,fixed_annual_keur,INFLATION,67.0,0.02,1.14868566764928,True,,,,,67.0,9.961939732501762,0.0,0.0,0.0,0.0,0.0,76.96193973250176,9.961939732501762,0.0,
TUHO,B.01,B.01.3,Performance monitoring,8,fixed_annual_keur,INFLATION,35.0,0.02,1.14868566764928,True,,,,,35.0,5.2039983677248,0.0,0.0,0.0,0.0,0.0,40.2039983677248,5.2039983677248,0.0,
TUHO,B.01,B.01.4,Technical Inspections,8,fixed_annual_keur,ZERO_LINE,0.0,0.02,1.14868566764928,True,,,,,0.0,0.0,0.0,0.0,0.0,0.0,0.0,0.0,0.0,0.0,
TUHO,B.01,B.01.5,Meteorological and weather forecast service,8,fixed_annual_keur,INFLATION,18.0,0.02,1.14868566764928,True,,,,,18.0,2.676342017687041,0.0,0.0,0.0,0.0,0.0,20.67634201768704,2.676342017687041,0.0,
TUHO,B.01,B.01.6,Bazefield,8,fixed_annual_keur,INFLATION,22.0,0.02,1.14868566764928,True,,,,,22.0,3.271084688284162,0.0,0.0,0.0,0.0,0.0,25.271084688284162,3.271084688284162,0.0,
TUHO,B.01,B.01.1,Asset Management Contract,9,fixed_annual_keur,INFLATION,138.0,0.02,1.1716593810022657,True,,,,,138.0,23.688994578312673,0.0,0.0,0.0,0.0,0.0,161.68899457831267,23.688994578312673,0.0,
TUHO,B.01,B.01.2,Operation Management Contract,9,fixed_annual_keur,INFLATION,67.0,0.02,1.1716593810022657,True,,,,,67.0,11.501178527151808,0.0,0.0,0.0,0.0,0.0,78.50117852715181,11.501178527151808,0.0,
TUHO,B.01,B.01.3,Performance monitoring,9,fixed_annual_keur,INFLATION,35.0,0.02,1.1716593810022657,True,,,,,35.0,6.008078335079304,0.0,0.0,0.0,0.0,0.0,41.008078335079304,6.008078335079304,0.0,
TUHO,B.01,B.01.4,Technical Inspections,9,fixed_annual_keur,ZERO_LINE,0.0,0.02,1.1716593810022657,True,,,,,0.0,0.0,0.0,0.0,0.0,0.0,0.0,0.0,0.0,0.0,
TUHO,B.01,B.01.5,Meteorological and weather forecast service,9,fixed_annual_keur,INFLATION,18.0,0.02,1.1716593810022657,True,,,,,18.0,3.0898688580407843,0.0,0.0,0.0,0.0,0.0,21.089868858040784,3.0898688580407843,0.0,
TUHO,B.01,B.01.6,Bazefield,9,fixed_annual_keur,INFLATION,22.0,0.02,1.1716593810022657,True,,,,,22.0,3.7765063820498455,0.0,0.0,0.0,0.0,0.0,25.776506382049845,3.7765063820498455,0.0,
TUHO,B.01,B.01.1,Asset Management Contract,10,fixed_annual_keur,INFLATION,138.0,0.02,1.195092568622311,True,,,,,138.0,26.92277446987893,0.0,0.0,0.0,0.0,0.0,164.92277446987893,26.92277446987893,0.0,
TUHO,B.01,B.01.2,Operation Management Contract,10,fixed_annual_keur,INFLATION,67.0,0.02,1.195092568622311,True,,,,,67.0,13.071202097694837,0.0,0.0,0.0,0.0,0.0,80.07120209769484,13.071202097694837,0.0,
TUHO,B.01,B.01.3,Performance monitoring,10,fixed_annual_keur,INFLATION,35.0,0.02,1.195092568622311,True,,,,,35.0,6.82823990178089,0.0,0.0,0.0,0.0,0.0,41.82823990178089,6.82823990178089,0.0,
TUHO,B.01,B.01.4,Technical Inspections,10,fixed_annual_keur,ZERO_LINE,0.0,0.02,1.195092568622311,True,,,,,0.0,0.0,0.0,0.0,0.0,0.0,0.0,0.0,0.0,0.0,
TUHO,B.01,B.01.5,Meteorological and weather forecast service,10,fixed_annual_keur,INFLATION,18.0,0.02,1.195092568622311,True,,,,,18.0,3.5116662352015986,0.0,0.0,0.0,0.0,0.0,21.5116662352016,3.5116662352015986,0.0,
TUHO,B.01,B.01.6,Bazefield,10,fixed_annual_keur,INFLATION,22.0,0.02,1.195092568622311,True,,,,,22.0,4.292036509690842,0.0,0.0,0.0,0.0,0.0,26.292036509690842,4.292036509690842,0.0,
TUHO,B.01,B.01.1,Asset Management Contract,11,fixed_annual_keur,INFLATION,138.0,0.02,1.2189944199947573,True,,,,,138.0,30.221229959276513,0.0,0.0,0.0,0.0,0.0,168.2212299592765,30.221229959276513,0.0,
TUHO,B.01,B.01.2,Operation Management Contract,11,fixed_annual_keur,INFLATION,67.0,0.02,1.2189944199947573,True,,,,,67.0,14.672626139648742,0.0,0.0,0.0,0.0,0.0,81.67262613964874,14.672626139648742,0.0,
TUHO,B.01,B.01.3,Performance monitoring,11,fixed_annual_keur,INFLATION,35.0,0.02,1.2189944199947573,True,,,,,35.0,7.664804699816507,0.0,0.0,0.0,0.0,0.0,42.66480469981651,7.664804699816507,0.0,
TUHO,B.01,B.01.4,Technical Inspections,11,fixed_annual_keur,ZERO_LINE,0.0,0.02,1.2189944199947573,True,,,,,0.0,0.0,0.0,0.0,0.0,0.0,0.0,0.0,0.0,0.0,
TUHO,B.01,B.01.5,Meteorological and weather forecast service,11,fixed_annual_keur,INFLATION,18.0,0.02,1.2189944199947573,True,,,,,18.0,3.9418995599056323,0.0,0.0,0.0,0.0,0.0,21.941899559905632,3.9418995599056323,0.0,
TUHO,B.01,B.01.6,Bazefield,11,fixed_annual_keur,INFLATION,22.0,0.02,1.2189944199947573,True,,,,,22.0,4.8178772398846625,0.0,0.0,0.0,0.0,0.0,26.817877239884663,4.8178772398846625,0.0,
TUHO,B.01,B.01.1,Asset Management Contract,12,fixed_annual_keur,INFLATION,138.0,0.02,1.2433743083946525,True,,,,,138.0,33.58565455846204,0.0,0.0,0.0,0.0,0.0,171.58565455846204,33.58565455846204,0.0,
TUHO,B.01,B.01.2,Operation Management Contract,12,fixed_annual_keur,INFLATION,67.0,0.02,1.2433743083946525,True,,,,,67.0,16.30607866244172,0.0,0.0,0.0,0.0,0.0,83.30607866244172,16.30607866244172,0.0,
TUHO,B.01,B.01.3,Performance monitoring,12,fixed_annual_keur,INFLATION,35.0,0.02,1.2433743083946525,True,,,,,35.0,8.518100793812835,0.0,0.0,0.0,0.0,0.0,43.518100793812835,8.518100793812835,0.0,
TUHO,B.01,B.01.4,Technical Inspections,12,fixed_annual_keur,ZERO_LINE,0.0,0.02,1.2433743083946525,True,,,,,0.0,0.0,0.0,0.0,0.0,0.0,0.0,0.0,0.0,0.0,
TUHO,B.01,B.01.5,Meteorological and weather forecast service,12,fixed_annual_keur,INFLATION,18.0,0.02,1.2433743083946525,True,,,,,18.0,4.380737551103746,0.0,0.0,0.0,0.0,0.0,22.380737551103746,4.380737551103746,0.0,
TUHO,B.01,B.01.6,Bazefield,12,fixed_annual_keur,INFLATION,22.0,0.02,1.2433743083946525,True,,,,,22.0,5.354234784682355,0.0,0.0,0.0,0.0,0.0,27.354234784682355,5.354234784682355,0.0,
TUHO,B.01,B.01.1,Asset Management Contract,13,fixed_annual_keur,INFLATION,138.0,0.02,1.2682417945625455,True,,,,,138.0,37.01736764963127,0.0,0.0,0.0,0.0,0.0,175.01736764963127,37.01736764963127,0.0,
TUHO,B.01,B.01.2,Operation Management Contract,13,fixed_annual_keur,INFLATION,67.0,0.02,1.2682417945625455,True,,,,,67.0,17.97220023569055,0.0,0.0,0.0,0.0,0.0,84.97220023569055,17.97220023569055,0.0,
TUHO,B.01,B.01.3,Performance monitoring,13,fixed_annual_keur,INFLATION,35.0,0.02,1.2682417945625455,True,,,,,35.0,9.388462809689095,0.0,0.0,0.0,0.0,0.0,44.388462809689095,9.388462809689095,0.0,
TUHO,B.01,B.01.4,Technical Inspections,13,fixed_annual_keur,ZERO_LINE,0.0,0.02,1.2682417945625455,True,,,,,0.0,0.0,0.0,0.0,0.0,0.0,0.0,0.0,0.0,0.0,
TUHO,B.01,B.01.5,Meteorological and weather forecast service,13,fixed_annual_keur,INFLATION,18.0,0.02,1.2682417945625455,True,,,,,18.0,4.828352302125818,0.0,0.0,0.0,0.0,0.0,22.82835230212582,4.828352302125818,0.0,
TUHO,B.01,B.01.6,Bazefield,13,fixed_annual_keur,INFLATION,22.0,0.02,1.2682417945625455,True,,,,,22.0,5.901319480375999,0.0,0.0,0.0,0.0,0.0,27.901319480376,5.901319480375999,0.0,
TUHO,B.01,B.01.1,Asset Management Contract,14,fixed_annual_keur,INFLATION,138.0,0.02,1.2936066304537965,True,,,,,138.0,40.51771500262393,0.0,0.0,0.0,0.0,0.0,178.51771500262393,40.51771500262393,0.0,
TUHO,B.01,B.01.2,Operation Management Contract,14,fixed_annual_keur,INFLATION,67.0,0.02,1.2936066304537965,True,,,,,67.0,19.671644240404362,0.0,0.0,0.0,0.0,0.0,86.67164424040436,19.671644240404362,0.0,
TUHO,B.01,B.01.3,Performance monitoring,14,fixed_annual_keur,INFLATION,35.0,0.02,1.2936066304537965,True,,,,,35.0,10.27623206588288,0.0,0.0,0.0,0.0,0.0,45.27623206588288,10.27623206588288,0.0,
TUHO,B.01,B.01.4,Technical Inspections,14,fixed_annual_keur,ZERO_LINE,0.0,0.02,1.2936066304537965,True,,,,,0.0,0.0,0.0,0.0,0.0,0.0,0.0,0.0,0.0,0.0,
TUHO,B.01,B.01.5,Meteorological and weather forecast service,14,fixed_annual_keur,INFLATION,18.0,0.02,1.2936066304537965,True,,,,,18.0,5.284919348168337,0.0,0.0,0.0,0.0,0.0,23.284919348168337,5.284919348168337,0.0,
TUHO,B.01,B.01.6,Bazefield,14,fixed_annual_keur,INFLATION,22.0,0.02,1.2936066304537965,True,,,,,22.0,6.4593458699835224,0.0,0.0,0.0,0.0,0.0,28.459345869983522,6.4593458699835224,0.0,
TUHO,B.01,B.01.1,Asset Management Contract,15,fixed_annual_keur,INFLATION,138.0,0.02,1.3194787630628724,True,,,,,138.0,44.08806930267639,0.0,0.0,0.0,0.0,0.0,182.0880693026764,44.08806930267639,0.0,
TUHO,B.01,B.01.2,Operation Management Contract,15,fixed_annual_keur,INFLATION,67.0,0.02,1.3194787630628724,True,,,,,67.0,21.405077125212443,0.0,0.0,0.0,0.0,0.0,88.40507712521244,21.405077125212443,0.0,
TUHO,B.01,B.01.3,Performance monitoring,15,fixed_annual_keur,INFLATION,35.0,0.02,1.3194787630628724,True,,,,,35.0,11.181756707200535,0.0,0.0,0.0,0.0,0.0,46.181756707200535,11.181756707200535,0.0,
TUHO,B.01,B.01.4,Technical Inspections,15,fixed_annual_keur,ZERO_LINE,0.0,0.02,1.3194787630628724,True,,,,,0.0,0.0,0.0,0.0,0.0,0.0,0.0,0.0,0.0,0.0,
TUHO,B.01,B.01.5,Meteorological and weather forecast service,15,fixed_annual_keur,INFLATION,18.0,0.02,1.3194787630628724,True,,,,,18.0,5.750617735131701,0.0,0.0,0.0,0.0,0.0,23.7506177351317,5.750617735131701,0.0,
TUHO,B.01,B.01.6,Bazefield,15,fixed_annual_keur,INFLATION,22.0,0.02,1.3194787630628724,True,,,,,22.0,7.028532787383192,0.0,0.0,0.0,0.0,0.0,29.02853278738319,7.028532787383192,0.0,
TUHO,B.01,B.01.1,Asset Management Contract,16,fixed_annual_keur,INFLATION,138.0,0.02,1.3458683383241299,True,,,,,138.0,47.72983068872992,0.0,0.0,0.0,0.0,0.0,185.72983068872992,47.72983068872992,0.0,
TUHO,B.01,B.01.2,Operation Management Contract,16,fixed_annual_keur,INFLATION,67.0,0.02,1.3458683383241299,True,,,,,67.0,23.173178667716698,0.0,0.0,0.0,0.0,0.0,90.1731786677167,23.173178667716698,0.0,
TUHO,B.01,B.01.3,Performance monitoring,16,fixed_annual_keur,INFLATION,35.0,0.02,1.3458683383241299,True,,,,,35.0,12.105391841344549,0.0,0.0,0.0,0.0,0.0,47.10539184134455,12.105391841344549,0.0,
TUHO,B.01,B.01.4,Technical Inspections,16,fixed_annual_keur,ZERO_LINE,0.0,0.02,1.3458683383241299,True,,,,,0.0,0.0,0.0,0.0,0.0,0.0,0.0,0.0,0.0,0.0,
TUHO,B.01,B.01.5,Meteorological and weather forecast service,16,fixed_annual_keur,INFLATION,18.0,0.02,1.3458683383241299,True,,,,,18.0,6.22563008983434,0.0,0.0,0.0,0.0,0.0,24.22563008983434,6.22563008983434,0.0,
TUHO,B.01,B.01.6,Bazefield,16,fixed_annual_keur,INFLATION,22.0,0.02,1.3458683383241299,True,,,,,22.0,7.609103443130856,0.0,0.0,0.0,0.0,0.0,29.609103443130856,7.609103443130856,0.0,
TUHO,B.01,B.01.1,Asset Management Contract,17,fixed_annual_keur,INFLATION,138.0,0.02,1.3727857050906125,True,,,,,138.0,51.44442730250452,0.0,0.0,0.0,0.0,0.0,189.44442730250452,51.44442730250452,0.0,
TUHO,B.01,B.01.2,Operation Management Contract,17,fixed_annual_keur,INFLATION,67.0,0.02,1.3727857050906125,True,,,,,67.0,24.976642241071033,0.0,0.0,0.0,0.0,0.0,91.97664224107103,24.976642241071033,0.0,
TUHO,B.01,B.01.3,Performance monitoring,17,fixed_annual_keur,INFLATION,35.0,0.02,1.3727857050906125,True,,,,,35.0,13.047499678171434,0.0,0.0,0.0,0.0,0.0,48.047499678171434,13.047499678171434,0.0,
TUHO,B.01,B.01.4,Technical Inspections,17,fixed_annual_keur,ZERO_LINE,0.0,0.02,1.3727857050906125,True,,,,,0.0,0.0,0.0,0.0,0.0,0.0,0.0,0.0,0.0,0.0,
TUHO,B.01,B.01.5,Meteorological and weather forecast service,17,fixed_annual_keur,INFLATION,18.0,0.02,1.3727857050906125,True,,,,,18.0,6.710142691631024,0.0,0.0,0.0,0.0,0.0,24.710142691631024,6.710142691631024,0.0,
TUHO,B.01,B.01.6,Bazefield,17,fixed_annual_keur,INFLATION,22.0,0.02,1.3727857050906125,True,,,,,22.0,8.201285511993476,0.0,0.0,0.0,0.0,0.0,30.201285511993476,8.201285511993476,0.0,
TUHO,B.01,B.01.1,Asset Management Contract,18,fixed_annual_keur,INFLATION,138.0,0.02,1.4002414191924248,True,,,,,138.0,55.23331584855464,0.0,0.0,0.0,0.0,0.0,193.23331584855464,55.23331584855464,0.0,
TUHO,B.01,B.01.2,Operation Management Contract,18,fixed_annual_keur,INFLATION,67.0,0.02,1.4002414191924248,True,,,,,67.0,26.816175085892468,0.0,0.0,0.0,0.0,0.0,93.81617508589247,26.816175085892468,0.0,
TUHO,B.01,B.01.3,Performance monitoring,18,fixed_annual_keur,INFLATION,35.0,0.02,1.4002414191924248,True,,,,,35.0,14.008449671734873,0.0,0.0,0.0,0.0,0.0,49.00844967173487,14.008449671734873,0.0,
TUHO,B.01,B.01.4,Technical Inspections,18,fixed_annual_keur,ZERO_LINE,0.0,0.02,1.4002414191924248,True,,,,,0.0,0.0,0.0,0.0,0.0,0.0,0.0,0.0,0.0,0.0,
TUHO,B.01,B.01.5,Meteorological and weather forecast service,18,fixed_annual_keur,INFLATION,18.0,0.02,1.4002414191924248,True,,,,,18.0,7.204345545463646,0.0,0.0,0.0,0.0,0.0,25.204345545463646,7.204345545463646,0.0,
TUHO,B.01,B.01.6,Bazefield,18,fixed_annual_keur,INFLATION,22.0,0.02,1.4002414191924248,True,,,,,22.0,8.805311222233346,0.0,0.0,0.0,0.0,0.0,30.805311222233346,8.805311222233346,0.0,
TUHO,B.01,B.01.1,Asset Management Contract,19,fixed_annual_keur,INFLATION,138.0,0.02,1.4282462475762734,True,,,,,138.0,59.097982165525735,0.0,0.0,0.0,0.0,0.0,197.09798216552574,59.097982165525735,0.0,
TUHO,B.01,B.01.2,Operation Management Contract,19,fixed_annual_keur,INFLATION,67.0,0.02,1.4282462475762734,True,,,,,67.0,28.692498587610316,0.0,0.0,0.0,0.0,0.0,95.69249858761032,28.692498587610316,0.0,
TUHO,B.01,B.01.3,Performance monitoring,19,fixed_annual_keur,INFLATION,35.0,0.02,1.4282462475762734,True,,,,,35.0,14.988618665169568,0.0,0.0,0.0,0.0,0.0,49.98861866516957,14.988618665169568,0.0,
TUHO,B.01,B.01.4,Technical Inspections,19,fixed_annual_keur,ZERO_LINE,0.0,0.02,1.4282462475762734,True,,,,,0.0,0.0,0.0,0.0,0.0,0.0,0.0,0.0,0.0,0.0,
TUHO,B.01,B.01.5,Meteorological and weather forecast service,19,fixed_annual_keur,INFLATION,18.0,0.02,1.4282462475762734,True,,,,,18.0,7.708432456372922,0.0,0.0,0.0,0.0,0.0,25.708432456372922,7.708432456372922,0.0,
TUHO,B.01,B.01.6,Bazefield,19,fixed_annual_keur,INFLATION,22.0,0.02,1.4282462475762734,True,,,,,22.0,9.421417446678014,0.0,0.0,0.0,0.0,0.0,31.421417446678014,9.421417446678014,0.0,
TUHO,B.01,B.01.1,Asset Management Contract,20,fixed_annual_keur,INFLATION,138.0,0.02,1.4568111725277988,True,,,,,138.0,63.03994180883623,0.0,0.0,0.0,0.0,0.0,201.03994180883623,63.03994180883623,0.0,
TUHO,B.01,B.01.2,Operation Management Contract,20,fixed_annual_keur,INFLATION,67.0,0.02,1.4568111725277988,True,,,,,67.0,30.606348559362516,0.0,0.0,0.0,0.0,0.0,97.60634855936252,30.606348559362516,0.0,
TUHO,B.01,B.01.3,Performance monitoring,20,fixed_annual_keur,INFLATION,35.0,0.02,1.4568111725277988,True,,,,,35.0,15.988391038472955,0.0,0.0,0.0,0.0,0.0,50.988391038472955,15.988391038472955,0.0,
TUHO,B.01,B.01.4,Technical Inspections,20,fixed_annual_keur,ZERO_LINE,0.0,0.02,1.4568111725277988,True,,,,,0.0,0.0,0.0,0.0,0.0,0.0,0.0,0.0,0.0,0.0,
TUHO,B.01,B.01.5,Meteorological and weather forecast service,20,fixed_annual_keur,INFLATION,18.0,0.02,1.4568111725277988,True,,,,,18.0,8.222601105500377,0.0,0.0,0.0,0.0,0.0,26.222601105500377,8.222601105500377,0.0,
TUHO,B.01,B.01.6,Bazefield,20,fixed_annual_keur,INFLATION,22.0,0.02,1.4568111725277988,True,,,,,22.0,10.049845795611574,0.0,0.0,0.0,0.0,0.0,32.049845795611574,10.049845795611574,0.0,
TUHO,B.01,B.01.1,Asset Management Contract,21,fixed_annual_keur,INFLATION,138.0,0.02,1.485947395978355,True,,,,,138.0,67.06074064501297,0.0,0.0,0.0,0.0,0.0,205.06074064501297,67.06074064501297,0.0,
TUHO,B.01,B.01.2,Operation Management Contract,21,fixed_annual_keur,INFLATION,67.0,0.02,1.485947395978355,True,,,,,67.0,32.558475530549785,0.0,0.0,0.0,0.0,0.0,99.55847553054979,32.558475530549785,0.0,
TUHO,B.01,B.01.3,Performance monitoring,21,fixed_annual_keur,INFLATION,35.0,0.02,1.485947395978355,True,,,,,35.0,17.00815885924242,0.0,0.0,0.0,0.0,0.0,52.00815885924242,17.00815885924242,0.0,
TUHO,B.01,B.01.4,Technical Inspections,21,fixed_annual_keur,ZERO_LINE,0.0,0.02,1.485947395978355,True,,,,,0.0,0.0,0.0,0.0,0.0,0.0,0.0,0.0,0.0,0.0,
TUHO,B.01,B.01.5,Meteorological and weather forecast service,21,fixed_annual_keur,INFLATION,18.0,0.02,1.485947395978355,True,,,,,18.0,8.747053127610389,0.0,0.0,0.0,0.0,0.0,26.74705312761039,8.747053127610389,0.0,
TUHO,B.01,B.01.6,Bazefield,21,fixed_annual_keur,INFLATION,22.0,0.02,1.485947395978355,True,,,,,22.0,10.690842711523807,0.0,0.0,0.0,0.0,0.0,32.69084271152381,10.690842711523807,0.0,
TUHO,B.01,B.01.1,Asset Management Contract,22,fixed_annual_keur,INFLATION,138.0,0.02,1.5156663438979219,True,,,,,138.0,71.16195545791322,0.0,0.0,0.0,0.0,0.0,209.16195545791322,71.16195545791322,0.0,
TUHO,B.01,B.01.2,Operation Management Contract,22,fixed_annual_keur,INFLATION,67.0,0.02,1.5156663438979219,True,,,,,67.0,34.54964504116077,0.0,0.0,0.0,0.0,0.0,101.54964504116077,34.54964504116077,0.0,
TUHO,B.01,B.01.3,Performance monitoring,22,fixed_annual_keur,INFLATION,35.0,0.02,1.5156663438979219,True,,,,,35.0,18.048322036427265,0.0,0.0,0.0,0.0,0.0,53.048322036427265,18.048322036427265,0.0,
TUHO,B.01,B.01.4,Technical Inspections,22,fixed_annual_keur,ZERO_LINE,0.0,0.02,1.5156663438979219,True,,,,,0.0,0.0,0.0,0.0,0.0,0.0,0.0,0.0,0.0,0.0,
TUHO,B.01,B.01.5,Meteorological and weather forecast service,22,fixed_annual_keur,INFLATION,18.0,0.02,1.5156663438979219,True,,,,,18.0,9.281994190162592,0.0,0.0,0.0,0.0,0.0,27.281994190162592,9.281994190162592,0.0,
TUHO,B.01,B.01.6,Bazefield,22,fixed_annual_keur,INFLATION,22.0,0.02,1.5156663438979219,True,,,,,22.0,11.344659565754284,0.0,0.0,0.0,0.0,0.0,33.344659565754284,11.344659565754284,0.0,
TUHO,B.01,B.01.1,Asset Management Contract,23,fixed_annual_keur,INFLATION,138.0,0.02,1.5459796707758804,True,,,,,138.0,75.3451945670715,0.0,0.0,0.0,0.0,0.0,213.3451945670715,75.3451945670715,0.0,
TUHO,B.01,B.01.2,Operation Management Contract,23,fixed_annual_keur,INFLATION,67.0,0.02,1.5459796707758804,True,,,,,67.0,36.58063794198398,0.0,0.0,0.0,0.0,0.0,103.58063794198398,36.58063794198398,0.0,
TUHO,B.01,B.01.3,Performance monitoring,23,fixed_annual_keur,INFLATION,35.0,0.02,1.5459796707758804,True,,,,,35.0,19.109288477155815,0.0,0.0,0.0,0.0,0.0,54.109288477155815,19.109288477155815,0.0,
TUHO,B.01,B.01.4,Technical Inspections,23,fixed_annual_keur,ZERO_LINE,0.0,0.02,1.5459796707758804,True,,,,,0.0,0.0,0.0,0.0,0.0,0.0,0.0,0.0,0.0,0.0,
TUHO,B.01,B.01.5,Meteorological and weather forecast service,23,fixed_annual_keur,INFLATION,18.0,0.02,1.5459796707758804,True,,,,,18.0,9.827634073965847,0.0,0.0,0.0,0.0,0.0,27.827634073965847,9.827634073965847,0.0,
TUHO,B.01,B.01.6,Bazefield,23,fixed_annual_keur,INFLATION,22.0,0.02,1.5459796707758804,True,,,,,22.0,12.011552757069367,0.0,0.0,0.0,0.0,0.0,34.01155275706937,12.011552757069367,0.0,
TUHO,B.01,B.01.1,Asset Management Contract,24,fixed_annual_keur,INFLATION,138.0,0.02,1.5768992641913981,True,,,,,138.0,79.61209845841293,0.0,0.0,0.0,0.0,0.0,217.61209845841293,79.61209845841293,0.0,
TUHO,B.01,B.01.2,Operation Management Contract,24,fixed_annual_keur,INFLATION,67.0,0.02,1.5768992641913981,True,,,,,67.0,38.65225070082367,0.0,0.0,0.0,0.0,0.0,105.65225070082367,38.65225070082367,0.0,
TUHO,B.01,B.01.3,Performance monitoring,24,fixed_annual_keur,INFLATION,35.0,0.02,1.5768992641913981,True,,,,,35.0,20.191474246698938,0.0,0.0,0.0,0.0,0.0,55.19147424669894,20.191474246698938,0.0,
TUHO,B.01,B.01.4,Technical Inspections,24,fixed_annual_keur,ZERO_LINE,0.0,0.02,1.5768992641913981,True,,,,,0.0,0.0,0.0,0.0,0.0,0.0,0.0,0.0,0.0,0.0,
TUHO,B.01,B.01.5,Meteorological and weather forecast service,24,fixed_annual_keur,INFLATION,18.0,0.02,1.5768992641913981,True,,,,,18.0,10.384186755445167,0.0,0.0,0.0,0.0,0.0,28.384186755445167,10.384186755445167,0.0,
TUHO,B.01,B.01.6,Bazefield,24,fixed_annual_keur,INFLATION,22.0,0.02,1.5768992641913981,True,,,,,22.0,12.691783812210758,0.0,0.0,0.0,0.0,0.0,34.69178381221076,12.691783812210758,0.0,
TUHO,B.01,B.01.1,Asset Management Contract,25,fixed_annual_keur,INFLATION,138.0,0.02,1.6084372494752261,True,,,,,138.0,83.96434042758122,0.0,0.0,0.0,0.0,0.0,221.96434042758122,83.96434042758122,0.0,
TUHO,B.01,B.01.2,Operation Management Contract,25,fixed_annual_keur,INFLATION,67.0,0.02,1.6084372494752261,True,,,,,67.0,40.76529571484015,0.0,0.0,0.0,0.0,0.0,107.76529571484015,40.76529571484015,0.0,
TUHO,B.01,B.01.3,Performance monitoring,25,fixed_annual_keur,INFLATION,35.0,0.02,1.6084372494752261,True,,,,,35.0,21.295303731632913,0.0,0.0,0.0,0.0,0.0,56.29530373163291,21.295303731632913,0.0,
TUHO,B.01,B.01.4,Technical Inspections,25,fixed_annual_keur,ZERO_LINE,0.0,0.02,1.6084372494752261,True,,,,,0.0,0.0,0.0,0.0,0.0,0.0,0.0,0.0,0.0,0.0,
TUHO,B.01,B.01.5,Meteorological and weather forecast service,25,fixed_annual_keur,INFLATION,18.0,0.02,1.6084372494752261,True,,,,,18.0,10.951870490554072,0.0,0.0,0.0,0.0,0.0,28.95187049055407,10.951870490554072,0.0,
TUHO,B.01,B.01.6,Bazefield,25,fixed_annual_keur,INFLATION,22.0,0.02,1.6084372494752261,True,,,,,22.0,13.385619488454978,0.0,0.0,0.0,0.0,0.0,35.38561948845498,13.385619488454978,0.0,
TUHO,B.01,B.01.1,Asset Management Contract,26,fixed_annual_keur,INFLATION,138.0,0.02,1.6406059944647307,True,,,,,138.0,88.40362723613282,0.0,0.0,0.0,0.0,0.0,226.40362723613282,88.40362723613282,0.0,
TUHO,B.01,B.01.2,Operation Management Contract,26,fixed_annual_keur,INFLATION,67.0,0.02,1.6406059944647307,True,,,,,67.0,42.920601629136954,0.0,0.0,0.0,0.0,0.0,109.92060162913695,42.920601629136954,0.0,
TUHO,B.01,B.01.3,Performance monitoring,26,fixed_annual_keur,INFLATION,35.0,0.02,1.6406059944647307,True,,,,,35.0,22.421209806265573,0.0,0.0,0.0,0.0,0.0,57.42120980626557,22.421209806265573,0.0,
TUHO,B.01,B.01.4,Technical Inspections,26,fixed_annual_keur,ZERO_LINE,0.0,0.02,1.6406059944647307,True,,,,,0.0,0.0,0.0,0.0,0.0,0.0,0.0,0.0,0.0,0.0,
TUHO,B.01,B.01.5,Meteorological and weather forecast service,26,fixed_annual_keur,INFLATION,18.0,0.02,1.6406059944647307,True,,,,,18.0,11.53090790036515,0.0,0.0,0.0,0.0,0.0,29.53090790036515,11.53090790036515,0.0,
TUHO,B.01,B.01.6,Bazefield,26,fixed_annual_keur,INFLATION,22.0,0.02,1.6406059944647307,True,,,,,22.0,14.093331878224078,0.0,0.0,0.0,0.0,0.0,36.09333187822408,14.093331878224078,0.0,
TUHO,B.01,B.01.1,Asset Management Contract,27,fixed_annual_keur,INFLATION,138.0,0.02,1.6734181143540252,True,,,,,138.0,92.93169978085547,0.0,0.0,0.0,0.0,0.0,230.93169978085547,92.93169978085547,0.0,
TUHO,B.01,B.01.2,Operation Management Contract,27,fixed_annual_keur,INFLATION,67.0,0.02,1.6734181143540252,True,,,,,67.0,45.11901366171969,0.0,0.0,0.0,0.0,0.0,112.11901366171969,45.11901366171969,0.0,
TUHO,B.01,B.01.3,Performance monitoring,27,fixed_annual_keur,INFLATION,35.0,0.02,1.6734181143540252,True,,,,,35.0,23.569634002390885,0.0,0.0,0.0,0.0,0.0,58.569634002390885,23.569634002390885,0.0,
TUHO,B.01,B.01.4,Technical Inspections,27,fixed_annual_keur,ZERO_LINE,0.0,0.02,1.6734181143540252,True,,,,,0.0,0.0,0.0,0.0,0.0,0.0,0.0,0.0,0.0,0.0,
TUHO,B.01,B.01.5,Meteorological and weather forecast service,27,fixed_annual_keur,INFLATION,18.0,0.02,1.6734181143540252,True,,,,,18.0,12.121526058372453,0.0,0.0,0.0,0.0,0.0,30.121526058372453,12.121526058372453,0.0,
TUHO,B.01,B.01.6,Bazefield,27,fixed_annual_keur,INFLATION,22.0,0.02,1.6734181143540252,True,,,,,22.0,14.815198515788552,0.0,0.0,0.0,0.0,0.0,36.81519851578855,14.815198515788552,0.0,
TUHO,B.01,B.01.1,Asset Management Contract,28,fixed_annual_keur,INFLATION,138.0,0.02,1.7068864766411058,True,,,,,138.0,97.5503337764726,0.0,0.0,0.0,0.0,0.0,235.5503337764726,97.5503337764726,0.0,
TUHO,B.01,B.01.2,Operation Management Contract,28,fixed_annual_keur,INFLATION,67.0,0.02,1.7068864766411058,True,,,,,67.0,47.361393934954094,0.0,0.0,0.0,0.0,0.0,114.3613939349541,47.361393934954094,0.0,
TUHO,B.01,B.01.3,Performance monitoring,28,fixed_annual_keur,INFLATION,35.0,0.02,1.7068864766411058,True,,,,,35.0,24.7410266824387,0.0,0.0,0.0,0.0,0.0,59.7410266824387,24.7410266824387,0.0,
TUHO,B.01,B.01.4,Technical Inspections,28,fixed_annual_keur,ZERO_LINE,0.0,0.02,1.7068864766411058,True,,,,,0.0,0.0,0.0,0.0,0.0,0.0,0.0,0.0,0.0,0.0,
TUHO,B.01,B.01.5,Meteorological and weather forecast service,28,fixed_annual_keur,INFLATION,18.0,0.02,1.7068864766411058,True,,,,,18.0,12.723956579539905,0.0,0.0,0.0,0.0,0.0,30.723956579539905,12.723956579539905,0.0,
TUHO,B.01,B.01.6,Bazefield,28,fixed_annual_keur,INFLATION,22.0,0.02,1.7068864766411058,True,,,,,22.0,15.551502486104326,0.0,0.0,0.0,0.0,0.0,37.551502486104326,15.551502486104326,0.0,
TUHO,B.01,B.01.1,Asset Management Contract,29,fixed_annual_keur,INFLATION,138.0,0.02,1.741024206173928,True,,,,,138.0,102.26134045200206,0.0,0.0,0.0,0.0,0.0,240.26134045200206,102.26134045200206,0.0,
TUHO,B.01,B.01.2,Operation Management Contract,29,fixed_annual_keur,INFLATION,67.0,0.02,1.741024206173928,True,,,,,67.0,49.64862181365318,0.0,0.0,0.0,0.0,0.0,116.64862181365318,49.64862181365318,0.0,
TUHO,B.01,B.01.3,Performance monitoring,29,fixed_annual_keur,INFLATION,35.0,0.02,1.741024206173928,True,,,,,35.0,25.93584721608748,0.0,0.0,0.0,0.0,0.0,60.93584721608748,25.93584721608748,0.0,
TUHO,B.01,B.01.4,Technical Inspections,29,fixed_annual_keur,ZERO_LINE,0.0,0.02,1.741024206173928,True,,,,,0.0,0.0,0.0,0.0,0.0,0.0,0.0,0.0,0.0,0.0,
TUHO,B.01,B.01.5,Meteorological and weather forecast service,29,fixed_annual_keur,INFLATION,18.0,0.02,1.741024206173928,True,,,,,18.0,13.338435711130707,0.0,0.0,0.0,0.0,0.0,31.338435711130707,13.338435711130707,0.0,
TUHO,B.01,B.01.6,Bazefield,29,fixed_annual_keur,INFLATION,22.0,0.02,1.741024206173928,True,,,,,22.0,16.302532535826415,0.0,0.0,0.0,0.0,0.0,38.302532535826415,16.302532535826415,0.0,
TUHO,B.01,B.01.1,Asset Management Contract,30,fixed_annual_keur,INFLATION,138.0,0.02,1.7758446902974065,True,,,,,138.0,107.06656726104211,0.0,0.0,0.0,0.0,0.0,245.0665672610421,107.06656726104211,0.0,
TUHO,B.01,B.01.2,Operation Management Contract,30,fixed_annual_keur,INFLATION,67.0,0.02,1.7758446902974065,True,,,,,67.0,51.98159424992623,0.0,0.0,0.0,0.0,0.0,118.98159424992623,51.98159424992623,0.0,
TUHO,B.01,B.01.3,Performance monitoring,30,fixed_annual_keur,INFLATION,35.0,0.02,1.7758446902974065,True,,,,,35.0,27.15456416040923,0.0,0.0,0.0,0.0,0.0,62.15456416040923,27.15456416040923,0.0,
TUHO,B.01,B.01.4,Technical Inspections,30,fixed_annual_keur,ZERO_LINE,0.0,0.02,1.7758446902974065,True,,,,,0.0,0.0,0.0,0.0,0.0,0.0,0.0,0.0,0.0,0.0,
TUHO,B.01,B.01.5,Meteorological and weather forecast service,30,fixed_annual_keur,INFLATION,18.0,0.02,1.7758446902974065,True,,,,,18.0,13.965204425353317,0.0,0.0,0.0,0.0,0.0,31.965204425353317,13.965204425353317,0.0,
TUHO,B.01,B.01.6,Bazefield,30,fixed_annual_keur,INFLATION,22.0,0.02,1.7758446902974065,True,,,,,22.0,17.068583186542945,0.0,0.0,0.0,0.0,0.0,39.068583186542945,17.068583186542945,0.0,
TUHO,B.02,B.02.1,O&M Preventive and Corrective,1,explicit_schedule,EXPLICIT_SCHEDULE,385.6,0.0,1.0,True,385.6,,,,385.6,0.0,0.0,0.0,0.0,0.0,0.0,385.6,0.0,0.0,
TUHO,B.02,B.02.2,Minor Maintenance,1,fixed_annual_keur,INFLATION,27.0,0.02,1.0,True,,,,,27.0,0.0,0.0,0.0,0.0,0.0,0.0,27.0,0.0,0.0,
TUHO,B.02,B.02.3,HV Substation and O&M Building,1,fixed_annual_keur,ZERO_LINE,0.0,0.02,1.0,True,,,,,0.0,0.0,0.0,0.0,0.0,0.0,0.0,0.0,0.0,0.0,
TUHO,B.02,B.02.4,Regulatory Inspections,1,fixed_annual_keur,INFLATION,6.0,0.02,1.0,True,,,,,6.0,0.0,0.0,0.0,0.0,0.0,0.0,6.0,0.0,0.0,
TUHO,B.02,B.02.5,HSE Prevention Plan,1,fixed_annual_keur,ZERO_LINE,0.0,0.02,1.0,True,,,,,0.0,0.0,0.0,0.0,0.0,0.0,0.0,0.0,0.0,0.0,
TUHO,B.02,B.02.6,Met Station Maintenance,1,fixed_annual_keur,ZERO_LINE,0.0,0.02,1.0,True,,,,,0.0,0.0,0.0,0.0,0.0,0.0,0.0,0.0,0.0,0.0,
TUHO,B.02,B.02.7,Blade Maintenance,1,fixed_annual_keur,ZERO_LINE,0.0,0.02,1.0,True,,,,,0.0,0.0,0.0,0.0,0.0,0.0,0.0,0.0,0.0,0.0,
TUHO,B.02,B.02.8,Vehicle or Special Equipment Maintenance,1,fixed_annual_keur,INFLATION,8.0,0.02,1.0,True,,,,,8.0,0.0,0.0,0.0,0.0,0.0,0.0,8.0,0.0,0.0,
TUHO,B.02,B.02.9,Others,1,fixed_annual_keur,ZERO_LINE,0.0,0.02,1.0,True,,,,,0.0,0.0,0.0,0.0,0.0,0.0,0.0,0.0,0.0,0.0,
TUHO,B.02,B.02.10,Met Station 2,1,fixed_annual_keur,ZERO_LINE,0.0,0.02,1.0,True,,,,,0.0,0.0,0.0,0.0,0.0,0.0,0.0,0.0,0.0,0.0,
TUHO,B.02,B.02.1,O&M Preventive and Corrective,2,explicit_schedule,EXPLICIT_SCHEDULE,385.6,0.0,1.0,True,385.6,,,,385.6,0.0,0.0,0.0,0.0,0.0,0.0,385.6,0.0,0.0,
TUHO,B.02,B.02.2,Minor Maintenance,2,fixed_annual_keur,INFLATION,27.0,0.02,1.02,True,,,,,27.0,0.5399999999999991,0.0,0.0,0.0,0.0,0.0,27.54,0.5399999999999991,0.0,
TUHO,B.02,B.02.3,HV Substation and O&M Building,2,fixed_annual_keur,ZERO_LINE,0.0,0.02,1.02,True,,,,,0.0,0.0,0.0,0.0,0.0,0.0,0.0,0.0,0.0,0.0,
TUHO,B.02,B.02.4,Regulatory Inspections,2,fixed_annual_keur,INFLATION,6.0,0.02,1.02,True,,,,,6.0,0.1200000000000001,0.0,0.0,0.0,0.0,0.0,6.12,0.1200000000000001,0.0,
TUHO,B.02,B.02.5,HSE Prevention Plan,2,fixed_annual_keur,ZERO_LINE,0.0,0.02,1.02,True,,,,,0.0,0.0,0.0,0.0,0.0,0.0,0.0,0.0,0.0,0.0,
TUHO,B.02,B.02.6,Met Station Maintenance,2,fixed_annual_keur,ZERO_LINE,0.0,0.02,1.02,True,,,,,0.0,0.0,0.0,0.0,0.0,0.0,0.0,0.0,0.0,0.0,
TUHO,B.02,B.02.7,Blade Maintenance,2,fixed_annual_keur,ZERO_LINE,0.0,0.02,1.02,True,,,,,0.0,0.0,0.0,0.0,0.0,0.0,0.0,0.0,0.0,0.0,
TUHO,B.02,B.02.8,Vehicle or Special Equipment Maintenance,2,fixed_annual_keur,INFLATION,8.0,0.02,1.02,True,,,,,8.0,0.16000000000000014,0.0,0.0,0.0,0.0,0.0,8.16,0.16000000000000014,0.0,
TUHO,B.02,B.02.9,Others,2,fixed_annual_keur,ZERO_LINE,0.0,0.02,1.02,True,,,,,0.0,0.0,0.0,0.0,0.0,0.0,0.0,0.0,0.0,0.0,
TUHO,B.02,B.02.10,Met Station 2,2,fixed_annual_keur,ZERO_LINE,0.0,0.02,1.02,True,,,,,0.0,0.0,0.0,0.0,0.0,0.0,0.0,0.0,0.0,0.0,
TUHO,B.02,B.02.1,O&M Preventive and Corrective,3,explicit_schedule,EXPLICIT_SCHEDULE,385.6,0.0,1.0,True,465.6,,,,385.6,0.0,0.0,80.0,0.0,0.0,0.0,465.6,80.0,0.0,step change: 385.6 -> 465.6
TUHO,B.02,B.02.2,Minor Maintenance,3,fixed_annual_keur,INFLATION,27.0,0.02,1.0404,True,,,,,27.0,1.0908000000000015,0.0,0.0,0.0,0.0,0.0,28.0908,1.0908000000000015,0.0,
TUHO,B.02,B.02.3,HV Substation and O&M Building,3,fixed_annual_keur,ZERO_LINE,0.0,0.02,1.0404,True,,,,,0.0,0.0,0.0,0.0,0.0,0.0,0.0,0.0,0.0,0.0,
TUHO,B.02,B.02.4,Regulatory Inspections,3,fixed_annual_keur,INFLATION,6.0,0.02,1.0404,True,,,,,6.0,0.24239999999999995,0.0,0.0,0.0,0.0,0.0,6.2424,0.24239999999999995,0.0,
TUHO,B.02,B.02.5,HSE Prevention Plan,3,fixed_annual_keur,ZERO_LINE,0.0,0.02,1.0404,True,,,,,0.0,0.0,0.0,0.0,0.0,0.0,0.0,0.0,0.0,0.0,
TUHO,B.02,B.02.6,Met Station Maintenance,3,fixed_annual_keur,ZERO_LINE,0.0,0.02,1.0404,True,,,,,0.0,0.0,0.0,0.0,0.0,0.0,0.0,0.0,0.0,0.0,
TUHO,B.02,B.02.7,Blade Maintenance,3,fixed_annual_keur,ZERO_LINE,0.0,0.02,1.0404,True,,,,,0.0,0.0,0.0,0.0,0.0,0.0,0.0,0.0,0.0,0.0,
TUHO,B.02,B.02.8,Vehicle or Special Equipment Maintenance,3,fixed_annual_keur,INFLATION,8.0,0.02,1.0404,True,,,,,8.0,0.32319999999999993,0.0,0.0,0.0,0.0,0.0,8.3232,0.32319999999999993,0.0,
TUHO,B.02,B.02.9,Others,3,fixed_annual_keur,ZERO_LINE,0.0,0.02,1.0404,True,,,,,0.0,0.0,0.0,0.0,0.0,0.0,0.0,0.0,0.0,0.0,
TUHO,B.02,B.02.10,Met Station 2,3,fixed_annual_keur,ZERO_LINE,0.0,0.02,1.0404,True,,,,,0.0,0.0,0.0,0.0,0.0,0.0,0.0,0.0,0.0,0.0,
TUHO,B.02,B.02.1,O&M Preventive and Corrective,4,explicit_schedule,EXPLICIT_SCHEDULE,385.6,0.0,1.0,True,465.6,,,,385.6,0.0,0.0,80.0,0.0,0.0,0.0,465.6,80.0,0.0,
TUHO,B.02,B.02.2,Minor Maintenance,4,fixed_annual_keur,INFLATION,27.0,0.02,1.0612080000000002,True,,,,,27.0,1.6526160000000054,0.0,0.0,0.0,0.0,0.0,28.652616000000005,1.6526160000000054,0.0,
TUHO,B.02,B.02.3,HV Substation and O&M Building,4,fixed_annual_keur,ZERO_LINE,0.0,0.02,1.0612080000000002,True,,,,,0.0,0.0,0.0,0.0,0.0,0.0,0.0,0.0,0.0,0.0,
TUHO,B.02,B.02.4,Regulatory Inspections,4,fixed_annual_keur,INFLATION,6.0,0.02,1.0612080000000002,True,,,,,6.0,0.3672480000000009,0.0,0.0,0.0,0.0,0.0,6.367248000000001,0.3672480000000009,0.0,
TUHO,B.02,B.02.5,HSE Prevention Plan,4,fixed_annual_keur,ZERO_LINE,0.0,0.02,1.0612080000000002,True,,,,,0.0,0.0,0.0,0.0,0.0,0.0,0.0,0.0,0.0,0.0,
TUHO,B.02,B.02.6,Met Station Maintenance,4,fixed_annual_keur,ZERO_LINE,0.0,0.02,1.0612080000000002,True,,,,,0.0,0.0,0.0,0.0,0.0,0.0,0.0,0.0,0.0,0.0,
TUHO,B.02,B.02.7,Blade Maintenance,4,fixed_annual_keur,ZERO_LINE,0.0,0.02,1.0612080000000002,True,,,,,0.0,0.0,0.0,0.0,0.0,0.0,0.0,0.0,0.0,0.0,
TUHO,B.02,B.02.8,Vehicle or Special Equipment Maintenance,4,fixed_annual_keur,INFLATION,8.0,0.02,1.0612080000000002,True,,,,,8.0,0.4896640000000012,0.0,0.0,0.0,0.0,0.0,8.489664000000001,0.4896640000000012,0.0,
TUHO,B.02,B.02.9,Others,4,fixed_annual_keur,ZERO_LINE,0.0,0.02,1.0612080000000002,True,,,,,0.0,0.0,0.0,0.0,0.0,0.0,0.0,0.0,0.0,0.0,
TUHO,B.02,B.02.10,Met Station 2,4,fixed_annual_keur,ZERO_LINE,0.0,0.02,1.0612080000000002,True,,,,,0.0,0.0,0.0,0.0,0.0,0.0,0.0,0.0,0.0,0.0,
TUHO,B.02,B.02.1,O&M Preventive and Corrective,5,explicit_schedule,EXPLICIT_SCHEDULE,385.6,0.0,1.0,True,465.6,,,,385.6,0.0,0.0,80.0,0.0,0.0,0.0,465.6,80.0,0.0,
TUHO,B.02,B.02.2,Minor Maintenance,5,fixed_annual_keur,INFLATION,27.0,0.02,1.08243216,True,,,,,27.0,2.2256683200000005,0.0,0.0,0.0,0.0,0.0,29.22566832,2.2256683200000005,0.0,
TUHO,B.02,B.02.3,HV Substation and O&M Building,5,fixed_annual_keur,ZERO_LINE,0.0,0.02,1.08243216,True,,,,,0.0,0.0,0.0,0.0,0.0,0.0,0.0,0.0,0.0,0.0,
TUHO,B.02,B.02.4,Regulatory Inspections,5,fixed_annual_keur,INFLATION,6.0,0.02,1.08243216,True,,,,,6.0,0.4945929600000003,0.0,0.0,0.0,0.0,0.0,6.49459296,0.4945929600000003,0.0,
TUHO,B.02,B.02.5,HSE Prevention Plan,5,fixed_annual_keur,ZERO_LINE,0.0,0.02,1.08243216,True,,,,,0.0,0.0,0.0,0.0,0.0,0.0,0.0,0.0,0.0,0.0,
TUHO,B.02,B.02.6,Met Station Maintenance,5,fixed_annual_keur,ZERO_LINE,0.0,0.02,1.08243216,True,,,,,0.0,0.0,0.0,0.0,0.0,0.0,0.0,0.0,0.0,0.0,
TUHO,B.02,B.02.7,Blade Maintenance,5,fixed_annual_keur,ZERO_LINE,0.0,0.02,1.08243216,True,,,,,0.0,0.0,0.0,0.0,0.0,0.0,0.0,0.0,0.0,0.0,
TUHO,B.02,B.02.8,Vehicle or Special Equipment Maintenance,5,fixed_annual_keur,INFLATION,8.0,0.02,1.08243216,True,,,,,8.0,0.6594572799999998,0.0,0.0,0.0,0.0,0.0,8.65945728,0.6594572799999998,0.0,
TUHO,B.02,B.02.9,Others,5,fixed_annual_keur,ZERO_LINE,0.0,0.02,1.08243216,True,,,,,0.0,0.0,0.0,0.0,0.0,0.0,0.0,0.0,0.0,0.0,
TUHO,B.02,B.02.10,Met Station 2,5,fixed_annual_keur,ZERO_LINE,0.0,0.02,1.08243216,True,,,,,0.0,0.0,0.0,0.0,0.0,0.0,0.0,0.0,0.0,0.0,
TUHO,B.02,B.02.1,O&M Preventive and Corrective,6,explicit_schedule,EXPLICIT_SCHEDULE,385.6,0.0,1.0,True,588.0,,,,385.6,0.0,0.0,202.39999999999998,0.0,0.0,0.0,588.0,202.39999999999998,0.0,step change: 465.6 -> 588.0
TUHO,B.02,B.02.2,Minor Maintenance,6,fixed_annual_keur,INFLATION,27.0,0.02,1.1040808032,True,,,,,27.0,2.8101816864,0.0,0.0,0.0,0.0,0.0,29.8101816864,2.8101816864,0.0,
TUHO,B.02,B.02.3,HV Substation and O&M Building,6,fixed_annual_keur,ZERO_LINE,0.0,0.02,1.1040808032,True,,,,,0.0,0.0,0.0,0.0,0.0,0.0,0.0,0.0,0.0,0.0,
TUHO,B.02,B.02.4,Regulatory Inspections,6,fixed_annual_keur,INFLATION,6.0,0.02,1.1040808032,True,,,,,6.0,0.6244848192000001,0.0,0.0,0.0,0.0,0.0,6.6244848192,0.6244848192000001,0.0,
TUHO,B.02,B.02.5,HSE Prevention Plan,6,fixed_annual_keur,ZERO_LINE,0.0,0.02,1.1040808032,True,,,,,0.0,0.0,0.0,0.0,0.0,0.0,0.0,0.0,0.0,0.0,
TUHO,B.02,B.02.6,Met Station Maintenance,6,fixed_annual_keur,ZERO_LINE,0.0,0.02,1.1040808032,True,,,,,0.0,0.0,0.0,0.0,0.0,0.0,0.0,0.0,0.0,0.0,
TUHO,B.02,B.02.7,Blade Maintenance,6,fixed_annual_keur,ZERO_LINE,0.0,0.02,1.1040808032,True,,,,,0.0,0.0,0.0,0.0,0.0,0.0,0.0,0.0,0.0,0.0,
TUHO,B.02,B.02.8,Vehicle or Special Equipment Maintenance,6,fixed_annual_keur,INFLATION,8.0,0.02,1.1040808032,True,,,,,8.0,0.8326464256000001,0.0,0.0,0.0,0.0,0.0,8.8326464256,0.8326464256000001,0.0,
TUHO,B.02,B.02.9,Others,6,fixed_annual_keur,ZERO_LINE,0.0,0.02,1.1040808032,True,,,,,0.0,0.0,0.0,0.0,0.0,0.0,0.0,0.0,0.0,0.0,
TUHO,B.02,B.02.10,Met Station 2,6,fixed_annual_keur,ZERO_LINE,0.0,0.02,1.1040808032,True,,,,,0.0,0.0,0.0,0.0,0.0,0.0,0.0,0.0,0.0,0.0,
TUHO,B.02,B.02.1,O&M Preventive and Corrective,7,explicit_schedule,EXPLICIT_SCHEDULE,385.6,0.0,1.0,True,588.0,,,,385.6,0.0,0.0,202.39999999999998,0.0,0.0,0.0,588.0,202.39999999999998,0.0,
TUHO,B.02,B.02.2,Minor Maintenance,7,fixed_annual_keur,INFLATION,27.0,0.02,1.126162419264,True,,,,,27.0,3.4063853201280025,0.0,0.0,0.0,0.0,0.0,30.406385320128003,3.4063853201280025,0.0,
TUHO,B.02,B.02.3,HV Substation and O&M Building,7,fixed_annual_keur,ZERO_LINE,0.0,0.02,1.126162419264,True,,,,,0.0,0.0,0.0,0.0,0.0,0.0,0.0,0.0,0.0,0.0,
TUHO,B.02,B.02.4,Regulatory Inspections,7,fixed_annual_keur,INFLATION,6.0,0.02,1.126162419264,True,,,,,6.0,0.756974515584,0.0,0.0,0.0,0.0,0.0,6.756974515584,0.756974515584,0.0,
TUHO,B.02,B.02.5,HSE Prevention Plan,7,fixed_annual_keur,ZERO_LINE,0.0,0.02,1.126162419264,True,,,,,0.0,0.0,0.0,0.0,0.0,0.0,0.0,0.0,0.0,0.0,
TUHO,B.02,B.02.6,Met Station Maintenance,7,fixed_annual_keur,ZERO_LINE,0.0,0.02,1.126162419264,True,,,,,0.0,0.0,0.0,0.0,0.0,0.0,0.0,0.0,0.0,0.0,
TUHO,B.02,B.02.7,Blade Maintenance,7,fixed_annual_keur,ZERO_LINE,0.0,0.02,1.126162419264,True,,,,,0.0,0.0,0.0,0.0,0.0,0.0,0.0,0.0,0.0,0.0,
TUHO,B.02,B.02.8,Vehicle or Special Equipment Maintenance,7,fixed_annual_keur,INFLATION,8.0,0.02,1.126162419264,True,,,,,8.0,1.0092993541120006,0.0,0.0,0.0,0.0,0.0,9.009299354112,1.0092993541120006,0.0,
TUHO,B.02,B.02.9,Others,7,fixed_annual_keur,ZERO_LINE,0.0,0.02,1.126162419264,True,,,,,0.0,0.0,0.0,0.0,0.0,0.0,0.0,0.0,0.0,0.0,
TUHO,B.02,B.02.10,Met Station 2,7,fixed_annual_keur,ZERO_LINE,0.0,0.02,1.126162419264,True,,,,,0.0,0.0,0.0,0.0,0.0,0.0,0.0,0.0,0.0,0.0,
TUHO,B.02,B.02.1,O&M Preventive and Corrective,8,explicit_schedule,EXPLICIT_SCHEDULE,385.6,0.0,1.0,True,588.0,,,,385.6,0.0,0.0,202.39999999999998,0.0,0.0,0.0,588.0,202.39999999999998,0.0,
TUHO,B.02,B.02.2,Minor Maintenance,8,fixed_annual_keur,INFLATION,27.0,0.02,1.14868566764928,True,,,,,27.0,4.014513026530562,0.0,0.0,0.0,0.0,0.0,31.01451302653056,4.014513026530562,0.0,
TUHO,B.02,B.02.3,HV Substation and O&M Building,8,fixed_annual_keur,ZERO_LINE,0.0,0.02,1.14868566764928,True,,,,,0.0,0.0,0.0,0.0,0.0,0.0,0.0,0.0,0.0,0.0,
TUHO,B.02,B.02.4,Regulatory Inspections,8,fixed_annual_keur,INFLATION,6.0,0.02,1.14868566764928,True,,,,,6.0,0.8921140058956798,0.0,0.0,0.0,0.0,0.0,6.89211400589568,0.8921140058956798,0.0,
TUHO,B.02,B.02.5,HSE Prevention Plan,8,fixed_annual_keur,ZERO_LINE,0.0,0.02,1.14868566764928,True,,,,,0.0,0.0,0.0,0.0,0.0,0.0,0.0,0.0,0.0,0.0,
TUHO,B.02,B.02.6,Met Station Maintenance,8,fixed_annual_keur,ZERO_LINE,0.0,0.02,1.14868566764928,True,,,,,0.0,0.0,0.0,0.0,0.0,0.0,0.0,0.0,0.0,0.0,
TUHO,B.02,B.02.7,Blade Maintenance,8,fixed_annual_keur,ZERO_LINE,0.0,0.02,1.14868566764928,True,,,,,0.0,0.0,0.0,0.0,0.0,0.0,0.0,0.0,0.0,0.0,
TUHO,B.02,B.02.8,Vehicle or Special Equipment Maintenance,8,fixed_annual_keur,INFLATION,8.0,0.02,1.14868566764928,True,,,,,8.0,1.1894853411942403,0.0,0.0,0.0,0.0,0.0,9.18948534119424,1.1894853411942403,0.0,
TUHO,B.02,B.02.9,Others,8,fixed_annual_keur,ZERO_LINE,0.0,0.02,1.14868566764928,True,,,,,0.0,0.0,0.0,0.0,0.0,0.0,0.0,0.0,0.0,0.0,
TUHO,B.02,B.02.10,Met Station 2,8,fixed_annual_keur,ZERO_LINE,0.0,0.02,1.14868566764928,True,,,,,0.0,0.0,0.0,0.0,0.0,0.0,0.0,0.0,0.0,0.0,
TUHO,B.02,B.02.1,O&M Preventive and Corrective,9,explicit_schedule,EXPLICIT_SCHEDULE,385.6,0.0,1.0,True,588.0,,,,385.6,0.0,0.0,202.39999999999998,0.0,0.0,0.0,588.0,202.39999999999998,0.0,
TUHO,B.02,B.02.2,Minor Maintenance,9,fixed_annual_keur,INFLATION,27.0,0.02,1.1716593810022657,True,,,,,27.0,4.634803287061175,0.0,0.0,0.0,0.0,0.0,31.634803287061175,4.634803287061175,0.0,
TUHO,B.02,B.02.3,HV Substation and O&M Building,9,fixed_annual_keur,ZERO_LINE,0.0,0.02,1.1716593810022657,True,,,,,0.0,0.0,0.0,0.0,0.0,0.0,0.0,0.0,0.0,0.0,
TUHO,B.02,B.02.4,Regulatory Inspections,9,fixed_annual_keur,INFLATION,6.0,0.02,1.1716593810022657,True,,,,,6.0,1.0299562860135945,0.0,0.0,0.0,0.0,0.0,7.0299562860135945,1.0299562860135945,0.0,
TUHO,B.02,B.02.5,HSE Prevention Plan,9,fixed_annual_keur,ZERO_LINE,0.0,0.02,1.1716593810022657,True,,,,,0.0,0.0,0.0,0.0,0.0,0.0,0.0,0.0,0.0,0.0,
TUHO,B.02,B.02.6,Met Station Maintenance,9,fixed_annual_keur,ZERO_LINE,0.0,0.02,1.1716593810022657,True,,,,,0.0,0.0,0.0,0.0,0.0,0.0,0.0,0.0,0.0,0.0,
TUHO,B.02,B.02.7,Blade Maintenance,9,fixed_annual_keur,ZERO_LINE,0.0,0.02,1.1716593810022657,True,,,,,0.0,0.0,0.0,0.0,0.0,0.0,0.0,0.0,0.0,0.0,
TUHO,B.02,B.02.8,Vehicle or Special Equipment Maintenance,9,fixed_annual_keur,INFLATION,8.0,0.02,1.1716593810022657,True,,,,,8.0,1.373275048018126,0.0,0.0,0.0,0.0,0.0,9.373275048018126,1.373275048018126,0.0,
TUHO,B.02,B.02.9,Others,9,fixed_annual_keur,ZERO_LINE,0.0,0.02,1.1716593810022657,True,,,,,0.0,0.0,0.0,0.0,0.0,0.0,0.0,0.0,0.0,0.0,
TUHO,B.02,B.02.10,Met Station 2,9,fixed_annual_keur,ZERO_LINE,0.0,0.02,1.1716593810022657,True,,,,,0.0,0.0,0.0,0.0,0.0,0.0,0.0,0.0,0.0,0.0,
TUHO,B.02,B.02.1,O&M Preventive and Corrective,10,explicit_schedule,EXPLICIT_SCHEDULE,385.6,0.0,1.0,True,588.0,,,,385.6,0.0,0.0,202.39999999999998,0.0,0.0,0.0,588.0,202.39999999999998,0.0,
TUHO,B.02,B.02.2,Minor Maintenance,10,fixed_annual_keur,INFLATION,27.0,0.02,1.195092568622311,True,,,,,27.0,5.267499352802396,0.0,0.0,0.0,0.0,0.0,32.267499352802396,5.267499352802396,0.0,
TUHO,B.02,B.02.3,HV Substation and O&M Building,10,fixed_annual_keur,ZERO_LINE,0.0,0.02,1.195092568622311,True,,,,,0.0,0.0,0.0,0.0,0.0,0.0,0.0,0.0,0.0,0.0,
TUHO,B.02,B.02.4,Regulatory Inspections,10,fixed_annual_keur,INFLATION,6.0,0.02,1.195092568622311,True,,,,,6.0,1.1705554117338668,0.0,0.0,0.0,0.0,0.0,7.170555411733867,1.1705554117338668,0.0,
TUHO,B.02,B.02.5,HSE Prevention Plan,10,fixed_annual_keur,ZERO_LINE,0.0,0.02,1.195092568622311,True,,,,,0.0,0.0,0.0,0.0,0.0,0.0,0.0,0.0,0.0,0.0,
TUHO,B.02,B.02.6,Met Station Maintenance,10,fixed_annual_keur,ZERO_LINE,0.0,0.02,1.195092568622311,True,,,,,0.0,0.0,0.0,0.0,0.0,0.0,0.0,0.0,0.0,0.0,
TUHO,B.02,B.02.7,Blade Maintenance,10,fixed_annual_keur,ZERO_LINE,0.0,0.02,1.195092568622311,True,,,,,0.0,0.0,0.0,0.0,0.0,0.0,0.0,0.0,0.0,0.0,
TUHO,B.02,B.02.8,Vehicle or Special Equipment Maintenance,10,fixed_annual_keur,INFLATION,8.0,0.02,1.195092568622311,True,,,,,8.0,1.5607405489784885,0.0,0.0,0.0,0.0,0.0,9.560740548978488,1.5607405489784885,0.0,
TUHO,B.02,B.02.9,Others,10,fixed_annual_keur,ZERO_LINE,0.0,0.02,1.195092568622311,True,,,,,0.0,0.0,0.0,0.0,0.0,0.0,0.0,0.0,0.0,0.0,
TUHO,B.02,B.02.10,Met Station 2,10,fixed_annual_keur,ZERO_LINE,0.0,0.02,1.195092568622311,True,,,,,0.0,0.0,0.0,0.0,0.0,0.0,0.0,0.0,0.0,0.0,
TUHO,B.02,B.02.1,O&M Preventive and Corrective,11,explicit_schedule,EXPLICIT_SCHEDULE,385.6,0.0,1.0,True,628.0,,,,385.6,0.0,0.0,242.39999999999998,0.0,0.0,0.0,628.0,242.39999999999998,0.0,step change: 588.0 -> 628.0
TUHO,B.02,B.02.2,Minor Maintenance,11,fixed_annual_keur,INFLATION,27.0,0.02,1.2189944199947573,True,,,,,27.0,5.912849339858447,0.0,0.0,0.0,0.0,0.0,32.91284933985845,5.912849339858447,0.0,
TUHO,B.02,B.02.3,HV Substation and O&M Building,11,fixed_annual_keur,ZERO_LINE,0.0,0.02,1.2189944199947573,True,,,,,0.0,0.0,0.0,0.0,0.0,0.0,0.0,0.0,0.0,0.0,
TUHO,B.02,B.02.4,Regulatory Inspections,11,fixed_annual_keur,INFLATION,6.0,0.02,1.2189944199947573,True,,,,,6.0,1.3139665199685435,0.0,0.0,0.0,0.0,0.0,7.3139665199685435,1.3139665199685435,0.0,
TUHO,B.02,B.02.5,HSE Prevention Plan,11,fixed_annual_keur,ZERO_LINE,0.0,0.02,1.2189944199947573,True,,,,,0.0,0.0,0.0,0.0,0.0,0.0,0.0,0.0,0.0,0.0,
TUHO,B.02,B.02.6,Met Station Maintenance,11,fixed_annual_keur,ZERO_LINE,0.0,0.02,1.2189944199947573,True,,,,,0.0,0.0,0.0,0.0,0.0,0.0,0.0,0.0,0.0,0.0,
TUHO,B.02,B.02.7,Blade Maintenance,11,fixed_annual_keur,ZERO_LINE,0.0,0.02,1.2189944199947573,True,,,,,0.0,0.0,0.0,0.0,0.0,0.0,0.0,0.0,0.0,0.0,
TUHO,B.02,B.02.8,Vehicle or Special Equipment Maintenance,11,fixed_annual_keur,INFLATION,8.0,0.02,1.2189944199947573,True,,,,,8.0,1.7519553599580586,0.0,0.0,0.0,0.0,0.0,9.751955359958059,1.7519553599580586,0.0,
TUHO,B.02,B.02.9,Others,11,fixed_annual_keur,ZERO_LINE,0.0,0.02,1.2189944199947573,True,,,,,0.0,0.0,0.0,0.0,0.0,0.0,0.0,0.0,0.0,0.0,
TUHO,B.02,B.02.10,Met Station 2,11,fixed_annual_keur,ZERO_LINE,0.0,0.02,1.2189944199947573,True,,,,,0.0,0.0,0.0,0.0,0.0,0.0,0.0,0.0,0.0,0.0,
TUHO,B.02,B.02.1,O&M Preventive and Corrective,12,explicit_schedule,EXPLICIT_SCHEDULE,385.6,0.0,1.0,True,628.0,,,,385.6,0.0,0.0,242.39999999999998,0.0,0.0,0.0,628.0,242.39999999999998,0.0,
TUHO,B.02,B.02.2,Minor Maintenance,12,fixed_annual_keur,INFLATION,27.0,0.02,1.2433743083946525,True,,,,,27.0,6.571106326655617,0.0,0.0,0.0,0.0,0.0,33.57110632665562,6.571106326655617,0.0,
TUHO,B.02,B.02.3,HV Substation and O&M Building,12,fixed_annual_keur,ZERO_LINE,0.0,0.02,1.2433743083946525,True,,,,,0.0,0.0,0.0,0.0,0.0,0.0,0.0,0.0,0.0,0.0,
TUHO,B.02,B.02.4,Regulatory Inspections,12,fixed_annual_keur,INFLATION,6.0,0.02,1.2433743083946525,True,,,,,6.0,1.4602458503679152,0.0,0.0,0.0,0.0,0.0,7.460245850367915,1.4602458503679152,0.0,
TUHO,B.02,B.02.5,HSE Prevention Plan,12,fixed_annual_keur,ZERO_LINE,0.0,0.02,1.2433743083946525,True,,,,,0.0,0.0,0.0,0.0,0.0,0.0,0.0,0.0,0.0,0.0,
TUHO,B.02,B.02.6,Met Station Maintenance,12,fixed_annual_keur,ZERO_LINE,0.0,0.02,1.2433743083946525,True,,,,,0.0,0.0,0.0,0.0,0.0,0.0,0.0,0.0,0.0,0.0,
TUHO,B.02,B.02.7,Blade Maintenance,12,fixed_annual_keur,ZERO_LINE,0.0,0.02,1.2433743083946525,True,,,,,0.0,0.0,0.0,0.0,0.0,0.0,0.0,0.0,0.0,0.0,
TUHO,B.02,B.02.8,Vehicle or Special Equipment Maintenance,12,fixed_annual_keur,INFLATION,8.0,0.02,1.2433743083946525,True,,,,,8.0,1.9469944671572197,0.0,0.0,0.0,0.0,0.0,9.94699446715722,1.9469944671572197,0.0,
TUHO,B.02,B.02.9,Others,12,fixed_annual_keur,ZERO_LINE,0.0,0.02,1.2433743083946525,True,,,,,0.0,0.0,0.0,0.0,0.0,0.0,0.0,0.0,0.0,0.0,
TUHO,B.02,B.02.10,Met Station 2,12,fixed_annual_keur,ZERO_LINE,0.0,0.02,1.2433743083946525,True,,,,,0.0,0.0,0.0,0.0,0.0,0.0,0.0,0.0,0.0,0.0,
TUHO,B.02,B.02.1,O&M Preventive and Corrective,13,explicit_schedule,EXPLICIT_SCHEDULE,385.6,0.0,1.0,True,628.0,,,,385.6,0.0,0.0,242.39999999999998,0.0,0.0,0.0,628.0,242.39999999999998,0.0,
TUHO,B.02,B.02.2,Minor Maintenance,13,fixed_annual_keur,INFLATION,27.0,0.02,1.2682417945625455,True,,,,,27.0,7.242528453188726,0.0,0.0,0.0,0.0,0.0,34.242528453188726,7.242528453188726,0.0,
TUHO,B.02,B.02.3,HV Substation and O&M Building,13,fixed_annual_keur,ZERO_LINE,0.0,0.02,1.2682417945625455,True,,,,,0.0,0.0,0.0,0.0,0.0,0.0,0.0,0.0,0.0,0.0,
TUHO,B.02,B.02.4,Regulatory Inspections,13,fixed_annual_keur,INFLATION,6.0,0.02,1.2682417945625455,True,,,,,6.0,1.6094507673752734,0.0,0.0,0.0,0.0,0.0,7.609450767375273,1.6094507673752734,0.0,
TUHO,B.02,B.02.5,HSE Prevention Plan,13,fixed_annual_keur,ZERO_LINE,0.0,0.02,1.2682417945625455,True,,,,,0.0,0.0,0.0,0.0,0.0,0.0,0.0,0.0,0.0,0.0,
TUHO,B.02,B.02.6,Met Station Maintenance,13,fixed_annual_keur,ZERO_LINE,0.0,0.02,1.2682417945625455,True,,,,,0.0,0.0,0.0,0.0,0.0,0.0,0.0,0.0,0.0,0.0,
TUHO,B.02,B.02.7,Blade Maintenance,13,fixed_annual_keur,ZERO_LINE,0.0,0.02,1.2682417945625455,True,,,,,0.0,0.0,0.0,0.0,0.0,0.0,0.0,0.0,0.0,0.0,
TUHO,B.02,B.02.8,Vehicle or Special Equipment Maintenance,13,fixed_annual_keur,INFLATION,8.0,0.02,1.2682417945625455,True,,,,,8.0,2.145934356500364,0.0,0.0,0.0,0.0,0.0,10.145934356500364,2.145934356500364,0.0,
TUHO,B.02,B.02.9,Others,13,fixed_annual_keur,ZERO_LINE,0.0,0.02,1.2682417945625455,True,,,,,0.0,0.0,0.0,0.0,0.0,0.0,0.0,0.0,0.0,0.0,
TUHO,B.02,B.02.10,Met Station 2,13,fixed_annual_keur,ZERO_LINE,0.0,0.02,1.2682417945625455,True,,,,,0.0,0.0,0.0,0.0,0.0,0.0,0.0,0.0,0.0,0.0,
TUHO,B.02,B.02.1,O&M Preventive and Corrective,14,explicit_schedule,EXPLICIT_SCHEDULE,385.6,0.0,1.0,True,628.0,,,,385.6,0.0,0.0,242.39999999999998,0.0,0.0,0.0,628.0,242.39999999999998,0.0,
TUHO,B.02,B.02.2,Minor Maintenance,14,fixed_annual_keur,INFLATION,27.0,0.02,1.2936066304537965,True,,,,,27.0,7.927379022252509,0.0,0.0,0.0,0.0,0.0,34.92737902225251,7.927379022252509,0.0,
TUHO,B.02,B.02.3,HV Substation and O&M Building,14,fixed_annual_keur,ZERO_LINE,0.0,0.02,1.2936066304537965,True,,,,,0.0,0.0,0.0,0.0,0.0,0.0,0.0,0.0,0.0,0.0,
TUHO,B.02,B.02.4,Regulatory Inspections,14,fixed_annual_keur,INFLATION,6.0,0.02,1.2936066304537965,True,,,,,6.0,1.7616397827227797,0.0,0.0,0.0,0.0,0.0,7.76163978272278,1.7616397827227797,0.0,
TUHO,B.02,B.02.5,HSE Prevention Plan,14,fixed_annual_keur,ZERO_LINE,0.0,0.02,1.2936066304537965,True,,,,,0.0,0.0,0.0,0.0,0.0,0.0,0.0,0.0,0.0,0.0,
TUHO,B.02,B.02.6,Met Station Maintenance,14,fixed_annual_keur,ZERO_LINE,0.0,0.02,1.2936066304537965,True,,,,,0.0,0.0,0.0,0.0,0.0,0.0,0.0,0.0,0.0,0.0,
TUHO,B.02,B.02.7,Blade Maintenance,14,fixed_annual_keur,ZERO_LINE,0.0,0.02,1.2936066304537965,True,,,,,0.0,0.0,0.0,0.0,0.0,0.0,0.0,0.0,0.0,0.0,
TUHO,B.02,B.02.8,Vehicle or Special Equipment Maintenance,14,fixed_annual_keur,INFLATION,8.0,0.02,1.2936066304537965,True,,,,,8.0,2.3488530436303723,0.0,0.0,0.0,0.0,0.0,10.348853043630372,2.3488530436303723,0.0,
TUHO,B.02,B.02.9,Others,14,fixed_annual_keur,ZERO_LINE,0.0,0.02,1.2936066304537965,True,,,,,0.0,0.0,0.0,0.0,0.0,0.0,0.0,0.0,0.0,0.0,
TUHO,B.02,B.02.10,Met Station 2,14,fixed_annual_keur,ZERO_LINE,0.0,0.02,1.2936066304537965,True,,,,,0.0,0.0,0.0,0.0,0.0,0.0,0.0,0.0,0.0,0.0,
TUHO,B.02,B.02.1,O&M Preventive and Corrective,15,explicit_schedule,EXPLICIT_SCHEDULE,385.6,0.0,1.0,True,628.0,,,,385.6,0.0,0.0,242.39999999999998,0.0,0.0,0.0,628.0,242.39999999999998,0.0,
TUHO,B.02,B.02.2,Minor Maintenance,15,fixed_annual_keur,INFLATION,27.0,0.02,1.3194787630628724,True,,,,,27.0,8.625926602697554,0.0,0.0,0.0,0.0,0.0,35.625926602697554,8.625926602697554,0.0,
TUHO,B.02,B.02.3,HV Substation and O&M Building,15,fixed_annual_keur,ZERO_LINE,0.0,0.02,1.3194787630628724,True,,,,,0.0,0.0,0.0,0.0,0.0,0.0,0.0,0.0,0.0,0.0,
TUHO,B.02,B.02.4,Regulatory Inspections,15,fixed_annual_keur,INFLATION,6.0,0.02,1.3194787630628724,True,,,,,6.0,1.9168725783772338,0.0,0.0,0.0,0.0,0.0,7.916872578377234,1.9168725783772338,0.0,
TUHO,B.02,B.02.5,HSE Prevention Plan,15,fixed_annual_keur,ZERO_LINE,0.0,0.02,1.3194787630628724,True,,,,,0.0,0.0,0.0,0.0,0.0,0.0,0.0,0.0,0.0,0.0,
TUHO,B.02,B.02.6,Met Station Maintenance,15,fixed_annual_keur,ZERO_LINE,0.0,0.02,1.3194787630628724,True,,,,,0.0,0.0,0.0,0.0,0.0,0.0,0.0,0.0,0.0,0.0,
TUHO,B.02,B.02.7,Blade Maintenance,15,fixed_annual_keur,ZERO_LINE,0.0,0.02,1.3194787630628724,True,,,,,0.0,0.0,0.0,0.0,0.0,0.0,0.0,0.0,0.0,0.0,
TUHO,B.02,B.02.8,Vehicle or Special Equipment Maintenance,15,fixed_annual_keur,INFLATION,8.0,0.02,1.3194787630628724,True,,,,,8.0,2.555830104502979,0.0,0.0,0.0,0.0,0.0,10.555830104502979,2.555830104502979,0.0,
TUHO,B.02,B.02.9,Others,15,fixed_annual_keur,ZERO_LINE,0.0,0.02,1.3194787630628724,True,,,,,0.0,0.0,0.0,0.0,0.0,0.0,0.0,0.0,0.0,0.0,
TUHO,B.02,B.02.10,Met Station 2,15,fixed_annual_keur,ZERO_LINE,0.0,0.02,1.3194787630628724,True,,,,,0.0,0.0,0.0,0.0,0.0,0.0,0.0,0.0,0.0,0.0,
TUHO,B.02,B.02.1,O&M Preventive and Corrective,16,explicit_schedule,EXPLICIT_SCHEDULE,385.6,0.0,1.0,True,676.0,,,,385.6,0.0,0.0,290.4,0.0,0.0,0.0,676.0,290.4,0.0,step change: 628.0 -> 676.0
TUHO,B.02,B.02.2,Minor Maintenance,16,fixed_annual_keur,INFLATION,27.0,0.02,1.3458683383241299,True,,,,,27.0,9.33844513475151,0.0,0.0,0.0,0.0,0.0,36.33844513475151,9.33844513475151,0.0,
TUHO,B.02,B.02.3,HV Substation and O&M Building,16,fixed_annual_keur,ZERO_LINE,0.0,0.02,1.3458683383241299,True,,,,,0.0,0.0,0.0,0.0,0.0,0.0,0.0,0.0,0.0,0.0,
TUHO,B.02,B.02.4,Regulatory Inspections,16,fixed_annual_keur,INFLATION,6.0,0.02,1.3458683383241299,True,,,,,6.0,2.0752100299447793,0.0,0.0,0.0,0.0,0.0,8.07521002994478,2.0752100299447793,0.0,
TUHO,B.02,B.02.5,HSE Prevention Plan,16,fixed_annual_keur,ZERO_LINE,0.0,0.02,1.3458683383241299,True,,,,,0.0,0.0,0.0,0.0,0.0,0.0,0.0,0.0,0.0,0.0,
TUHO,B.02,B.02.6,Met Station Maintenance,16,fixed_annual_keur,ZERO_LINE,0.0,0.02,1.3458683383241299,True,,,,,0.0,0.0,0.0,0.0,0.0,0.0,0.0,0.0,0.0,0.0,
TUHO,B.02,B.02.7,Blade Maintenance,16,fixed_annual_keur,ZERO_LINE,0.0,0.02,1.3458683383241299,True,,,,,0.0,0.0,0.0,0.0,0.0,0.0,0.0,0.0,0.0,0.0,
TUHO,B.02,B.02.8,Vehicle or Special Equipment Maintenance,16,fixed_annual_keur,INFLATION,8.0,0.02,1.3458683383241299,True,,,,,8.0,2.766946706593039,0.0,0.0,0.0,0.0,0.0,10.766946706593039,2.766946706593039,0.0,
TUHO,B.02,B.02.9,Others,16,fixed_annual_keur,ZERO_LINE,0.0,0.02,1.3458683383241299,True,,,,,0.0,0.0,0.0,0.0,0.0,0.0,0.0,0.0,0.0,0.0,
TUHO,B.02,B.02.10,Met Station 2,16,fixed_annual_keur,ZERO_LINE,0.0,0.02,1.3458683383241299,True,,,,,0.0,0.0,0.0,0.0,0.0,0.0,0.0,0.0,0.0,0.0,
TUHO,B.02,B.02.1,O&M Preventive and Corrective,17,explicit_schedule,EXPLICIT_SCHEDULE,385.6,0.0,1.0,True,676.0,,,,385.6,0.0,0.0,290.4,0.0,0.0,0.0,676.0,290.4,0.0,
TUHO,B.02,B.02.2,Minor Maintenance,17,fixed_annual_keur,INFLATION,27.0,0.02,1.3727857050906125,True,,,,,27.0,10.065214037446538,0.0,0.0,0.0,0.0,0.0,37.06521403744654,10.065214037446538,0.0,
TUHO,B.02,B.02.3,HV Substation and O&M Building,17,fixed_annual_keur,ZERO_LINE,0.0,0.02,1.3727857050906125,True,,,,,0.0,0.0,0.0,0.0,0.0,0.0,0.0,0.0,0.0,0.0,
TUHO,B.02,B.02.4,Regulatory Inspections,17,fixed_annual_keur,INFLATION,6.0,0.02,1.3727857050906125,True,,,,,6.0,2.236714230543676,0.0,0.0,0.0,0.0,0.0,8.236714230543676,2.236714230543676,0.0,
TUHO,B.02,B.02.5,HSE Prevention Plan,17,fixed_annual_keur,ZERO_LINE,0.0,0.02,1.3727857050906125,True,,,,,0.0,0.0,0.0,0.0,0.0,0.0,0.0,0.0,0.0,0.0,
TUHO,B.02,B.02.6,Met Station Maintenance,17,fixed_annual_keur,ZERO_LINE,0.0,0.02,1.3727857050906125,True,,,,,0.0,0.0,0.0,0.0,0.0,0.0,0.0,0.0,0.0,0.0,
TUHO,B.02,B.02.7,Blade Maintenance,17,fixed_annual_keur,ZERO_LINE,0.0,0.02,1.3727857050906125,True,,,,,0.0,0.0,0.0,0.0,0.0,0.0,0.0,0.0,0.0,0.0,
TUHO,B.02,B.02.8,Vehicle or Special Equipment Maintenance,17,fixed_annual_keur,INFLATION,8.0,0.02,1.3727857050906125,True,,,,,8.0,2.9822856407249,0.0,0.0,0.0,0.0,0.0,10.9822856407249,2.9822856407249,0.0,
TUHO,B.02,B.02.9,Others,17,fixed_annual_keur,ZERO_LINE,0.0,0.02,1.3727857050906125,True,,,,,0.0,0.0,0.0,0.0,0.0,0.0,0.0,0.0,0.0,0.0,
TUHO,B.02,B.02.10,Met Station 2,17,fixed_annual_keur,ZERO_LINE,0.0,0.02,1.3727857050906125,True,,,,,0.0,0.0,0.0,0.0,0.0,0.0,0.0,0.0,0.0,0.0,
TUHO,B.02,B.02.1,O&M Preventive and Corrective,18,explicit_schedule,EXPLICIT_SCHEDULE,385.6,0.0,1.0,True,676.0,,,,385.6,0.0,0.0,290.4,0.0,0.0,0.0,676.0,290.4,0.0,
TUHO,B.02,B.02.2,Minor Maintenance,18,fixed_annual_keur,INFLATION,27.0,0.02,1.4002414191924248,True,,,,,27.0,10.806518318195472,0.0,0.0,0.0,0.0,0.0,37.80651831819547,10.806518318195472,0.0,
TUHO,B.02,B.02.3,HV Substation and O&M Building,18,fixed_annual_keur,ZERO_LINE,0.0,0.02,1.4002414191924248,True,,,,,0.0,0.0,0.0,0.0,0.0,0.0,0.0,0.0,0.0,0.0,
TUHO,B.02,B.02.4,Regulatory Inspections,18,fixed_annual_keur,INFLATION,6.0,0.02,1.4002414191924248,True,,,,,6.0,2.4014485151545486,0.0,0.0,0.0,0.0,0.0,8.401448515154549,2.4014485151545486,0.0,
TUHO,B.02,B.02.5,HSE Prevention Plan,18,fixed_annual_keur,ZERO_LINE,0.0,0.02,1.4002414191924248,True,,,,,0.0,0.0,0.0,0.0,0.0,0.0,0.0,0.0,0.0,0.0,
TUHO,B.02,B.02.6,Met Station Maintenance,18,fixed_annual_keur,ZERO_LINE,0.0,0.02,1.4002414191924248,True,,,,,0.0,0.0,0.0,0.0,0.0,0.0,0.0,0.0,0.0,0.0,
TUHO,B.02,B.02.7,Blade Maintenance,18,fixed_annual_keur,ZERO_LINE,0.0,0.02,1.4002414191924248,True,,,,,0.0,0.0,0.0,0.0,0.0,0.0,0.0,0.0,0.0,0.0,
TUHO,B.02,B.02.8,Vehicle or Special Equipment Maintenance,18,fixed_annual_keur,INFLATION,8.0,0.02,1.4002414191924248,True,,,,,8.0,3.2019313535393987,0.0,0.0,0.0,0.0,0.0,11.201931353539399,3.2019313535393987,0.0,
TUHO,B.02,B.02.9,Others,18,fixed_annual_keur,ZERO_LINE,0.0,0.02,1.4002414191924248,True,,,,,0.0,0.0,0.0,0.0,0.0,0.0,0.0,0.0,0.0,0.0,
TUHO,B.02,B.02.10,Met Station 2,18,fixed_annual_keur,ZERO_LINE,0.0,0.02,1.4002414191924248,True,,,,,0.0,0.0,0.0,0.0,0.0,0.0,0.0,0.0,0.0,0.0,
TUHO,B.02,B.02.1,O&M Preventive and Corrective,19,explicit_schedule,EXPLICIT_SCHEDULE,385.6,0.0,1.0,True,676.0,,,,385.6,0.0,0.0,290.4,0.0,0.0,0.0,676.0,290.4,0.0,
TUHO,B.02,B.02.2,Minor Maintenance,19,fixed_annual_keur,INFLATION,27.0,0.02,1.4282462475762734,True,,,,,27.0,11.562648684559385,0.0,0.0,0.0,0.0,0.0,38.562648684559385,11.562648684559385,0.0,
TUHO,B.02,B.02.3,HV Substation and O&M Building,19,fixed_annual_keur,ZERO_LINE,0.0,0.02,1.4282462475762734,True,,,,,0.0,0.0,0.0,0.0,0.0,0.0,0.0,0.0,0.0,0.0,
TUHO,B.02,B.02.4,Regulatory Inspections,19,fixed_annual_keur,INFLATION,6.0,0.02,1.4282462475762734,True,,,,,6.0,2.5694774854576394,0.0,0.0,0.0,0.0,0.0,8.56947748545764,2.5694774854576394,0.0,
TUHO,B.02,B.02.5,HSE Prevention Plan,19,fixed_annual_keur,ZERO_LINE,0.0,0.02,1.4282462475762734,True,,,,,0.0,0.0,0.0,0.0,0.0,0.0,0.0,0.0,0.0,0.0,
TUHO,B.02,B.02.6,Met Station Maintenance,19,fixed_annual_keur,ZERO_LINE,0.0,0.02,1.4282462475762734,True,,,,,0.0,0.0,0.0,0.0,0.0,0.0,0.0,0.0,0.0,0.0,
TUHO,B.02,B.02.7,Blade Maintenance,19,fixed_annual_keur,ZERO_LINE,0.0,0.02,1.4282462475762734,True,,,,,0.0,0.0,0.0,0.0,0.0,0.0,0.0,0.0,0.0,0.0,
TUHO,B.02,B.02.8,Vehicle or Special Equipment Maintenance,19,fixed_annual_keur,INFLATION,8.0,0.02,1.4282462475762734,True,,,,,8.0,3.425969980610187,0.0,0.0,0.0,0.0,0.0,11.425969980610187,3.425969980610187,0.0,
TUHO,B.02,B.02.9,Others,19,fixed_annual_keur,ZERO_LINE,0.0,0.02,1.4282462475762734,True,,,,,0.0,0.0,0.0,0.0,0.0,0.0,0.0,0.0,0.0,0.0,
TUHO,B.02,B.02.10,Met Station 2,19,fixed_annual_keur,ZERO_LINE,0.0,0.02,1.4282462475762734,True,,,,,0.0,0.0,0.0,0.0,0.0,0.0,0.0,0.0,0.0,0.0,
TUHO,B.02,B.02.1,O&M Preventive and Corrective,20,explicit_schedule,EXPLICIT_SCHEDULE,385.6,0.0,1.0,True,676.0,,,,385.6,0.0,0.0,290.4,0.0,0.0,0.0,676.0,290.4,0.0,
TUHO,B.02,B.02.2,Minor Maintenance,20,fixed_annual_keur,INFLATION,27.0,0.02,1.4568111725277988,True,,,,,27.0,12.333901658250568,0.0,0.0,0.0,0.0,0.0,39.33390165825057,12.333901658250568,0.0,
TUHO,B.02,B.02.3,HV Substation and O&M Building,20,fixed_annual_keur,ZERO_LINE,0.0,0.02,1.4568111725277988,True,,,,,0.0,0.0,0.0,0.0,0.0,0.0,0.0,0.0,0.0,0.0,
TUHO,B.02,B.02.4,Regulatory Inspections,20,fixed_annual_keur,INFLATION,6.0,0.02,1.4568111725277988,True,,,,,6.0,2.7408670351667936,0.0,0.0,0.0,0.0,0.0,8.740867035166794,2.7408670351667936,0.0,
TUHO,B.02,B.02.5,HSE Prevention Plan,20,fixed_annual_keur,ZERO_LINE,0.0,0.02,1.4568111725277988,True,,,,,0.0,0.0,0.0,0.0,0.0,0.0,0.0,0.0,0.0,0.0,
TUHO,B.02,B.02.6,Met Station Maintenance,20,fixed_annual_keur,ZERO_LINE,0.0,0.02,1.4568111725277988,True,,,,,0.0,0.0,0.0,0.0,0.0,0.0,0.0,0.0,0.0,0.0,
TUHO,B.02,B.02.7,Blade Maintenance,20,fixed_annual_keur,ZERO_LINE,0.0,0.02,1.4568111725277988,True,,,,,0.0,0.0,0.0,0.0,0.0,0.0,0.0,0.0,0.0,0.0,
TUHO,B.02,B.02.8,Vehicle or Special Equipment Maintenance,20,fixed_annual_keur,INFLATION,8.0,0.02,1.4568111725277988,True,,,,,8.0,3.6544893802223903,0.0,0.0,0.0,0.0,0.0,11.65448938022239,3.6544893802223903,0.0,
TUHO,B.02,B.02.9,Others,20,fixed_annual_keur,ZERO_LINE,0.0,0.02,1.4568111725277988,True,,,,,0.0,0.0,0.0,0.0,0.0,0.0,0.0,0.0,0.0,0.0,
TUHO,B.02,B.02.10,Met Station 2,20,fixed_annual_keur,ZERO_LINE,0.0,0.02,1.4568111725277988,True,,,,,0.0,0.0,0.0,0.0,0.0,0.0,0.0,0.0,0.0,0.0,
TUHO,B.02,B.02.1,O&M Preventive and Corrective,21,explicit_schedule,EXPLICIT_SCHEDULE,385.6,0.0,1.0,True,756.0,,,,385.6,0.0,0.0,370.4,0.0,0.0,0.0,756.0,370.4,0.0,step change: 676.0 -> 756.0
TUHO,B.02,B.02.2,Minor Maintenance,21,fixed_annual_keur,INFLATION,27.0,0.02,1.485947395978355,True,,,,,27.0,13.120579691415585,0.0,0.0,0.0,0.0,0.0,40.120579691415585,13.120579691415585,0.0,
TUHO,B.02,B.02.3,HV Substation and O&M Building,21,fixed_annual_keur,ZERO_LINE,0.0,0.02,1.485947395978355,True,,,,,0.0,0.0,0.0,0.0,0.0,0.0,0.0,0.0,0.0,0.0,
TUHO,B.02,B.02.4,Regulatory Inspections,21,fixed_annual_keur,INFLATION,6.0,0.02,1.485947395978355,True,,,,,6.0,2.9156843758701285,0.0,0.0,0.0,0.0,0.0,8.915684375870129,2.9156843758701285,0.0,
TUHO,B.02,B.02.5,HSE Prevention Plan,21,fixed_annual_keur,ZERO_LINE,0.0,0.02,1.485947395978355,True,,,,,0.0,0.0,0.0,0.0,0.0,0.0,0.0,0.0,0.0,0.0,
TUHO,B.02,B.02.6,Met Station Maintenance,21,fixed_annual_keur,ZERO_LINE,0.0,0.02,1.485947395978355,True,,,,,0.0,0.0,0.0,0.0,0.0,0.0,0.0,0.0,0.0,0.0,
TUHO,B.02,B.02.7,Blade Maintenance,21,fixed_annual_keur,ZERO_LINE,0.0,0.02,1.485947395978355,True,,,,,0.0,0.0,0.0,0.0,0.0,0.0,0.0,0.0,0.0,0.0,
TUHO,B.02,B.02.8,Vehicle or Special Equipment Maintenance,21,fixed_annual_keur,INFLATION,8.0,0.02,1.485947395978355,True,,,,,8.0,3.887579167826839,0.0,0.0,0.0,0.0,0.0,11.88757916782684,3.887579167826839,0.0,
TUHO,B.02,B.02.9,Others,21,fixed_annual_keur,ZERO_LINE,0.0,0.02,1.485947395978355,True,,,,,0.0,0.0,0.0,0.0,0.0,0.0,0.0,0.0,0.0,0.0,
TUHO,B.02,B.02.10,Met Station 2,21,fixed_annual_keur,ZERO_LINE,0.0,0.02,1.485947395978355,True,,,,,0.0,0.0,0.0,0.0,0.0,0.0,0.0,0.0,0.0,0.0,
TUHO,B.02,B.02.1,O&M Preventive and Corrective,22,explicit_schedule,EXPLICIT_SCHEDULE,385.6,0.0,1.0,True,756.0,,,,385.6,0.0,0.0,370.4,0.0,0.0,0.0,756.0,370.4,0.0,
TUHO,B.02,B.02.2,Minor Maintenance,22,fixed_annual_keur,INFLATION,27.0,0.02,1.5156663438979219,True,,,,,27.0,13.922991285243889,0.0,0.0,0.0,0.0,0.0,40.92299128524389,13.922991285243889,0.0,
TUHO,B.02,B.02.3,HV Substation and O&M Building,22,fixed_annual_keur,ZERO_LINE,0.0,0.02,1.5156663438979219,True,,,,,0.0,0.0,0.0,0.0,0.0,0.0,0.0,0.0,0.0,0.0,
TUHO,B.02,B.02.4,Regulatory Inspections,22,fixed_annual_keur,INFLATION,6.0,0.02,1.5156663438979219,True,,,,,6.0,3.093998063387531,0.0,0.0,0.0,0.0,0.0,9.09399806338753,3.093998063387531,0.0,
TUHO,B.02,B.02.5,HSE Prevention Plan,22,fixed_annual_keur,ZERO_LINE,0.0,0.02,1.5156663438979219,True,,,,,0.0,0.0,0.0,0.0,0.0,0.0,0.0,0.0,0.0,0.0,
TUHO,B.02,B.02.6,Met Station Maintenance,22,fixed_annual_keur,ZERO_LINE,0.0,0.02,1.5156663438979219,True,,,,,0.0,0.0,0.0,0.0,0.0,0.0,0.0,0.0,0.0,0.0,
TUHO,B.02,B.02.7,Blade Maintenance,22,fixed_annual_keur,ZERO_LINE,0.0,0.02,1.5156663438979219,True,,,,,0.0,0.0,0.0,0.0,0.0,0.0,0.0,0.0,0.0,0.0,
TUHO,B.02,B.02.8,Vehicle or Special Equipment Maintenance,22,fixed_annual_keur,INFLATION,8.0,0.02,1.5156663438979219,True,,,,,8.0,4.125330751183375,0.0,0.0,0.0,0.0,0.0,12.125330751183375,4.125330751183375,0.0,
TUHO,B.02,B.02.9,Others,22,fixed_annual_keur,ZERO_LINE,0.0,0.02,1.5156663438979219,True,,,,,0.0,0.0,0.0,0.0,0.0,0.0,0.0,0.0,0.0,0.0,
TUHO,B.02,B.02.10,Met Station 2,22,fixed_annual_keur,ZERO_LINE,0.0,0.02,1.5156663438979219,True,,,,,0.0,0.0,0.0,0.0,0.0,0.0,0.0,0.0,0.0,0.0,
TUHO,B.02,B.02.1,O&M Preventive and Corrective,23,explicit_schedule,EXPLICIT_SCHEDULE,385.6,0.0,1.0,True,756.0,,,,385.6,0.0,0.0,370.4,0.0,0.0,0.0,756.0,370.4,0.0,
TUHO,B.02,B.02.2,Minor Maintenance,23,fixed_annual_keur,INFLATION,27.0,0.02,1.5459796707758804,True,,,,,27.0,14.741451110948773,0.0,0.0,0.0,0.0,0.0,41.74145111094877,14.741451110948773,0.0,
TUHO,B.02,B.02.3,HV Substation and O&M Building,23,fixed_annual_keur,ZERO_LINE,0.0,0.02,1.5459796707758804,True,,,,,0.0,0.0,0.0,0.0,0.0,0.0,0.0,0.0,0.0,0.0,
TUHO,B.02,B.02.4,Regulatory Inspections,23,fixed_annual_keur,INFLATION,6.0,0.02,1.5459796707758804,True,,,,,6.0,3.2758780246552828,0.0,0.0,0.0,0.0,0.0,9.275878024655283,3.2758780246552828,0.0,
TUHO,B.02,B.02.5,HSE Prevention Plan,23,fixed_annual_keur,ZERO_LINE,0.0,0.02,1.5459796707758804,True,,,,,0.0,0.0,0.0,0.0,0.0,0.0,0.0,0.0,0.0,0.0,
TUHO,B.02,B.02.6,Met Station Maintenance,23,fixed_annual_keur,ZERO_LINE,0.0,0.02,1.5459796707758804,True,,,,,0.0,0.0,0.0,0.0,0.0,0.0,0.0,0.0,0.0,0.0,
TUHO,B.02,B.02.7,Blade Maintenance,23,fixed_annual_keur,ZERO_LINE,0.0,0.02,1.5459796707758804,True,,,,,0.0,0.0,0.0,0.0,0.0,0.0,0.0,0.0,0.0,0.0,
TUHO,B.02,B.02.8,Vehicle or Special Equipment Maintenance,23,fixed_annual_keur,INFLATION,8.0,0.02,1.5459796707758804,True,,,,,8.0,4.367837366207043,0.0,0.0,0.0,0.0,0.0,12.367837366207043,4.367837366207043,0.0,
TUHO,B.02,B.02.9,Others,23,fixed_annual_keur,ZERO_LINE,0.0,0.02,1.5459796707758804,True,,,,,0.0,0.0,0.0,0.0,0.0,0.0,0.0,0.0,0.0,0.0,
TUHO,B.02,B.02.10,Met Station 2,23,fixed_annual_keur,ZERO_LINE,0.0,0.02,1.5459796707758804,True,,,,,0.0,0.0,0.0,0.0,0.0,0.0,0.0,0.0,0.0,0.0,
TUHO,B.02,B.02.1,O&M Preventive and Corrective,24,explicit_schedule,EXPLICIT_SCHEDULE,385.6,0.0,1.0,True,756.0,,,,385.6,0.0,0.0,370.4,0.0,0.0,0.0,756.0,370.4,0.0,
TUHO,B.02,B.02.2,Minor Maintenance,24,fixed_annual_keur,INFLATION,27.0,0.02,1.5768992641913981,True,,,,,27.0,15.57628013316775,0.0,0.0,0.0,0.0,0.0,42.57628013316775,15.57628013316775,0.0,
TUHO,B.02,B.02.3,HV Substation and O&M Building,24,fixed_annual_keur,ZERO_LINE,0.0,0.02,1.5768992641913981,True,,,,,0.0,0.0,0.0,0.0,0.0,0.0,0.0,0.0,0.0,0.0,
TUHO,B.02,B.02.4,Regulatory Inspections,24,fixed_annual_keur,INFLATION,6.0,0.02,1.5768992641913981,True,,,,,6.0,3.461395585148388,0.0,0.0,0.0,0.0,0.0,9.461395585148388,3.461395585148388,0.0,
TUHO,B.02,B.02.5,HSE Prevention Plan,24,fixed_annual_keur,ZERO_LINE,0.0,0.02,1.5768992641913981,True,,,,,0.0,0.0,0.0,0.0,0.0,0.0,0.0,0.0,0.0,0.0,
TUHO,B.02,B.02.6,Met Station Maintenance,24,fixed_annual_keur,ZERO_LINE,0.0,0.02,1.5768992641913981,True,,,,,0.0,0.0,0.0,0.0,0.0,0.0,0.0,0.0,0.0,0.0,
TUHO,B.02,B.02.7,Blade Maintenance,24,fixed_annual_keur,ZERO_LINE,0.0,0.02,1.5768992641913981,True,,,,,0.0,0.0,0.0,0.0,0.0,0.0,0.0,0.0,0.0,0.0,
TUHO,B.02,B.02.8,Vehicle or Special Equipment Maintenance,24,fixed_annual_keur,INFLATION,8.0,0.02,1.5768992641913981,True,,,,,8.0,4.615194113531185,0.0,0.0,0.0,0.0,0.0,12.615194113531185,4.615194113531185,0.0,
TUHO,B.02,B.02.9,Others,24,fixed_annual_keur,ZERO_LINE,0.0,0.02,1.5768992641913981,True,,,,,0.0,0.0,0.0,0.0,0.0,0.0,0.0,0.0,0.0,0.0,
TUHO,B.02,B.02.10,Met Station 2,24,fixed_annual_keur,ZERO_LINE,0.0,0.02,1.5768992641913981,True,,,,,0.0,0.0,0.0,0.0,0.0,0.0,0.0,0.0,0.0,0.0,
TUHO,B.02,B.02.1,O&M Preventive and Corrective,25,explicit_schedule,EXPLICIT_SCHEDULE,385.6,0.0,1.0,True,756.0,,,,385.6,0.0,0.0,370.4,0.0,0.0,0.0,756.0,370.4,0.0,
TUHO,B.02,B.02.2,Minor Maintenance,25,fixed_annual_keur,INFLATION,27.0,0.02,1.6084372494752261,True,,,,,27.0,16.427805735831107,0.0,0.0,0.0,0.0,0.0,43.42780573583111,16.427805735831107,0.0,
TUHO,B.02,B.02.3,HV Substation and O&M Building,25,fixed_annual_keur,ZERO_LINE,0.0,0.02,1.6084372494752261,True,,,,,0.0,0.0,0.0,0.0,0.0,0.0,0.0,0.0,0.0,0.0,
TUHO,B.02,B.02.4,Regulatory Inspections,25,fixed_annual_keur,INFLATION,6.0,0.02,1.6084372494752261,True,,,,,6.0,3.650623496851356,0.0,0.0,0.0,0.0,0.0,9.650623496851356,3.650623496851356,0.0,
TUHO,B.02,B.02.5,HSE Prevention Plan,25,fixed_annual_keur,ZERO_LINE,0.0,0.02,1.6084372494752261,True,,,,,0.0,0.0,0.0,0.0,0.0,0.0,0.0,0.0,0.0,0.0,
TUHO,B.02,B.02.6,Met Station Maintenance,25,fixed_annual_keur,ZERO_LINE,0.0,0.02,1.6084372494752261,True,,,,,0.0,0.0,0.0,0.0,0.0,0.0,0.0,0.0,0.0,0.0,
TUHO,B.02,B.02.7,Blade Maintenance,25,fixed_annual_keur,ZERO_LINE,0.0,0.02,1.6084372494752261,True,,,,,0.0,0.0,0.0,0.0,0.0,0.0,0.0,0.0,0.0,0.0,
TUHO,B.02,B.02.8,Vehicle or Special Equipment Maintenance,25,fixed_annual_keur,INFLATION,8.0,0.02,1.6084372494752261,True,,,,,8.0,4.867497995801809,0.0,0.0,0.0,0.0,0.0,12.86749799580181,4.867497995801809,0.0,
TUHO,B.02,B.02.9,Others,25,fixed_annual_keur,ZERO_LINE,0.0,0.02,1.6084372494752261,True,,,,,0.0,0.0,0.0,0.0,0.0,0.0,0.0,0.0,0.0,0.0,
TUHO,B.02,B.02.10,Met Station 2,25,fixed_annual_keur,ZERO_LINE,0.0,0.02,1.6084372494752261,True,,,,,0.0,0.0,0.0,0.0,0.0,0.0,0.0,0.0,0.0,0.0,
TUHO,B.02,B.02.1,O&M Preventive and Corrective,26,explicit_schedule,EXPLICIT_SCHEDULE,385.6,0.0,1.0,True,828.0,,,,385.6,0.0,0.0,442.4,0.0,0.0,0.0,828.0,442.4,0.0,step change: 756.0 -> 828.0
TUHO,B.02,B.02.2,Minor Maintenance,26,fixed_annual_keur,INFLATION,27.0,0.02,1.6406059944647307,True,,,,,27.0,17.296361850547726,0.0,0.0,0.0,0.0,0.0,44.296361850547726,17.296361850547726,0.0,
TUHO,B.02,B.02.3,HV Substation and O&M Building,26,fixed_annual_keur,ZERO_LINE,0.0,0.02,1.6406059944647307,True,,,,,0.0,0.0,0.0,0.0,0.0,0.0,0.0,0.0,0.0,0.0,
TUHO,B.02,B.02.4,Regulatory Inspections,26,fixed_annual_keur,INFLATION,6.0,0.02,1.6406059944647307,True,,,,,6.0,3.8436359667883835,0.0,0.0,0.0,0.0,0.0,9.843635966788383,3.8436359667883835,0.0,
TUHO,B.02,B.02.5,HSE Prevention Plan,26,fixed_annual_keur,ZERO_LINE,0.0,0.02,1.6406059944647307,True,,,,,0.0,0.0,0.0,0.0,0.0,0.0,0.0,0.0,0.0,0.0,
TUHO,B.02,B.02.6,Met Station Maintenance,26,fixed_annual_keur,ZERO_LINE,0.0,0.02,1.6406059944647307,True,,,,,0.0,0.0,0.0,0.0,0.0,0.0,0.0,0.0,0.0,0.0,
TUHO,B.02,B.02.7,Blade Maintenance,26,fixed_annual_keur,ZERO_LINE,0.0,0.02,1.6406059944647307,True,,,,,0.0,0.0,0.0,0.0,0.0,0.0,0.0,0.0,0.0,0.0,
TUHO,B.02,B.02.8,Vehicle or Special Equipment Maintenance,26,fixed_annual_keur,INFLATION,8.0,0.02,1.6406059944647307,True,,,,,8.0,5.124847955717845,0.0,0.0,0.0,0.0,0.0,13.124847955717845,5.124847955717845,0.0,
TUHO,B.02,B.02.9,Others,26,fixed_annual_keur,ZERO_LINE,0.0,0.02,1.6406059944647307,True,,,,,0.0,0.0,0.0,0.0,0.0,0.0,0.0,0.0,0.0,0.0,
TUHO,B.02,B.02.10,Met Station 2,26,fixed_annual_keur,ZERO_LINE,0.0,0.02,1.6406059944647307,True,,,,,0.0,0.0,0.0,0.0,0.0,0.0,0.0,0.0,0.0,0.0,
TUHO,B.02,B.02.1,O&M Preventive and Corrective,27,explicit_schedule,EXPLICIT_SCHEDULE,385.6,0.0,1.0,True,828.0,,,,385.6,0.0,0.0,442.4,0.0,0.0,0.0,828.0,442.4,0.0,
TUHO,B.02,B.02.2,Minor Maintenance,27,fixed_annual_keur,INFLATION,27.0,0.02,1.6734181143540252,True,,,,,27.0,18.18228908755868,0.0,0.0,0.0,0.0,0.0,45.18228908755868,18.18228908755868,0.0,
TUHO,B.02,B.02.3,HV Substation and O&M Building,27,fixed_annual_keur,ZERO_LINE,0.0,0.02,1.6734181143540252,True,,,,,0.0,0.0,0.0,0.0,0.0,0.0,0.0,0.0,0.0,0.0,
TUHO,B.02,B.02.4,Regulatory Inspections,27,fixed_annual_keur,INFLATION,6.0,0.02,1.6734181143540252,True,,,,,6.0,4.040508686124152,0.0,0.0,0.0,0.0,0.0,10.040508686124152,4.040508686124152,0.0,
TUHO,B.02,B.02.5,HSE Prevention Plan,27,fixed_annual_keur,ZERO_LINE,0.0,0.02,1.6734181143540252,True,,,,,0.0,0.0,0.0,0.0,0.0,0.0,0.0,0.0,0.0,0.0,
TUHO,B.02,B.02.6,Met Station Maintenance,27,fixed_annual_keur,ZERO_LINE,0.0,0.02,1.6734181143540252,True,,,,,0.0,0.0,0.0,0.0,0.0,0.0,0.0,0.0,0.0,0.0,
TUHO,B.02,B.02.7,Blade Maintenance,27,fixed_annual_keur,ZERO_LINE,0.0,0.02,1.6734181143540252,True,,,,,0.0,0.0,0.0,0.0,0.0,0.0,0.0,0.0,0.0,0.0,
TUHO,B.02,B.02.8,Vehicle or Special Equipment Maintenance,27,fixed_annual_keur,INFLATION,8.0,0.02,1.6734181143540252,True,,,,,8.0,5.387344914832202,0.0,0.0,0.0,0.0,0.0,13.387344914832202,5.387344914832202,0.0,
TUHO,B.02,B.02.9,Others,27,fixed_annual_keur,ZERO_LINE,0.0,0.02,1.6734181143540252,True,,,,,0.0,0.0,0.0,0.0,0.0,0.0,0.0,0.0,0.0,0.0,
TUHO,B.02,B.02.10,Met Station 2,27,fixed_annual_keur,ZERO_LINE,0.0,0.02,1.6734181143540252,True,,,,,0.0,0.0,0.0,0.0,0.0,0.0,0.0,0.0,0.0,0.0,
TUHO,B.02,B.02.1,O&M Preventive and Corrective,28,explicit_schedule,EXPLICIT_SCHEDULE,385.6,0.0,1.0,True,828.0,,,,385.6,0.0,0.0,442.4,0.0,0.0,0.0,828.0,442.4,0.0,
TUHO,B.02,B.02.2,Minor Maintenance,28,fixed_annual_keur,INFLATION,27.0,0.02,1.7068864766411058,True,,,,,27.0,19.08593486930986,0.0,0.0,0.0,0.0,0.0,46.08593486930986,19.08593486930986,0.0,
TUHO,B.02,B.02.3,HV Substation and O&M Building,28,fixed_annual_keur,ZERO_LINE,0.0,0.02,1.7068864766411058,True,,,,,0.0,0.0,0.0,0.0,0.0,0.0,0.0,0.0,0.0,0.0,
TUHO,B.02,B.02.4,Regulatory Inspections,28,fixed_annual_keur,INFLATION,6.0,0.02,1.7068864766411058,True,,,,,6.0,4.2413188598466345,0.0,0.0,0.0,0.0,0.0,10.241318859846634,4.2413188598466345,0.0,
TUHO,B.02,B.02.5,HSE Prevention Plan,28,fixed_annual_keur,ZERO_LINE,0.0,0.02,1.7068864766411058,True,,,,,0.0,0.0,0.0,0.0,0.0,0.0,0.0,0.0,0.0,0.0,
TUHO,B.02,B.02.6,Met Station Maintenance,28,fixed_annual_keur,ZERO_LINE,0.0,0.02,1.7068864766411058,True,,,,,0.0,0.0,0.0,0.0,0.0,0.0,0.0,0.0,0.0,0.0,
TUHO,B.02,B.02.7,Blade Maintenance,28,fixed_annual_keur,ZERO_LINE,0.0,0.02,1.7068864766411058,True,,,,,0.0,0.0,0.0,0.0,0.0,0.0,0.0,0.0,0.0,0.0,
TUHO,B.02,B.02.8,Vehicle or Special Equipment Maintenance,28,fixed_annual_keur,INFLATION,8.0,0.02,1.7068864766411058,True,,,,,8.0,5.655091813128847,0.0,0.0,0.0,0.0,0.0,13.655091813128847,5.655091813128847,0.0,
TUHO,B.02,B.02.9,Others,28,fixed_annual_keur,ZERO_LINE,0.0,0.02,1.7068864766411058,True,,,,,0.0,0.0,0.0,0.0,0.0,0.0,0.0,0.0,0.0,0.0,
TUHO,B.02,B.02.10,Met Station 2,28,fixed_annual_keur,ZERO_LINE,0.0,0.02,1.7068864766411058,True,,,,,0.0,0.0,0.0,0.0,0.0,0.0,0.0,0.0,0.0,0.0,
TUHO,B.02,B.02.1,O&M Preventive and Corrective,29,explicit_schedule,EXPLICIT_SCHEDULE,385.6,0.0,1.0,True,828.0,,,,385.6,0.0,0.0,442.4,0.0,0.0,0.0,828.0,442.4,0.0,
TUHO,B.02,B.02.2,Minor Maintenance,29,fixed_annual_keur,INFLATION,27.0,0.02,1.741024206173928,True,,,,,27.0,20.007653566696057,0.0,0.0,0.0,0.0,0.0,47.00765356669606,20.007653566696057,0.0,
TUHO,B.02,B.02.3,HV Substation and O&M Building,29,fixed_annual_keur,ZERO_LINE,0.0,0.02,1.741024206173928,True,,,,,0.0,0.0,0.0,0.0,0.0,0.0,0.0,0.0,0.0,0.0,
TUHO,B.02,B.02.4,Regulatory Inspections,29,fixed_annual_keur,INFLATION,6.0,0.02,1.741024206173928,True,,,,,6.0,4.446145237043568,0.0,0.0,0.0,0.0,0.0,10.446145237043568,4.446145237043568,0.0,
TUHO,B.02,B.02.5,HSE Prevention Plan,29,fixed_annual_keur,ZERO_LINE,0.0,0.02,1.741024206173928,True,,,,,0.0,0.0,0.0,0.0,0.0,0.0,0.0,0.0,0.0,0.0,
TUHO,B.02,B.02.6,Met Station Maintenance,29,fixed_annual_keur,ZERO_LINE,0.0,0.02,1.741024206173928,True,,,,,0.0,0.0,0.0,0.0,0.0,0.0,0.0,0.0,0.0,0.0,
TUHO,B.02,B.02.7,Blade Maintenance,29,fixed_annual_keur,ZERO_LINE,0.0,0.02,1.741024206173928,True,,,,,0.0,0.0,0.0,0.0,0.0,0.0,0.0,0.0,0.0,0.0,
TUHO,B.02,B.02.8,Vehicle or Special Equipment Maintenance,29,fixed_annual_keur,INFLATION,8.0,0.02,1.741024206173928,True,,,,,8.0,5.9281936493914245,0.0,0.0,0.0,0.0,0.0,13.928193649391424,5.9281936493914245,0.0,
TUHO,B.02,B.02.9,Others,29,fixed_annual_keur,ZERO_LINE,0.0,0.02,1.741024206173928,True,,,,,0.0,0.0,0.0,0.0,0.0,0.0,0.0,0.0,0.0,0.0,
TUHO,B.02,B.02.10,Met Station 2,29,fixed_annual_keur,ZERO_LINE,0.0,0.02,1.741024206173928,True,,,,,0.0,0.0,0.0,0.0,0.0,0.0,0.0,0.0,0.0,0.0,
TUHO,B.02,B.02.1,O&M Preventive and Corrective,30,explicit_schedule,EXPLICIT_SCHEDULE,385.6,0.0,1.0,True,828.0,,,,385.6,0.0,0.0,442.4,0.0,0.0,0.0,828.0,442.4,0.0,
TUHO,B.02,B.02.2,Minor Maintenance,30,fixed_annual_keur,INFLATION,27.0,0.02,1.7758446902974065,True,,,,,27.0,20.947806638029974,0.0,0.0,0.0,0.0,0.0,47.947806638029974,20.947806638029974,0.0,
TUHO,B.02,B.02.3,HV Substation and O&M Building,30,fixed_annual_keur,ZERO_LINE,0.0,0.02,1.7758446902974065,True,,,,,0.0,0.0,0.0,0.0,0.0,0.0,0.0,0.0,0.0,0.0,
TUHO,B.02,B.02.4,Regulatory Inspections,30,fixed_annual_keur,INFLATION,6.0,0.02,1.7758446902974065,True,,,,,6.0,4.65506814178444,0.0,0.0,0.0,0.0,0.0,10.65506814178444,4.65506814178444,0.0,
TUHO,B.02,B.02.5,HSE Prevention Plan,30,fixed_annual_keur,ZERO_LINE,0.0,0.02,1.7758446902974065,True,,,,,0.0,0.0,0.0,0.0,0.0,0.0,0.0,0.0,0.0,0.0,
TUHO,B.02,B.02.6,Met Station Maintenance,30,fixed_annual_keur,ZERO_LINE,0.0,0.02,1.7758446902974065,True,,,,,0.0,0.0,0.0,0.0,0.0,0.0,0.0,0.0,0.0,0.0,
TUHO,B.02,B.02.7,Blade Maintenance,30,fixed_annual_keur,ZERO_LINE,0.0,0.02,1.7758446902974065,True,,,,,0.0,0.0,0.0,0.0,0.0,0.0,0.0,0.0,0.0,0.0,
TUHO,B.02,B.02.8,Vehicle or Special Equipment Maintenance,30,fixed_annual_keur,INFLATION,8.0,0.02,1.7758446902974065,True,,,,,8.0,6.206757522379252,0.0,0.0,0.0,0.0,0.0,14.206757522379252,6.206757522379252,0.0,
TUHO,B.02,B.02.9,Others,30,fixed_annual_keur,ZERO_LINE,0.0,0.02,1.7758446902974065,True,,,,,0.0,0.0,0.0,0.0,0.0,0.0,0.0,0.0,0.0,0.0,
TUHO,B.02,B.02.10,Met Station 2,30,fixed_annual_keur,ZERO_LINE,0.0,0.02,1.7758446902974065,True,,,,,0.0,0.0,0.0,0.0,0.0,0.0,0.0,0.0,0.0,0.0,
TUHO,B.03,B.03.1,Vegetation management,1,fixed_annual_keur,INFLATION,28.0,0.02,1.0,True,,,,,28.0,0.0,0.0,0.0,0.0,0.0,0.0,28.0,0.0,0.0,
TUHO,B.03,B.03.2,Repair roads,1,fixed_annual_keur,INFLATION,20.0,0.02,1.0,True,,,,,20.0,0.0,0.0,0.0,0.0,0.0,0.0,20.0,0.0,0.0,
TUHO,B.03,B.03.3,Pest control,1,fixed_annual_keur,INFLATION,10.0,0.02,1.0,True,,,,,10.0,0.0,0.0,0.0,0.0,0.0,0.0,10.0,0.0,0.0,
TUHO,B.03,B.03.4,Inspections,1,fixed_annual_keur,INFLATION,10.0,0.02,1.0,True,,,,,10.0,0.0,0.0,0.0,0.0,0.0,0.0,10.0,0.0,0.0,
TUHO,B.03,B.03.1,Vegetation management,2,fixed_annual_keur,INFLATION,28.0,0.02,1.02,True,,,,,28.0,0.5600000000000023,0.0,0.0,0.0,0.0,0.0,28.560000000000002,0.5600000000000023,0.0,
TUHO,B.03,B.03.2,Repair roads,2,fixed_annual_keur,INFLATION,20.0,0.02,1.02,True,,,,,20.0,0.3999999999999986,0.0,0.0,0.0,0.0,0.0,20.4,0.3999999999999986,0.0,
TUHO,B.03,B.03.3,Pest control,2,fixed_annual_keur,INFLATION,10.0,0.02,1.02,True,,,,,10.0,0.1999999999999993,0.0,0.0,0.0,0.0,0.0,10.2,0.1999999999999993,0.0,
TUHO,B.03,B.03.4,Inspections,2,fixed_annual_keur,INFLATION,10.0,0.02,1.02,True,,,,,10.0,0.1999999999999993,0.0,0.0,0.0,0.0,0.0,10.2,0.1999999999999993,0.0,
TUHO,B.03,B.03.1,Vegetation management,3,fixed_annual_keur,INFLATION,28.0,0.02,1.0404,True,,,,,28.0,1.1311999999999998,0.0,0.0,0.0,0.0,0.0,29.1312,1.1311999999999998,0.0,
TUHO,B.03,B.03.2,Repair roads,3,fixed_annual_keur,INFLATION,20.0,0.02,1.0404,True,,,,,20.0,0.8079999999999998,0.0,0.0,0.0,0.0,0.0,20.808,0.8079999999999998,0.0,
TUHO,B.03,B.03.3,Pest control,3,fixed_annual_keur,INFLATION,10.0,0.02,1.0404,True,,,,,10.0,0.4039999999999999,0.0,0.0,0.0,0.0,0.0,10.404,0.4039999999999999,0.0,
TUHO,B.03,B.03.4,Inspections,3,fixed_annual_keur,INFLATION,10.0,0.02,1.0404,True,,,,,10.0,0.4039999999999999,0.0,0.0,0.0,0.0,0.0,10.404,0.4039999999999999,0.0,
TUHO,B.03,B.03.1,Vegetation management,4,fixed_annual_keur,INFLATION,28.0,0.02,1.0612080000000002,True,,,,,28.0,1.7138240000000025,0.0,0.0,0.0,0.0,0.0,29.713824000000002,1.7138240000000025,0.0,
TUHO,B.03,B.03.2,Repair roads,4,fixed_annual_keur,INFLATION,20.0,0.02,1.0612080000000002,True,,,,,20.0,1.2241600000000048,0.0,0.0,0.0,0.0,0.0,21.224160000000005,1.2241600000000048,0.0,
TUHO,B.03,B.03.3,Pest control,4,fixed_annual_keur,INFLATION,10.0,0.02,1.0612080000000002,True,,,,,10.0,0.6120800000000024,0.0,0.0,0.0,0.0,0.0,10.612080000000002,0.6120800000000024,0.0,
TUHO,B.03,B.03.4,Inspections,4,fixed_annual_keur,INFLATION,10.0,0.02,1.0612080000000002,True,,,,,10.0,0.6120800000000024,0.0,0.0,0.0,0.0,0.0,10.612080000000002,0.6120800000000024,0.0,
TUHO,B.03,B.03.1,Vegetation management,5,fixed_annual_keur,INFLATION,28.0,0.02,1.08243216,True,,,,,28.0,2.3081004800000002,0.0,0.0,0.0,0.0,0.0,30.30810048,2.3081004800000002,0.0,
TUHO,B.03,B.03.2,Repair roads,5,fixed_annual_keur,INFLATION,20.0,0.02,1.08243216,True,,,,,20.0,1.6486431999999986,0.0,0.0,0.0,0.0,0.0,21.6486432,1.6486431999999986,0.0,
TUHO,B.03,B.03.3,Pest control,5,fixed_annual_keur,INFLATION,10.0,0.02,1.08243216,True,,,,,10.0,0.8243215999999993,0.0,0.0,0.0,0.0,0.0,10.8243216,0.8243215999999993,0.0,
TUHO,B.03,B.03.4,Inspections,5,fixed_annual_keur,INFLATION,10.0,0.02,1.08243216,True,,,,,10.0,0.8243215999999993,0.0,0.0,0.0,0.0,0.0,10.8243216,0.8243215999999993,0.0,
TUHO,B.03,B.03.1,Vegetation management,6,fixed_annual_keur,INFLATION,28.0,0.02,1.1040808032,True,,,,,28.0,2.9142624895999987,0.0,0.0,0.0,0.0,0.0,30.9142624896,2.9142624895999987,0.0,
TUHO,B.03,B.03.2,Repair roads,6,fixed_annual_keur,INFLATION,20.0,0.02,1.1040808032,True,,,,,20.0,2.081616064000002,0.0,0.0,0.0,0.0,0.0,22.081616064000002,2.081616064000002,0.0,
TUHO,B.03,B.03.3,Pest control,6,fixed_annual_keur,INFLATION,10.0,0.02,1.1040808032,True,,,,,10.0,1.040808032000001,0.0,0.0,0.0,0.0,0.0,11.040808032000001,1.040808032000001,0.0,
TUHO,B.03,B.03.4,Inspections,6,fixed_annual_keur,INFLATION,10.0,0.02,1.1040808032,True,,,,,10.0,1.040808032000001,0.0,0.0,0.0,0.0,0.0,11.040808032000001,1.040808032000001,0.0,
TUHO,B.03,B.03.1,Vegetation management,7,fixed_annual_keur,INFLATION,28.0,0.02,1.126162419264,True,,,,,28.0,3.532547739392001,0.0,0.0,0.0,0.0,0.0,31.532547739392,3.532547739392001,0.0,
TUHO,B.03,B.03.2,Repair roads,7,fixed_annual_keur,INFLATION,20.0,0.02,1.126162419264,True,,,,,20.0,2.5232483852800023,0.0,0.0,0.0,0.0,0.0,22.523248385280002,2.5232483852800023,0.0,
TUHO,B.03,B.03.3,Pest control,7,fixed_annual_keur,INFLATION,10.0,0.02,1.126162419264,True,,,,,10.0,1.2616241926400011,0.0,0.0,0.0,0.0,0.0,11.261624192640001,1.2616241926400011,0.0,
TUHO,B.03,B.03.4,Inspections,7,fixed_annual_keur,INFLATION,10.0,0.02,1.126162419264,True,,,,,10.0,1.2616241926400011,0.0,0.0,0.0,0.0,0.0,11.261624192640001,1.2616241926400011,0.0,
TUHO,B.03,B.03.1,Vegetation management,8,fixed_annual_keur,INFLATION,28.0,0.02,1.14868566764928,True,,,,,28.0,4.16319869417984,0.0,0.0,0.0,0.0,0.0,32.16319869417984,4.16319869417984,0.0,
TUHO,B.03,B.03.2,Repair roads,8,fixed_annual_keur,INFLATION,20.0,0.02,1.14868566764928,True,,,,,20.0,2.9737133529856017,0.0,0.0,0.0,0.0,0.0,22.9737133529856,2.9737133529856017,0.0,
TUHO,B.03,B.03.3,Pest control,8,fixed_annual_keur,INFLATION,10.0,0.02,1.14868566764928,True,,,,,10.0,1.4868566764928008,0.0,0.0,0.0,0.0,0.0,11.4868566764928,1.4868566764928008,0.0,
TUHO,B.03,B.03.4,Inspections,8,fixed_annual_keur,INFLATION,10.0,0.02,1.14868566764928,True,,,,,10.0,1.4868566764928008,0.0,0.0,0.0,0.0,0.0,11.4868566764928,1.4868566764928008,0.0,
TUHO,B.03,B.03.1,Vegetation management,9,fixed_annual_keur,INFLATION,28.0,0.02,1.1716593810022657,True,,,,,28.0,4.806462668063439,0.0,0.0,0.0,0.0,0.0,32.80646266806344,4.806462668063439,0.0,
TUHO,B.03,B.03.2,Repair roads,9,fixed_annual_keur,INFLATION,20.0,0.02,1.1716593810022657,True,,,,,20.0,3.4331876200453166,0.0,0.0,0.0,0.0,0.0,23.433187620045317,3.4331876200453166,0.0,
TUHO,B.03,B.03.3,Pest control,9,fixed_annual_keur,INFLATION,10.0,0.02,1.1716593810022657,True,,,,,10.0,1.7165938100226583,0.0,0.0,0.0,0.0,0.0,11.716593810022658,1.7165938100226583,0.0,
TUHO,B.03,B.03.4,Inspections,9,fixed_annual_keur,INFLATION,10.0,0.02,1.1716593810022657,True,,,,,10.0,1.7165938100226583,0.0,0.0,0.0,0.0,0.0,11.716593810022658,1.7165938100226583,0.0,
TUHO,B.03,B.03.1,Vegetation management,10,fixed_annual_keur,INFLATION,28.0,0.02,1.195092568622311,True,,,,,28.0,5.4625919214247105,0.0,0.0,0.0,0.0,0.0,33.46259192142471,5.4625919214247105,0.0,
TUHO,B.03,B.03.2,Repair roads,10,fixed_annual_keur,INFLATION,20.0,0.02,1.195092568622311,True,,,,,20.0,3.9018513724462203,0.0,0.0,0.0,0.0,0.0,23.90185137244622,3.9018513724462203,0.0,
TUHO,B.03,B.03.3,Pest control,10,fixed_annual_keur,INFLATION,10.0,0.02,1.195092568622311,True,,,,,10.0,1.9509256862231101,0.0,0.0,0.0,0.0,0.0,11.95092568622311,1.9509256862231101,0.0,
TUHO,B.03,B.03.4,Inspections,10,fixed_annual_keur,INFLATION,10.0,0.02,1.195092568622311,True,,,,,10.0,1.9509256862231101,0.0,0.0,0.0,0.0,0.0,11.95092568622311,1.9509256862231101,0.0,
TUHO,B.03,B.03.1,Vegetation management,11,fixed_annual_keur,INFLATION,28.0,0.02,1.2189944199947573,True,,,,,28.0,6.131843759853204,0.0,0.0,0.0,0.0,0.0,34.131843759853204,6.131843759853204,0.0,
TUHO,B.03,B.03.2,Repair roads,11,fixed_annual_keur,INFLATION,20.0,0.02,1.2189944199947573,True,,,,,20.0,4.379888399895147,0.0,0.0,0.0,0.0,0.0,24.379888399895147,4.379888399895147,0.0,
TUHO,B.03,B.03.3,Pest control,11,fixed_annual_keur,INFLATION,10.0,0.02,1.2189944199947573,True,,,,,10.0,2.1899441999475737,0.0,0.0,0.0,0.0,0.0,12.189944199947574,2.1899441999475737,0.0,
TUHO,B.03,B.03.4,Inspections,11,fixed_annual_keur,INFLATION,10.0,0.02,1.2189944199947573,True,,,,,10.0,2.1899441999475737,0.0,0.0,0.0,0.0,0.0,12.189944199947574,2.1899441999475737,0.0,
TUHO,B.03,B.03.1,Vegetation management,12,fixed_annual_keur,INFLATION,28.0,0.02,1.2433743083946525,True,,,,,28.0,6.814480635050266,0.0,0.0,0.0,0.0,0.0,34.814480635050266,6.814480635050266,0.0,
TUHO,B.03,B.03.2,Repair roads,12,fixed_annual_keur,INFLATION,20.0,0.02,1.2433743083946525,True,,,,,20.0,4.867486167893048,0.0,0.0,0.0,0.0,0.0,24.86748616789305,4.867486167893048,0.0,
TUHO,B.03,B.03.3,Pest control,12,fixed_annual_keur,INFLATION,10.0,0.02,1.2433743083946525,True,,,,,10.0,2.433743083946524,0.0,0.0,0.0,0.0,0.0,12.433743083946524,2.433743083946524,0.0,
TUHO,B.03,B.03.4,Inspections,12,fixed_annual_keur,INFLATION,10.0,0.02,1.2433743083946525,True,,,,,10.0,2.433743083946524,0.0,0.0,0.0,0.0,0.0,12.433743083946524,2.433743083946524,0.0,
TUHO,B.03,B.03.1,Vegetation management,13,fixed_annual_keur,INFLATION,28.0,0.02,1.2682417945625455,True,,,,,28.0,7.5107702477512746,0.0,0.0,0.0,0.0,0.0,35.510770247751275,7.5107702477512746,0.0,
TUHO,B.03,B.03.2,Repair roads,13,fixed_annual_keur,INFLATION,20.0,0.02,1.2682417945625455,True,,,,,20.0,5.364835891250909,0.0,0.0,0.0,0.0,0.0,25.36483589125091,5.364835891250909,0.0,
TUHO,B.03,B.03.3,Pest control,13,fixed_annual_keur,INFLATION,10.0,0.02,1.2682417945625455,True,,,,,10.0,2.6824179456254544,0.0,0.0,0.0,0.0,0.0,12.682417945625454,2.6824179456254544,0.0,
TUHO,B.03,B.03.4,Inspections,13,fixed_annual_keur,INFLATION,10.0,0.02,1.2682417945625455,True,,,,,10.0,2.6824179456254544,0.0,0.0,0.0,0.0,0.0,12.682417945625454,2.6824179456254544,0.0,
TUHO,B.03,B.03.1,Vegetation management,14,fixed_annual_keur,INFLATION,28.0,0.02,1.2936066304537965,True,,,,,28.0,8.220985652706304,0.0,0.0,0.0,0.0,0.0,36.220985652706304,8.220985652706304,0.0,
TUHO,B.03,B.03.2,Repair roads,14,fixed_annual_keur,INFLATION,20.0,0.02,1.2936066304537965,True,,,,,20.0,5.87213260907593,0.0,0.0,0.0,0.0,0.0,25.87213260907593,5.87213260907593,0.0,
TUHO,B.03,B.03.3,Pest control,14,fixed_annual_keur,INFLATION,10.0,0.02,1.2936066304537965,True,,,,,10.0,2.936066304537965,0.0,0.0,0.0,0.0,0.0,12.936066304537965,2.936066304537965,0.0,
TUHO,B.03,B.03.4,Inspections,14,fixed_annual_keur,INFLATION,10.0,0.02,1.2936066304537965,True,,,,,10.0,2.936066304537965,0.0,0.0,0.0,0.0,0.0,12.936066304537965,2.936066304537965,0.0,
TUHO,B.03,B.03.1,Vegetation management,15,fixed_annual_keur,INFLATION,28.0,0.02,1.3194787630628724,True,,,,,28.0,8.945405365760429,0.0,0.0,0.0,0.0,0.0,36.94540536576043,8.945405365760429,0.0,
TUHO,B.03,B.03.2,Repair roads,15,fixed_annual_keur,INFLATION,20.0,0.02,1.3194787630628724,True,,,,,20.0,6.389575261257448,0.0,0.0,0.0,0.0,0.0,26.38957526125745,6.389575261257448,0.0,
TUHO,B.03,B.03.3,Pest control,15,fixed_annual_keur,INFLATION,10.0,0.02,1.3194787630628724,True,,,,,10.0,3.194787630628724,0.0,0.0,0.0,0.0,0.0,13.194787630628724,3.194787630628724,0.0,
TUHO,B.03,B.03.4,Inspections,15,fixed_annual_keur,INFLATION,10.0,0.02,1.3194787630628724,True,,,,,10.0,3.194787630628724,0.0,0.0,0.0,0.0,0.0,13.194787630628724,3.194787630628724,0.0,
TUHO,B.03,B.03.1,Vegetation management,16,fixed_annual_keur,INFLATION,28.0,0.02,1.3458683383241299,True,,,,,28.0,9.684313473075633,0.0,0.0,0.0,0.0,0.0,37.68431347307563,9.684313473075633,0.0,
TUHO,B.03,B.03.2,Repair roads,16,fixed_annual_keur,INFLATION,20.0,0.02,1.3458683383241299,True,,,,,20.0,6.917366766482598,0.0,0.0,0.0,0.0,0.0,26.917366766482598,6.917366766482598,0.0,
TUHO,B.03,B.03.3,Pest control,16,fixed_annual_keur,INFLATION,10.0,0.02,1.3458683383241299,True,,,,,10.0,3.458683383241299,0.0,0.0,0.0,0.0,0.0,13.458683383241299,3.458683383241299,0.0,
TUHO,B.03,B.03.4,Inspections,16,fixed_annual_keur,INFLATION,10.0,0.02,1.3458683383241299,True,,,,,10.0,3.458683383241299,0.0,0.0,0.0,0.0,0.0,13.458683383241299,3.458683383241299,0.0,
TUHO,B.03,B.03.1,Vegetation management,17,fixed_annual_keur,INFLATION,28.0,0.02,1.3727857050906125,True,,,,,28.0,10.437999742537151,0.0,0.0,0.0,0.0,0.0,38.43799974253715,10.437999742537151,0.0,
TUHO,B.03,B.03.2,Repair roads,17,fixed_annual_keur,INFLATION,20.0,0.02,1.3727857050906125,True,,,,,20.0,7.455714101812248,0.0,0.0,0.0,0.0,0.0,27.455714101812248,7.455714101812248,0.0,
TUHO,B.03,B.03.3,Pest control,17,fixed_annual_keur,INFLATION,10.0,0.02,1.3727857050906125,True,,,,,10.0,3.727857050906124,0.0,0.0,0.0,0.0,0.0,13.727857050906124,3.727857050906124,0.0,
TUHO,B.03,B.03.4,Inspections,17,fixed_annual_keur,INFLATION,10.0,0.02,1.3727857050906125,True,,,,,10.0,3.727857050906124,0.0,0.0,0.0,0.0,0.0,13.727857050906124,3.727857050906124,0.0,
TUHO,B.03,B.03.1,Vegetation management,18,fixed_annual_keur,INFLATION,28.0,0.02,1.4002414191924248,True,,,,,28.0,11.206759737387898,0.0,0.0,0.0,0.0,0.0,39.2067597373879,11.206759737387898,0.0,
TUHO,B.03,B.03.2,Repair roads,18,fixed_annual_keur,INFLATION,20.0,0.02,1.4002414191924248,True,,,,,20.0,8.004828383848498,0.0,0.0,0.0,0.0,0.0,28.004828383848498,8.004828383848498,0.0,
TUHO,B.03,B.03.3,Pest control,18,fixed_annual_keur,INFLATION,10.0,0.02,1.4002414191924248,True,,,,,10.0,4.002414191924249,0.0,0.0,0.0,0.0,0.0,14.002414191924249,4.002414191924249,0.0,
TUHO,B.03,B.03.4,Inspections,18,fixed_annual_keur,INFLATION,10.0,0.02,1.4002414191924248,True,,,,,10.0,4.002414191924249,0.0,0.0,0.0,0.0,0.0,14.002414191924249,4.002414191924249,0.0,
TUHO,B.03,B.03.1,Vegetation management,19,fixed_annual_keur,INFLATION,28.0,0.02,1.4282462475762734,True,,,,,28.0,11.990894932135653,0.0,0.0,0.0,0.0,0.0,39.99089493213565,11.990894932135653,0.0,
TUHO,B.03,B.03.2,Repair roads,19,fixed_annual_keur,INFLATION,20.0,0.02,1.4282462475762734,True,,,,,20.0,8.56492495152547,0.0,0.0,0.0,0.0,0.0,28.56492495152547,8.56492495152547,0.0,
TUHO,B.03,B.03.3,Pest control,19,fixed_annual_keur,INFLATION,10.0,0.02,1.4282462475762734,True,,,,,10.0,4.282462475762735,0.0,0.0,0.0,0.0,0.0,14.282462475762735,4.282462475762735,0.0,
TUHO,B.03,B.03.4,Inspections,19,fixed_annual_keur,INFLATION,10.0,0.02,1.4282462475762734,True,,,,,10.0,4.282462475762735,0.0,0.0,0.0,0.0,0.0,14.282462475762735,4.282462475762735,0.0,
TUHO,B.03,B.03.1,Vegetation management,20,fixed_annual_keur,INFLATION,28.0,0.02,1.4568111725277988,True,,,,,28.0,12.790712830778368,0.0,0.0,0.0,0.0,0.0,40.79071283077837,12.790712830778368,0.0,
TUHO,B.03,B.03.2,Repair roads,20,fixed_annual_keur,INFLATION,20.0,0.02,1.4568111725277988,True,,,,,20.0,9.136223450555974,0.0,0.0,0.0,0.0,0.0,29.136223450555974,9.136223450555974,0.0,
TUHO,B.03,B.03.3,Pest control,20,fixed_annual_keur,INFLATION,10.0,0.02,1.4568111725277988,True,,,,,10.0,4.568111725277987,0.0,0.0,0.0,0.0,0.0,14.568111725277987,4.568111725277987,0.0,
TUHO,B.03,B.03.4,Inspections,20,fixed_annual_keur,INFLATION,10.0,0.02,1.4568111725277988,True,,,,,10.0,4.568111725277987,0.0,0.0,0.0,0.0,0.0,14.568111725277987,4.568111725277987,0.0,
TUHO,B.03,B.03.1,Vegetation management,21,fixed_annual_keur,INFLATION,28.0,0.02,1.485947395978355,True,,,,,28.0,13.606527087393935,0.0,0.0,0.0,0.0,0.0,41.606527087393935,13.606527087393935,0.0,
TUHO,B.03,B.03.2,Repair roads,21,fixed_annual_keur,INFLATION,20.0,0.02,1.485947395978355,True,,,,,20.0,9.7189479195671,0.0,0.0,0.0,0.0,0.0,29.7189479195671,9.7189479195671,0.0,
TUHO,B.03,B.03.3,Pest control,21,fixed_annual_keur,INFLATION,10.0,0.02,1.485947395978355,True,,,,,10.0,4.85947395978355,0.0,0.0,0.0,0.0,0.0,14.85947395978355,4.85947395978355,0.0,
TUHO,B.03,B.03.4,Inspections,21,fixed_annual_keur,INFLATION,10.0,0.02,1.485947395978355,True,,,,,10.0,4.85947395978355,0.0,0.0,0.0,0.0,0.0,14.85947395978355,4.85947395978355,0.0,
TUHO,B.03,B.03.1,Vegetation management,22,fixed_annual_keur,INFLATION,28.0,0.02,1.5156663438979219,True,,,,,28.0,14.438657629141815,0.0,0.0,0.0,0.0,0.0,42.438657629141815,14.438657629141815,0.0,
TUHO,B.03,B.03.2,Repair roads,22,fixed_annual_keur,INFLATION,20.0,0.02,1.5156663438979219,True,,,,,20.0,10.313326877958438,0.0,0.0,0.0,0.0,0.0,30.31332687795844,10.313326877958438,0.0,
TUHO,B.03,B.03.3,Pest control,22,fixed_annual_keur,INFLATION,10.0,0.02,1.5156663438979219,True,,,,,10.0,5.156663438979219,0.0,0.0,0.0,0.0,0.0,15.15666343897922,5.156663438979219,0.0,
TUHO,B.03,B.03.4,Inspections,22,fixed_annual_keur,INFLATION,10.0,0.02,1.5156663438979219,True,,,,,10.0,5.156663438979219,0.0,0.0,0.0,0.0,0.0,15.15666343897922,5.156663438979219,0.0,
TUHO,B.03,B.03.1,Vegetation management,23,fixed_annual_keur,INFLATION,28.0,0.02,1.5459796707758804,True,,,,,28.0,15.287430781724652,0.0,0.0,0.0,0.0,0.0,43.28743078172465,15.287430781724652,0.0,
TUHO,B.03,B.03.2,Repair roads,23,fixed_annual_keur,INFLATION,20.0,0.02,1.5459796707758804,True,,,,,20.0,10.919593415517607,0.0,0.0,0.0,0.0,0.0,30.919593415517607,10.919593415517607,0.0,
TUHO,B.03,B.03.3,Pest control,23,fixed_annual_keur,INFLATION,10.0,0.02,1.5459796707758804,True,,,,,10.0,5.459796707758803,0.0,0.0,0.0,0.0,0.0,15.459796707758803,5.459796707758803,0.0,
TUHO,B.03,B.03.4,Inspections,23,fixed_annual_keur,INFLATION,10.0,0.02,1.5459796707758804,True,,,,,10.0,5.459796707758803,0.0,0.0,0.0,0.0,0.0,15.459796707758803,5.459796707758803,0.0,
TUHO,B.03,B.03.1,Vegetation management,24,fixed_annual_keur,INFLATION,28.0,0.02,1.5768992641913981,True,,,,,28.0,16.153179397359146,0.0,0.0,0.0,0.0,0.0,44.153179397359146,16.153179397359146,0.0,
TUHO,B.03,B.03.2,Repair roads,24,fixed_annual_keur,INFLATION,20.0,0.02,1.5768992641913981,True,,,,,20.0,11.537985283827965,0.0,0.0,0.0,0.0,0.0,31.537985283827965,11.537985283827965,0.0,
TUHO,B.03,B.03.3,Pest control,24,fixed_annual_keur,INFLATION,10.0,0.02,1.5768992641913981,True,,,,,10.0,5.768992641913982,0.0,0.0,0.0,0.0,0.0,15.768992641913982,5.768992641913982,0.0,
TUHO,B.03,B.03.4,Inspections,24,fixed_annual_keur,INFLATION,10.0,0.02,1.5768992641913981,True,,,,,10.0,5.768992641913982,0.0,0.0,0.0,0.0,0.0,15.768992641913982,5.768992641913982,0.0,
TUHO,B.03,B.03.1,Vegetation management,25,fixed_annual_keur,INFLATION,28.0,0.02,1.6084372494752261,True,,,,,28.0,17.03624298530633,0.0,0.0,0.0,0.0,0.0,45.03624298530633,17.03624298530633,0.0,
TUHO,B.03,B.03.2,Repair roads,25,fixed_annual_keur,INFLATION,20.0,0.02,1.6084372494752261,True,,,,,20.0,12.168744989504525,0.0,0.0,0.0,0.0,0.0,32.168744989504525,12.168744989504525,0.0,
TUHO,B.03,B.03.3,Pest control,25,fixed_annual_keur,INFLATION,10.0,0.02,1.6084372494752261,True,,,,,10.0,6.084372494752262,0.0,0.0,0.0,0.0,0.0,16.084372494752262,6.084372494752262,0.0,
TUHO,B.03,B.03.4,Inspections,25,fixed_annual_keur,INFLATION,10.0,0.02,1.6084372494752261,True,,,,,10.0,6.084372494752262,0.0,0.0,0.0,0.0,0.0,16.084372494752262,6.084372494752262,0.0,
TUHO,B.03,B.03.1,Vegetation management,26,fixed_annual_keur,INFLATION,28.0,0.02,1.6406059944647307,True,,,,,28.0,17.93696784501246,0.0,0.0,0.0,0.0,0.0,45.93696784501246,17.93696784501246,0.0,
TUHO,B.03,B.03.2,Repair roads,26,fixed_annual_keur,INFLATION,20.0,0.02,1.6406059944647307,True,,,,,20.0,12.812119889294614,0.0,0.0,0.0,0.0,0.0,32.812119889294614,12.812119889294614,0.0,
TUHO,B.03,B.03.3,Pest control,26,fixed_annual_keur,INFLATION,10.0,0.02,1.6406059944647307,True,,,,,10.0,6.406059944647307,0.0,0.0,0.0,0.0,0.0,16.406059944647307,6.406059944647307,0.0,
TUHO,B.03,B.03.4,Inspections,26,fixed_annual_keur,INFLATION,10.0,0.02,1.6406059944647307,True,,,,,10.0,6.406059944647307,0.0,0.0,0.0,0.0,0.0,16.406059944647307,6.406059944647307,0.0,
TUHO,B.03,B.03.1,Vegetation management,27,fixed_annual_keur,INFLATION,28.0,0.02,1.6734181143540252,True,,,,,28.0,18.855707201912708,0.0,0.0,0.0,0.0,0.0,46.85570720191271,18.855707201912708,0.0,
TUHO,B.03,B.03.2,Repair roads,27,fixed_annual_keur,INFLATION,20.0,0.02,1.6734181143540252,True,,,,,20.0,13.468362287080502,0.0,0.0,0.0,0.0,0.0,33.4683622870805,13.468362287080502,0.0,
TUHO,B.03,B.03.3,Pest control,27,fixed_annual_keur,INFLATION,10.0,0.02,1.6734181143540252,True,,,,,10.0,6.734181143540251,0.0,0.0,0.0,0.0,0.0,16.73418114354025,6.734181143540251,0.0,
TUHO,B.03,B.03.4,Inspections,27,fixed_annual_keur,INFLATION,10.0,0.02,1.6734181143540252,True,,,,,10.0,6.734181143540251,0.0,0.0,0.0,0.0,0.0,16.73418114354025,6.734181143540251,0.0,
TUHO,B.03,B.03.1,Vegetation management,28,fixed_annual_keur,INFLATION,28.0,0.02,1.7068864766411058,True,,,,,28.0,19.792821345950962,0.0,0.0,0.0,0.0,0.0,47.79282134595096,19.792821345950962,0.0,
TUHO,B.03,B.03.2,Repair roads,28,fixed_annual_keur,INFLATION,20.0,0.02,1.7068864766411058,True,,,,,20.0,14.137729532822114,0.0,0.0,0.0,0.0,0.0,34.137729532822114,14.137729532822114,0.0,
TUHO,B.03,B.03.3,Pest control,28,fixed_annual_keur,INFLATION,10.0,0.02,1.7068864766411058,True,,,,,10.0,7.068864766411057,0.0,0.0,0.0,0.0,0.0,17.068864766411057,7.068864766411057,0.0,
TUHO,B.03,B.03.4,Inspections,28,fixed_annual_keur,INFLATION,10.0,0.02,1.7068864766411058,True,,,,,10.0,7.068864766411057,0.0,0.0,0.0,0.0,0.0,17.068864766411057,7.068864766411057,0.0,
TUHO,B.03,B.03.1,Vegetation management,29,fixed_annual_keur,INFLATION,28.0,0.02,1.741024206173928,True,,,,,28.0,20.748677772869982,0.0,0.0,0.0,0.0,0.0,48.74867777286998,20.748677772869982,0.0,
TUHO,B.03,B.03.2,Repair roads,29,fixed_annual_keur,INFLATION,20.0,0.02,1.741024206173928,True,,,,,20.0,14.820484123478565,0.0,0.0,0.0,0.0,0.0,34.820484123478565,14.820484123478565,0.0,
TUHO,B.03,B.03.3,Pest control,29,fixed_annual_keur,INFLATION,10.0,0.02,1.741024206173928,True,,,,,10.0,7.410242061739282,0.0,0.0,0.0,0.0,0.0,17.410242061739282,7.410242061739282,0.0,
TUHO,B.03,B.03.4,Inspections,29,fixed_annual_keur,INFLATION,10.0,0.02,1.741024206173928,True,,,,,10.0,7.410242061739282,0.0,0.0,0.0,0.0,0.0,17.410242061739282,7.410242061739282,0.0,
TUHO,B.03,B.03.1,Vegetation management,30,fixed_annual_keur,INFLATION,28.0,0.02,1.7758446902974065,True,,,,,28.0,21.723651328327385,0.0,0.0,0.0,0.0,0.0,49.723651328327385,21.723651328327385,0.0,
TUHO,B.03,B.03.2,Repair roads,30,fixed_annual_keur,INFLATION,20.0,0.02,1.7758446902974065,True,,,,,20.0,15.51689380594813,0.0,0.0,0.0,0.0,0.0,35.51689380594813,15.51689380594813,0.0,
TUHO,B.03,B.03.3,Pest control,30,fixed_annual_keur,INFLATION,10.0,0.02,1.7758446902974065,True,,,,,10.0,7.758446902974065,0.0,0.0,0.0,0.0,0.0,17.758446902974065,7.758446902974065,0.0,
TUHO,B.03,B.03.4,Inspections,30,fixed_annual_keur,INFLATION,10.0,0.02,1.7758446902974065,True,,,,,10.0,7.758446902974065,0.0,0.0,0.0,0.0,0.0,17.758446902974065,7.758446902974065,0.0,
TUHO,B.04,B.04.1,Clean panel/blades,1,fixed_annual_keur,INFLATION,3.0,0.02,1.0,True,,,,,3.0,0.0,0.0,0.0,0.0,0.0,0.0,3.0,0.0,0.0,
TUHO,B.04,B.04.2,Subscription to water supply,1,fixed_annual_keur,INFLATION,1.0,0.02,1.0,True,,,,,1.0,0.0,0.0,0.0,0.0,0.0,0.0,1.0,0.0,0.0,
TUHO,B.04,B.04.3,Others,1,fixed_annual_keur,INFLATION,1.0,0.02,1.0,True,,,,,1.0,0.0,0.0,0.0,0.0,0.0,0.0,1.0,0.0,0.0,
TUHO,B.04,B.04.1,Clean panel/blades,2,fixed_annual_keur,INFLATION,3.0,0.02,1.02,True,,,,,3.0,0.06000000000000005,0.0,0.0,0.0,0.0,0.0,3.06,0.06000000000000005,0.0,
TUHO,B.04,B.04.2,Subscription to water supply,2,fixed_annual_keur,INFLATION,1.0,0.02,1.02,True,,,,,1.0,0.020000000000000018,0.0,0.0,0.0,0.0,0.0,1.02,0.020000000000000018,0.0,
TUHO,B.04,B.04.3,Others,2,fixed_annual_keur,INFLATION,1.0,0.02,1.02,True,,,,,1.0,0.020000000000000018,0.0,0.0,0.0,0.0,0.0,1.02,0.020000000000000018,0.0,
TUHO,B.04,B.04.1,Clean panel/blades,3,fixed_annual_keur,INFLATION,3.0,0.02,1.0404,True,,,,,3.0,0.12119999999999997,0.0,0.0,0.0,0.0,0.0,3.1212,0.12119999999999997,0.0,
TUHO,B.04,B.04.2,Subscription to water supply,3,fixed_annual_keur,INFLATION,1.0,0.02,1.0404,True,,,,,1.0,0.04039999999999999,0.0,0.0,0.0,0.0,0.0,1.0404,0.04039999999999999,0.0,
TUHO,B.04,B.04.3,Others,3,fixed_annual_keur,INFLATION,1.0,0.02,1.0404,True,,,,,1.0,0.04039999999999999,0.0,0.0,0.0,0.0,0.0,1.0404,0.04039999999999999,0.0,
TUHO,B.04,B.04.1,Clean panel/blades,4,fixed_annual_keur,INFLATION,3.0,0.02,1.0612080000000002,True,,,,,3.0,0.18362400000000045,0.0,0.0,0.0,0.0,0.0,3.1836240000000005,0.18362400000000045,0.0,
TUHO,B.04,B.04.2,Subscription to water supply,4,fixed_annual_keur,INFLATION,1.0,0.02,1.0612080000000002,True,,,,,1.0,0.06120800000000015,0.0,0.0,0.0,0.0,0.0,1.0612080000000002,0.06120800000000015,0.0,
TUHO,B.04,B.04.3,Others,4,fixed_annual_keur,INFLATION,1.0,0.02,1.0612080000000002,True,,,,,1.0,0.06120800000000015,0.0,0.0,0.0,0.0,0.0,1.0612080000000002,0.06120800000000015,0.0,
TUHO,B.04,B.04.1,Clean panel/blades,5,fixed_annual_keur,INFLATION,3.0,0.02,1.08243216,True,,,,,3.0,0.24729648000000015,0.0,0.0,0.0,0.0,0.0,3.24729648,0.24729648000000015,0.0,
TUHO,B.04,B.04.2,Subscription to water supply,5,fixed_annual_keur,INFLATION,1.0,0.02,1.08243216,True,,,,,1.0,0.08243215999999998,0.0,0.0,0.0,0.0,0.0,1.08243216,0.08243215999999998,0.0,
TUHO,B.04,B.04.3,Others,5,fixed_annual_keur,INFLATION,1.0,0.02,1.08243216,True,,,,,1.0,0.08243215999999998,0.0,0.0,0.0,0.0,0.0,1.08243216,0.08243215999999998,0.0,
TUHO,B.04,B.04.1,Clean panel/blades,6,fixed_annual_keur,INFLATION,3.0,0.02,1.1040808032,True,,,,,3.0,0.31224240960000005,0.0,0.0,0.0,0.0,0.0,3.3122424096,0.31224240960000005,0.0,
TUHO,B.04,B.04.2,Subscription to water supply,6,fixed_annual_keur,INFLATION,1.0,0.02,1.1040808032,True,,,,,1.0,0.10408080320000002,0.0,0.0,0.0,0.0,0.0,1.1040808032,0.10408080320000002,0.0,
TUHO,B.04,B.04.3,Others,6,fixed_annual_keur,INFLATION,1.0,0.02,1.1040808032,True,,,,,1.0,0.10408080320000002,0.0,0.0,0.0,0.0,0.0,1.1040808032,0.10408080320000002,0.0,
TUHO,B.04,B.04.1,Clean panel/blades,7,fixed_annual_keur,INFLATION,3.0,0.02,1.126162419264,True,,,,,3.0,0.378487257792,0.0,0.0,0.0,0.0,0.0,3.378487257792,0.378487257792,0.0,
TUHO,B.04,B.04.2,Subscription to water supply,7,fixed_annual_keur,INFLATION,1.0,0.02,1.126162419264,True,,,,,1.0,0.12616241926400007,0.0,0.0,0.0,0.0,0.0,1.126162419264,0.12616241926400007,0.0,
TUHO,B.04,B.04.3,Others,7,fixed_annual_keur,INFLATION,1.0,0.02,1.126162419264,True,,,,,1.0,0.12616241926400007,0.0,0.0,0.0,0.0,0.0,1.126162419264,0.12616241926400007,0.0,
TUHO,B.04,B.04.1,Clean panel/blades,8,fixed_annual_keur,INFLATION,3.0,0.02,1.14868566764928,True,,,,,3.0,0.4460570029478399,0.0,0.0,0.0,0.0,0.0,3.44605700294784,0.4460570029478399,0.0,
TUHO,B.04,B.04.2,Subscription to water supply,8,fixed_annual_keur,INFLATION,1.0,0.02,1.14868566764928,True,,,,,1.0,0.14868566764928004,0.0,0.0,0.0,0.0,0.0,1.14868566764928,0.14868566764928004,0.0,
TUHO,B.04,B.04.3,Others,8,fixed_annual_keur,INFLATION,1.0,0.02,1.14868566764928,True,,,,,1.0,0.14868566764928004,0.0,0.0,0.0,0.0,0.0,1.14868566764928,0.14868566764928004,0.0,
TUHO,B.04,B.04.1,Clean panel/blades,9,fixed_annual_keur,INFLATION,3.0,0.02,1.1716593810022657,True,,,,,3.0,0.5149781430067972,0.0,0.0,0.0,0.0,0.0,3.5149781430067972,0.5149781430067972,0.0,
TUHO,B.04,B.04.2,Subscription to water supply,9,fixed_annual_keur,INFLATION,1.0,0.02,1.1716593810022657,True,,,,,1.0,0.17165938100226574,0.0,0.0,0.0,0.0,0.0,1.1716593810022657,0.17165938100226574,0.0,
TUHO,B.04,B.04.3,Others,9,fixed_annual_keur,INFLATION,1.0,0.02,1.1716593810022657,True,,,,,1.0,0.17165938100226574,0.0,0.0,0.0,0.0,0.0,1.1716593810022657,0.17165938100226574,0.0,
TUHO,B.04,B.04.1,Clean panel/blades,10,fixed_annual_keur,INFLATION,3.0,0.02,1.195092568622311,True,,,,,3.0,0.5852777058669334,0.0,0.0,0.0,0.0,0.0,3.5852777058669334,0.5852777058669334,0.0,
TUHO,B.04,B.04.2,Subscription to water supply,10,fixed_annual_keur,INFLATION,1.0,0.02,1.195092568622311,True,,,,,1.0,0.19509256862231106,0.0,0.0,0.0,0.0,0.0,1.195092568622311,0.19509256862231106,0.0,
TUHO,B.04,B.04.3,Others,10,fixed_annual_keur,INFLATION,1.0,0.02,1.195092568622311,True,,,,,1.0,0.19509256862231106,0.0,0.0,0.0,0.0,0.0,1.195092568622311,0.19509256862231106,0.0,
TUHO,B.04,B.04.1,Clean panel/blades,11,fixed_annual_keur,INFLATION,3.0,0.02,1.2189944199947573,True,,,,,3.0,0.6569832599842718,0.0,0.0,0.0,0.0,0.0,3.6569832599842718,0.6569832599842718,0.0,
TUHO,B.04,B.04.2,Subscription to water supply,11,fixed_annual_keur,INFLATION,1.0,0.02,1.2189944199947573,True,,,,,1.0,0.21899441999475733,0.0,0.0,0.0,0.0,0.0,1.2189944199947573,0.21899441999475733,0.0,
TUHO,B.04,B.04.3,Others,11,fixed_annual_keur,INFLATION,1.0,0.02,1.2189944199947573,True,,,,,1.0,0.21899441999475733,0.0,0.0,0.0,0.0,0.0,1.2189944199947573,0.21899441999475733,0.0,
TUHO,B.04,B.04.1,Clean panel/blades,12,fixed_annual_keur,INFLATION,3.0,0.02,1.2433743083946525,True,,,,,3.0,0.7301229251839576,0.0,0.0,0.0,0.0,0.0,3.7301229251839576,0.7301229251839576,0.0,
TUHO,B.04,B.04.2,Subscription to water supply,12,fixed_annual_keur,INFLATION,1.0,0.02,1.2433743083946525,True,,,,,1.0,0.24337430839465246,0.0,0.0,0.0,0.0,0.0,1.2433743083946525,0.24337430839465246,0.0,
TUHO,B.04,B.04.3,Others,12,fixed_annual_keur,INFLATION,1.0,0.02,1.2433743083946525,True,,,,,1.0,0.24337430839465246,0.0,0.0,0.0,0.0,0.0,1.2433743083946525,0.24337430839465246,0.0,
TUHO,B.04,B.04.1,Clean panel/blades,13,fixed_annual_keur,INFLATION,3.0,0.02,1.2682417945625455,True,,,,,3.0,0.8047253836876367,0.0,0.0,0.0,0.0,0.0,3.8047253836876367,0.8047253836876367,0.0,
TUHO,B.04,B.04.2,Subscription to water supply,13,fixed_annual_keur,INFLATION,1.0,0.02,1.2682417945625455,True,,,,,1.0,0.2682417945625455,0.0,0.0,0.0,0.0,0.0,1.2682417945625455,0.2682417945625455,0.0,
TUHO,B.04,B.04.3,Others,13,fixed_annual_keur,INFLATION,1.0,0.02,1.2682417945625455,True,,,,,1.0,0.2682417945625455,0.0,0.0,0.0,0.0,0.0,1.2682417945625455,0.2682417945625455,0.0,
TUHO,B.04,B.04.1,Clean panel/blades,14,fixed_annual_keur,INFLATION,3.0,0.02,1.2936066304537965,True,,,,,3.0,0.8808198913613898,0.0,0.0,0.0,0.0,0.0,3.88081989136139,0.8808198913613898,0.0,
TUHO,B.04,B.04.2,Subscription to water supply,14,fixed_annual_keur,INFLATION,1.0,0.02,1.2936066304537965,True,,,,,1.0,0.29360663045379654,0.0,0.0,0.0,0.0,0.0,1.2936066304537965,0.29360663045379654,0.0,
TUHO,B.04,B.04.3,Others,14,fixed_annual_keur,INFLATION,1.0,0.02,1.2936066304537965,True,,,,,1.0,0.29360663045379654,0.0,0.0,0.0,0.0,0.0,1.2936066304537965,0.29360663045379654,0.0,
TUHO,B.04,B.04.1,Clean panel/blades,15,fixed_annual_keur,INFLATION,3.0,0.02,1.3194787630628724,True,,,,,3.0,0.9584362891886169,0.0,0.0,0.0,0.0,0.0,3.958436289188617,0.9584362891886169,0.0,
TUHO,B.04,B.04.2,Subscription to water supply,15,fixed_annual_keur,INFLATION,1.0,0.02,1.3194787630628724,True,,,,,1.0,0.3194787630628724,0.0,0.0,0.0,0.0,0.0,1.3194787630628724,0.3194787630628724,0.0,
TUHO,B.04,B.04.3,Others,15,fixed_annual_keur,INFLATION,1.0,0.02,1.3194787630628724,True,,,,,1.0,0.3194787630628724,0.0,0.0,0.0,0.0,0.0,1.3194787630628724,0.3194787630628724,0.0,
TUHO,B.04,B.04.1,Clean panel/blades,16,fixed_annual_keur,INFLATION,3.0,0.02,1.3458683383241299,True,,,,,3.0,1.0376050149723897,0.0,0.0,0.0,0.0,0.0,4.03760501497239,1.0376050149723897,0.0,
TUHO,B.04,B.04.2,Subscription to water supply,16,fixed_annual_keur,INFLATION,1.0,0.02,1.3458683383241299,True,,,,,1.0,0.3458683383241299,0.0,0.0,0.0,0.0,0.0,1.3458683383241299,0.3458683383241299,0.0,
TUHO,B.04,B.04.3,Others,16,fixed_annual_keur,INFLATION,1.0,0.02,1.3458683383241299,True,,,,,1.0,0.3458683383241299,0.0,0.0,0.0,0.0,0.0,1.3458683383241299,0.3458683383241299,0.0,
TUHO,B.04,B.04.1,Clean panel/blades,17,fixed_annual_keur,INFLATION,3.0,0.02,1.3727857050906125,True,,,,,3.0,1.118357115271838,0.0,0.0,0.0,0.0,0.0,4.118357115271838,1.118357115271838,0.0,
TUHO,B.04,B.04.2,Subscription to water supply,17,fixed_annual_keur,INFLATION,1.0,0.02,1.3727857050906125,True,,,,,1.0,0.3727857050906125,0.0,0.0,0.0,0.0,0.0,1.3727857050906125,0.3727857050906125,0.0,
TUHO,B.04,B.04.3,Others,17,fixed_annual_keur,INFLATION,1.0,0.02,1.3727857050906125,True,,,,,1.0,0.3727857050906125,0.0,0.0,0.0,0.0,0.0,1.3727857050906125,0.3727857050906125,0.0,
TUHO,B.04,B.04.1,Clean panel/blades,18,fixed_annual_keur,INFLATION,3.0,0.02,1.4002414191924248,True,,,,,3.0,1.2007242575772743,0.0,0.0,0.0,0.0,0.0,4.200724257577274,1.2007242575772743,0.0,
TUHO,B.04,B.04.2,Subscription to water supply,18,fixed_annual_keur,INFLATION,1.0,0.02,1.4002414191924248,True,,,,,1.0,0.40024141919242484,0.0,0.0,0.0,0.0,0.0,1.4002414191924248,0.40024141919242484,0.0,
TUHO,B.04,B.04.3,Others,18,fixed_annual_keur,INFLATION,1.0,0.02,1.4002414191924248,True,,,,,1.0,0.40024141919242484,0.0,0.0,0.0,0.0,0.0,1.4002414191924248,0.40024141919242484,0.0,
TUHO,B.04,B.04.1,Clean panel/blades,19,fixed_annual_keur,INFLATION,3.0,0.02,1.4282462475762734,True,,,,,3.0,1.2847387427288197,0.0,0.0,0.0,0.0,0.0,4.28473874272882,1.2847387427288197,0.0,
TUHO,B.04,B.04.2,Subscription to water supply,19,fixed_annual_keur,INFLATION,1.0,0.02,1.4282462475762734,True,,,,,1.0,0.4282462475762734,0.0,0.0,0.0,0.0,0.0,1.4282462475762734,0.4282462475762734,0.0,
TUHO,B.04,B.04.3,Others,19,fixed_annual_keur,INFLATION,1.0,0.02,1.4282462475762734,True,,,,,1.0,0.4282462475762734,0.0,0.0,0.0,0.0,0.0,1.4282462475762734,0.4282462475762734,0.0,
TUHO,B.04,B.04.1,Clean panel/blades,20,fixed_annual_keur,INFLATION,3.0,0.02,1.4568111725277988,True,,,,,3.0,1.3704335175833968,0.0,0.0,0.0,0.0,0.0,4.370433517583397,1.3704335175833968,0.0,
TUHO,B.04,B.04.2,Subscription to water supply,20,fixed_annual_keur,INFLATION,1.0,0.02,1.4568111725277988,True,,,,,1.0,0.4568111725277988,0.0,0.0,0.0,0.0,0.0,1.4568111725277988,0.4568111725277988,0.0,
TUHO,B.04,B.04.3,Others,20,fixed_annual_keur,INFLATION,1.0,0.02,1.4568111725277988,True,,,,,1.0,0.4568111725277988,0.0,0.0,0.0,0.0,0.0,1.4568111725277988,0.4568111725277988,0.0,
TUHO,B.04,B.04.1,Clean panel/blades,21,fixed_annual_keur,INFLATION,3.0,0.02,1.485947395978355,True,,,,,3.0,1.4578421879350643,0.0,0.0,0.0,0.0,0.0,4.457842187935064,1.4578421879350643,0.0,
TUHO,B.04,B.04.2,Subscription to water supply,21,fixed_annual_keur,INFLATION,1.0,0.02,1.485947395978355,True,,,,,1.0,0.4859473959783549,0.0,0.0,0.0,0.0,0.0,1.485947395978355,0.4859473959783549,0.0,
TUHO,B.04,B.04.3,Others,21,fixed_annual_keur,INFLATION,1.0,0.02,1.485947395978355,True,,,,,1.0,0.4859473959783549,0.0,0.0,0.0,0.0,0.0,1.485947395978355,0.4859473959783549,0.0,
TUHO,B.04,B.04.1,Clean panel/blades,22,fixed_annual_keur,INFLATION,3.0,0.02,1.5156663438979219,True,,,,,3.0,1.5469990316937654,0.0,0.0,0.0,0.0,0.0,4.546999031693765,1.5469990316937654,0.0,
TUHO,B.04,B.04.2,Subscription to water supply,22,fixed_annual_keur,INFLATION,1.0,0.02,1.5156663438979219,True,,,,,1.0,0.5156663438979219,0.0,0.0,0.0,0.0,0.0,1.5156663438979219,0.5156663438979219,0.0,
TUHO,B.04,B.04.3,Others,22,fixed_annual_keur,INFLATION,1.0,0.02,1.5156663438979219,True,,,,,1.0,0.5156663438979219,0.0,0.0,0.0,0.0,0.0,1.5156663438979219,0.5156663438979219,0.0,
TUHO,B.04,B.04.1,Clean panel/blades,23,fixed_annual_keur,INFLATION,3.0,0.02,1.5459796707758804,True,,,,,3.0,1.6379390123276414,0.0,0.0,0.0,0.0,0.0,4.637939012327641,1.6379390123276414,0.0,
TUHO,B.04,B.04.2,Subscription to water supply,23,fixed_annual_keur,INFLATION,1.0,0.02,1.5459796707758804,True,,,,,1.0,0.5459796707758804,0.0,0.0,0.0,0.0,0.0,1.5459796707758804,0.5459796707758804,0.0,
TUHO,B.04,B.04.3,Others,23,fixed_annual_keur,INFLATION,1.0,0.02,1.5459796707758804,True,,,,,1.0,0.5459796707758804,0.0,0.0,0.0,0.0,0.0,1.5459796707758804,0.5459796707758804,0.0,
TUHO,B.04,B.04.1,Clean panel/blades,24,fixed_annual_keur,INFLATION,3.0,0.02,1.5768992641913981,True,,,,,3.0,1.730697792574194,0.0,0.0,0.0,0.0,0.0,4.730697792574194,1.730697792574194,0.0,
TUHO,B.04,B.04.2,Subscription to water supply,24,fixed_annual_keur,INFLATION,1.0,0.02,1.5768992641913981,True,,,,,1.0,0.5768992641913981,0.0,0.0,0.0,0.0,0.0,1.5768992641913981,0.5768992641913981,0.0,
TUHO,B.04,B.04.3,Others,24,fixed_annual_keur,INFLATION,1.0,0.02,1.5768992641913981,True,,,,,1.0,0.5768992641913981,0.0,0.0,0.0,0.0,0.0,1.5768992641913981,0.5768992641913981,0.0,
TUHO,B.04,B.04.1,Clean panel/blades,25,fixed_annual_keur,INFLATION,3.0,0.02,1.6084372494752261,True,,,,,3.0,1.825311748425678,0.0,0.0,0.0,0.0,0.0,4.825311748425678,1.825311748425678,0.0,
TUHO,B.04,B.04.2,Subscription to water supply,25,fixed_annual_keur,INFLATION,1.0,0.02,1.6084372494752261,True,,,,,1.0,0.6084372494752261,0.0,0.0,0.0,0.0,0.0,1.6084372494752261,0.6084372494752261,0.0,
TUHO,B.04,B.04.3,Others,25,fixed_annual_keur,INFLATION,1.0,0.02,1.6084372494752261,True,,,,,1.0,0.6084372494752261,0.0,0.0,0.0,0.0,0.0,1.6084372494752261,0.6084372494752261,0.0,
TUHO,B.04,B.04.1,Clean panel/blades,26,fixed_annual_keur,INFLATION,3.0,0.02,1.6406059944647307,True,,,,,3.0,1.9218179833941917,0.0,0.0,0.0,0.0,0.0,4.921817983394192,1.9218179833941917,0.0,
TUHO,B.04,B.04.2,Subscription to water supply,26,fixed_annual_keur,INFLATION,1.0,0.02,1.6406059944647307,True,,,,,1.0,0.6406059944647307,0.0,0.0,0.0,0.0,0.0,1.6406059944647307,0.6406059944647307,0.0,
TUHO,B.04,B.04.3,Others,26,fixed_annual_keur,INFLATION,1.0,0.02,1.6406059944647307,True,,,,,1.0,0.6406059944647307,0.0,0.0,0.0,0.0,0.0,1.6406059944647307,0.6406059944647307,0.0,
TUHO,B.04,B.04.1,Clean panel/blades,27,fixed_annual_keur,INFLATION,3.0,0.02,1.6734181143540252,True,,,,,3.0,2.020254343062076,0.0,0.0,0.0,0.0,0.0,5.020254343062076,2.020254343062076,0.0,
TUHO,B.04,B.04.2,Subscription to water supply,27,fixed_annual_keur,INFLATION,1.0,0.02,1.6734181143540252,True,,,,,1.0,0.6734181143540252,0.0,0.0,0.0,0.0,0.0,1.6734181143540252,0.6734181143540252,0.0,
TUHO,B.04,B.04.3,Others,27,fixed_annual_keur,INFLATION,1.0,0.02,1.6734181143540252,True,,,,,1.0,0.6734181143540252,0.0,0.0,0.0,0.0,0.0,1.6734181143540252,0.6734181143540252,0.0,
TUHO,B.04,B.04.1,Clean panel/blades,28,fixed_annual_keur,INFLATION,3.0,0.02,1.7068864766411058,True,,,,,3.0,2.1206594299233172,0.0,0.0,0.0,0.0,0.0,5.120659429923317,2.1206594299233172,0.0,
TUHO,B.04,B.04.2,Subscription to water supply,28,fixed_annual_keur,INFLATION,1.0,0.02,1.7068864766411058,True,,,,,1.0,0.7068864766411058,0.0,0.0,0.0,0.0,0.0,1.7068864766411058,0.7068864766411058,0.0,
TUHO,B.04,B.04.3,Others,28,fixed_annual_keur,INFLATION,1.0,0.02,1.7068864766411058,True,,,,,1.0,0.7068864766411058,0.0,0.0,0.0,0.0,0.0,1.7068864766411058,0.7068864766411058,0.0,
TUHO,B.04,B.04.1,Clean panel/blades,29,fixed_annual_keur,INFLATION,3.0,0.02,1.741024206173928,True,,,,,3.0,2.223072618521784,0.0,0.0,0.0,0.0,0.0,5.223072618521784,2.223072618521784,0.0,
TUHO,B.04,B.04.2,Subscription to water supply,29,fixed_annual_keur,INFLATION,1.0,0.02,1.741024206173928,True,,,,,1.0,0.7410242061739281,0.0,0.0,0.0,0.0,0.0,1.741024206173928,0.7410242061739281,0.0,
TUHO,B.04,B.04.3,Others,29,fixed_annual_keur,INFLATION,1.0,0.02,1.741024206173928,True,,,,,1.0,0.7410242061739281,0.0,0.0,0.0,0.0,0.0,1.741024206173928,0.7410242061739281,0.0,
TUHO,B.04,B.04.1,Clean panel/blades,30,fixed_annual_keur,INFLATION,3.0,0.02,1.7758446902974065,True,,,,,3.0,2.32753407089222,0.0,0.0,0.0,0.0,0.0,5.32753407089222,2.32753407089222,0.0,
TUHO,B.04,B.04.2,Subscription to water supply,30,fixed_annual_keur,INFLATION,1.0,0.02,1.7758446902974065,True,,,,,1.0,0.7758446902974065,0.0,0.0,0.0,0.0,0.0,1.7758446902974065,0.7758446902974065,0.0,
TUHO,B.04,B.04.3,Others,30,fixed_annual_keur,INFLATION,1.0,0.02,1.7758446902974065,True,,,,,1.0,0.7758446902974065,0.0,0.0,0.0,0.0,0.0,1.7758446902974065,0.7758446902974065,0.0,
TUHO,B.05,B.05.1,Surveillance systems,1,fixed_annual_keur,INFLATION,30.0,0.02,1.0,True,,,,,30.0,0.0,0.0,0.0,0.0,0.0,0.0,30.0,0.0,0.0,
TUHO,B.05,B.05.2,Surveillance patrols,1,fixed_annual_keur,INFLATION,15.0,0.02,1.0,True,,,,,15.0,0.0,0.0,0.0,0.0,0.0,0.0,15.0,0.0,0.0,
TUHO,B.05,B.05.3,Others,1,fixed_annual_keur,INFLATION,5.0,0.02,1.0,True,,,,,5.0,0.0,0.0,0.0,0.0,0.0,0.0,5.0,0.0,0.0,
TUHO,B.05,B.05.1,Surveillance systems,2,fixed_annual_keur,INFLATION,30.0,0.02,1.02,True,,,,,30.0,0.6000000000000014,0.0,0.0,0.0,0.0,0.0,30.6,0.6000000000000014,0.0,
TUHO,B.05,B.05.2,Surveillance patrols,2,fixed_annual_keur,INFLATION,15.0,0.02,1.02,True,,,,,15.0,0.3000000000000007,0.0,0.0,0.0,0.0,0.0,15.3,0.3000000000000007,0.0,
TUHO,B.05,B.05.3,Others,2,fixed_annual_keur,INFLATION,5.0,0.02,1.02,True,,,,,5.0,0.09999999999999964,0.0,0.0,0.0,0.0,0.0,5.1,0.09999999999999964,0.0,
TUHO,B.05,B.05.1,Surveillance systems,3,fixed_annual_keur,INFLATION,30.0,0.02,1.0404,True,,,,,30.0,1.2119999999999997,0.0,0.0,0.0,0.0,0.0,31.212,1.2119999999999997,0.0,
TUHO,B.05,B.05.2,Surveillance patrols,3,fixed_annual_keur,INFLATION,15.0,0.02,1.0404,True,,,,,15.0,0.6059999999999999,0.0,0.0,0.0,0.0,0.0,15.606,0.6059999999999999,0.0,
TUHO,B.05,B.05.3,Others,3,fixed_annual_keur,INFLATION,5.0,0.02,1.0404,True,,,,,5.0,0.20199999999999996,0.0,0.0,0.0,0.0,0.0,5.202,0.20199999999999996,0.0,
TUHO,B.05,B.05.1,Surveillance systems,4,fixed_annual_keur,INFLATION,30.0,0.02,1.0612080000000002,True,,,,,30.0,1.8362400000000036,0.0,0.0,0.0,0.0,0.0,31.836240000000004,1.8362400000000036,0.0,
TUHO,B.05,B.05.2,Surveillance patrols,4,fixed_annual_keur,INFLATION,15.0,0.02,1.0612080000000002,True,,,,,15.0,0.9181200000000018,0.0,0.0,0.0,0.0,0.0,15.918120000000002,0.9181200000000018,0.0,
TUHO,B.05,B.05.3,Others,4,fixed_annual_keur,INFLATION,5.0,0.02,1.0612080000000002,True,,,,,5.0,0.3060400000000012,0.0,0.0,0.0,0.0,0.0,5.306040000000001,0.3060400000000012,0.0,
TUHO,B.05,B.05.1,Surveillance systems,5,fixed_annual_keur,INFLATION,30.0,0.02,1.08243216,True,,,,,30.0,2.4729647999999997,0.0,0.0,0.0,0.0,0.0,32.4729648,2.4729647999999997,0.0,
TUHO,B.05,B.05.2,Surveillance patrols,5,fixed_annual_keur,INFLATION,15.0,0.02,1.08243216,True,,,,,15.0,1.2364823999999999,0.0,0.0,0.0,0.0,0.0,16.2364824,1.2364823999999999,0.0,
TUHO,B.05,B.05.3,Others,5,fixed_annual_keur,INFLATION,5.0,0.02,1.08243216,True,,,,,5.0,0.41216079999999966,0.0,0.0,0.0,0.0,0.0,5.4121608,0.41216079999999966,0.0,
TUHO,B.05,B.05.1,Surveillance systems,6,fixed_annual_keur,INFLATION,30.0,0.02,1.1040808032,True,,,,,30.0,3.122424096000003,0.0,0.0,0.0,0.0,0.0,33.122424096,3.122424096000003,0.0,
TUHO,B.05,B.05.2,Surveillance patrols,6,fixed_annual_keur,INFLATION,15.0,0.02,1.1040808032,True,,,,,15.0,1.5612120480000016,0.0,0.0,0.0,0.0,0.0,16.561212048,1.5612120480000016,0.0,
TUHO,B.05,B.05.3,Others,6,fixed_annual_keur,INFLATION,5.0,0.02,1.1040808032,True,,,,,5.0,0.5204040160000005,0.0,0.0,0.0,0.0,0.0,5.5204040160000005,0.5204040160000005,0.0,
TUHO,B.05,B.05.1,Surveillance systems,7,fixed_annual_keur,INFLATION,30.0,0.02,1.126162419264,True,,,,,30.0,3.784872577920005,0.0,0.0,0.0,0.0,0.0,33.784872577920005,3.784872577920005,0.0,
TUHO,B.05,B.05.2,Surveillance patrols,7,fixed_annual_keur,INFLATION,15.0,0.02,1.126162419264,True,,,,,15.0,1.8924362889600026,0.0,0.0,0.0,0.0,0.0,16.892436288960003,1.8924362889600026,0.0,
TUHO,B.05,B.05.3,Others,7,fixed_annual_keur,INFLATION,5.0,0.02,1.126162419264,True,,,,,5.0,0.6308120963200006,0.0,0.0,0.0,0.0,0.0,5.630812096320001,0.6308120963200006,0.0,
TUHO,B.05,B.05.1,Surveillance systems,8,fixed_annual_keur,INFLATION,30.0,0.02,1.14868566764928,True,,,,,30.0,4.460570029478404,0.0,0.0,0.0,0.0,0.0,34.460570029478404,4.460570029478404,0.0,
TUHO,B.05,B.05.2,Surveillance patrols,8,fixed_annual_keur,INFLATION,15.0,0.02,1.14868566764928,True,,,,,15.0,2.230285014739202,0.0,0.0,0.0,0.0,0.0,17.230285014739202,2.230285014739202,0.0,
TUHO,B.05,B.05.3,Others,8,fixed_annual_keur,INFLATION,5.0,0.02,1.14868566764928,True,,,,,5.0,0.7434283382464004,0.0,0.0,0.0,0.0,0.0,5.7434283382464,0.7434283382464004,0.0,
TUHO,B.05,B.05.1,Surveillance systems,9,fixed_annual_keur,INFLATION,30.0,0.02,1.1716593810022657,True,,,,,30.0,5.149781430067975,0.0,0.0,0.0,0.0,0.0,35.149781430067975,5.149781430067975,0.0,
TUHO,B.05,B.05.2,Surveillance patrols,9,fixed_annual_keur,INFLATION,15.0,0.02,1.1716593810022657,True,,,,,15.0,2.5748907150339875,0.0,0.0,0.0,0.0,0.0,17.574890715033987,2.5748907150339875,0.0,
TUHO,B.05,B.05.3,Others,9,fixed_annual_keur,INFLATION,5.0,0.02,1.1716593810022657,True,,,,,5.0,0.8582969050113292,0.0,0.0,0.0,0.0,0.0,5.858296905011329,0.8582969050113292,0.0,
TUHO,B.05,B.05.1,Surveillance systems,10,fixed_annual_keur,INFLATION,30.0,0.02,1.195092568622311,True,,,,,30.0,5.852777058669332,0.0,0.0,0.0,0.0,0.0,35.85277705866933,5.852777058669332,0.0,
TUHO,B.05,B.05.2,Surveillance patrols,10,fixed_annual_keur,INFLATION,15.0,0.02,1.195092568622311,True,,,,,15.0,2.926388529334666,0.0,0.0,0.0,0.0,0.0,17.926388529334666,2.926388529334666,0.0,
TUHO,B.05,B.05.3,Others,10,fixed_annual_keur,INFLATION,5.0,0.02,1.195092568622311,True,,,,,5.0,0.9754628431115551,0.0,0.0,0.0,0.0,0.0,5.975462843111555,0.9754628431115551,0.0,
TUHO,B.05,B.05.1,Surveillance systems,11,fixed_annual_keur,INFLATION,30.0,0.02,1.2189944199947573,True,,,,,30.0,6.569832599842719,0.0,0.0,0.0,0.0,0.0,36.56983259984272,6.569832599842719,0.0,
TUHO,B.05,B.05.2,Surveillance patrols,11,fixed_annual_keur,INFLATION,15.0,0.02,1.2189944199947573,True,,,,,15.0,3.2849162999213597,0.0,0.0,0.0,0.0,0.0,18.28491629992136,3.2849162999213597,0.0,
TUHO,B.05,B.05.3,Others,11,fixed_annual_keur,INFLATION,5.0,0.02,1.2189944199947573,True,,,,,5.0,1.0949720999737869,0.0,0.0,0.0,0.0,0.0,6.094972099973787,1.0949720999737869,0.0,
TUHO,B.05,B.05.1,Surveillance systems,12,fixed_annual_keur,INFLATION,30.0,0.02,1.2433743083946525,True,,,,,30.0,7.3012292518395725,0.0,0.0,0.0,0.0,0.0,37.30122925183957,7.3012292518395725,0.0,
TUHO,B.05,B.05.2,Surveillance patrols,12,fixed_annual_keur,INFLATION,15.0,0.02,1.2433743083946525,True,,,,,15.0,3.6506146259197862,0.0,0.0,0.0,0.0,0.0,18.650614625919786,3.6506146259197862,0.0,
TUHO,B.05,B.05.3,Others,12,fixed_annual_keur,INFLATION,5.0,0.02,1.2433743083946525,True,,,,,5.0,1.216871541973262,0.0,0.0,0.0,0.0,0.0,6.216871541973262,1.216871541973262,0.0,
TUHO,B.05,B.05.1,Surveillance systems,13,fixed_annual_keur,INFLATION,30.0,0.02,1.2682417945625455,True,,,,,30.0,8.047253836876365,0.0,0.0,0.0,0.0,0.0,38.047253836876365,8.047253836876365,0.0,
TUHO,B.05,B.05.2,Surveillance patrols,13,fixed_annual_keur,INFLATION,15.0,0.02,1.2682417945625455,True,,,,,15.0,4.0236269184381825,0.0,0.0,0.0,0.0,0.0,19.023626918438183,4.0236269184381825,0.0,
TUHO,B.05,B.05.3,Others,13,fixed_annual_keur,INFLATION,5.0,0.02,1.2682417945625455,True,,,,,5.0,1.3412089728127272,0.0,0.0,0.0,0.0,0.0,6.341208972812727,1.3412089728127272,0.0,
TUHO,B.05,B.05.1,Surveillance systems,14,fixed_annual_keur,INFLATION,30.0,0.02,1.2936066304537965,True,,,,,30.0,8.808198913613893,0.0,0.0,0.0,0.0,0.0,38.80819891361389,8.808198913613893,0.0,
TUHO,B.05,B.05.2,Surveillance patrols,14,fixed_annual_keur,INFLATION,15.0,0.02,1.2936066304537965,True,,,,,15.0,4.4040994568069465,0.0,0.0,0.0,0.0,0.0,19.404099456806946,4.4040994568069465,0.0,
TUHO,B.05,B.05.3,Others,14,fixed_annual_keur,INFLATION,5.0,0.02,1.2936066304537965,True,,,,,5.0,1.4680331522689825,0.0,0.0,0.0,0.0,0.0,6.4680331522689825,1.4680331522689825,0.0,
TUHO,B.05,B.05.1,Surveillance systems,15,fixed_annual_keur,INFLATION,30.0,0.02,1.3194787630628724,True,,,,,30.0,9.584362891886173,0.0,0.0,0.0,0.0,0.0,39.58436289188617,9.584362891886173,0.0,
TUHO,B.05,B.05.2,Surveillance patrols,15,fixed_annual_keur,INFLATION,15.0,0.02,1.3194787630628724,True,,,,,15.0,4.792181445943086,0.0,0.0,0.0,0.0,0.0,19.792181445943086,4.792181445943086,0.0,
TUHO,B.05,B.05.3,Others,15,fixed_annual_keur,INFLATION,5.0,0.02,1.3194787630628724,True,,,,,5.0,1.597393815314362,0.0,0.0,0.0,0.0,0.0,6.597393815314362,1.597393815314362,0.0,
TUHO,B.05,B.05.1,Surveillance systems,16,fixed_annual_keur,INFLATION,30.0,0.02,1.3458683383241299,True,,,,,30.0,10.376050149723895,0.0,0.0,0.0,0.0,0.0,40.376050149723895,10.376050149723895,0.0,
TUHO,B.05,B.05.2,Surveillance patrols,16,fixed_annual_keur,INFLATION,15.0,0.02,1.3458683383241299,True,,,,,15.0,5.188025074861947,0.0,0.0,0.0,0.0,0.0,20.188025074861947,5.188025074861947,0.0,
TUHO,B.05,B.05.3,Others,16,fixed_annual_keur,INFLATION,5.0,0.02,1.3458683383241299,True,,,,,5.0,1.7293416916206494,0.0,0.0,0.0,0.0,0.0,6.729341691620649,1.7293416916206494,0.0,
TUHO,B.05,B.05.1,Surveillance systems,17,fixed_annual_keur,INFLATION,30.0,0.02,1.3727857050906125,True,,,,,30.0,11.183571152718372,0.0,0.0,0.0,0.0,0.0,41.18357115271837,11.183571152718372,0.0,
TUHO,B.05,B.05.2,Surveillance patrols,17,fixed_annual_keur,INFLATION,15.0,0.02,1.3727857050906125,True,,,,,15.0,5.591785576359186,0.0,0.0,0.0,0.0,0.0,20.591785576359186,5.591785576359186,0.0,
TUHO,B.05,B.05.3,Others,17,fixed_annual_keur,INFLATION,5.0,0.02,1.3727857050906125,True,,,,,5.0,1.863928525453062,0.0,0.0,0.0,0.0,0.0,6.863928525453062,1.863928525453062,0.0,
TUHO,B.05,B.05.1,Surveillance systems,18,fixed_annual_keur,INFLATION,30.0,0.02,1.4002414191924248,True,,,,,30.0,12.007242575772743,0.0,0.0,0.0,0.0,0.0,42.00724257577274,12.007242575772743,0.0,
TUHO,B.05,B.05.2,Surveillance patrols,18,fixed_annual_keur,INFLATION,15.0,0.02,1.4002414191924248,True,,,,,15.0,6.0036212878863715,0.0,0.0,0.0,0.0,0.0,21.00362128788637,6.0036212878863715,0.0,
TUHO,B.05,B.05.3,Others,18,fixed_annual_keur,INFLATION,5.0,0.02,1.4002414191924248,True,,,,,5.0,2.0012070959621244,0.0,0.0,0.0,0.0,0.0,7.001207095962124,2.0012070959621244,0.0,
TUHO,B.05,B.05.1,Surveillance systems,19,fixed_annual_keur,INFLATION,30.0,0.02,1.4282462475762734,True,,,,,30.0,12.847387427288204,0.0,0.0,0.0,0.0,0.0,42.847387427288204,12.847387427288204,0.0,
TUHO,B.05,B.05.2,Surveillance patrols,19,fixed_annual_keur,INFLATION,15.0,0.02,1.4282462475762734,True,,,,,15.0,6.423693713644102,0.0,0.0,0.0,0.0,0.0,21.423693713644102,6.423693713644102,0.0,
TUHO,B.05,B.05.3,Others,19,fixed_annual_keur,INFLATION,5.0,0.02,1.4282462475762734,True,,,,,5.0,2.1412312378813674,0.0,0.0,0.0,0.0,0.0,7.141231237881367,2.1412312378813674,0.0,
TUHO,B.05,B.05.1,Surveillance systems,20,fixed_annual_keur,INFLATION,30.0,0.02,1.4568111725277988,True,,,,,30.0,13.704335175833961,0.0,0.0,0.0,0.0,0.0,43.70433517583396,13.704335175833961,0.0,
TUHO,B.05,B.05.2,Surveillance patrols,20,fixed_annual_keur,INFLATION,15.0,0.02,1.4568111725277988,True,,,,,15.0,6.8521675879169806,0.0,0.0,0.0,0.0,0.0,21.85216758791698,6.8521675879169806,0.0,
TUHO,B.05,B.05.3,Others,20,fixed_annual_keur,INFLATION,5.0,0.02,1.4568111725277988,True,,,,,5.0,2.2840558626389935,0.0,0.0,0.0,0.0,0.0,7.2840558626389935,2.2840558626389935,0.0,
TUHO,B.05,B.05.1,Surveillance systems,21,fixed_annual_keur,INFLATION,30.0,0.02,1.485947395978355,True,,,,,30.0,14.57842187935065,0.0,0.0,0.0,0.0,0.0,44.57842187935065,14.57842187935065,0.0,
TUHO,B.05,B.05.2,Surveillance patrols,21,fixed_annual_keur,INFLATION,15.0,0.02,1.485947395978355,True,,,,,15.0,7.289210939675325,0.0,0.0,0.0,0.0,0.0,22.289210939675325,7.289210939675325,0.0,
TUHO,B.05,B.05.3,Others,21,fixed_annual_keur,INFLATION,5.0,0.02,1.485947395978355,True,,,,,5.0,2.429736979891775,0.0,0.0,0.0,0.0,0.0,7.429736979891775,2.429736979891775,0.0,
TUHO,B.05,B.05.1,Surveillance systems,22,fixed_annual_keur,INFLATION,30.0,0.02,1.5156663438979219,True,,,,,30.0,15.469990316937654,0.0,0.0,0.0,0.0,0.0,45.469990316937654,15.469990316937654,0.0,
TUHO,B.05,B.05.2,Surveillance patrols,22,fixed_annual_keur,INFLATION,15.0,0.02,1.5156663438979219,True,,,,,15.0,7.734995158468827,0.0,0.0,0.0,0.0,0.0,22.734995158468827,7.734995158468827,0.0,
TUHO,B.05,B.05.3,Others,22,fixed_annual_keur,INFLATION,5.0,0.02,1.5156663438979219,True,,,,,5.0,2.5783317194896096,0.0,0.0,0.0,0.0,0.0,7.57833171948961,2.5783317194896096,0.0,
TUHO,B.05,B.05.1,Surveillance systems,23,fixed_annual_keur,INFLATION,30.0,0.02,1.5459796707758804,True,,,,,30.0,16.37939012327641,0.0,0.0,0.0,0.0,0.0,46.37939012327641,16.37939012327641,0.0,
TUHO,B.05,B.05.2,Surveillance patrols,23,fixed_annual_keur,INFLATION,15.0,0.02,1.5459796707758804,True,,,,,15.0,8.189695061638204,0.0,0.0,0.0,0.0,0.0,23.189695061638204,8.189695061638204,0.0,
TUHO,B.05,B.05.3,Others,23,fixed_annual_keur,INFLATION,5.0,0.02,1.5459796707758804,True,,,,,5.0,2.7298983538794017,0.0,0.0,0.0,0.0,0.0,7.729898353879402,2.7298983538794017,0.0,
TUHO,B.05,B.05.1,Surveillance systems,24,fixed_annual_keur,INFLATION,30.0,0.02,1.5768992641913981,True,,,,,30.0,17.306977925741947,0.0,0.0,0.0,0.0,0.0,47.30697792574195,17.306977925741947,0.0,
TUHO,B.05,B.05.2,Surveillance patrols,24,fixed_annual_keur,INFLATION,15.0,0.02,1.5768992641913981,True,,,,,15.0,8.653488962870973,0.0,0.0,0.0,0.0,0.0,23.653488962870973,8.653488962870973,0.0,
TUHO,B.05,B.05.3,Others,24,fixed_annual_keur,INFLATION,5.0,0.02,1.5768992641913981,True,,,,,5.0,2.884496320956991,0.0,0.0,0.0,0.0,0.0,7.884496320956991,2.884496320956991,0.0,
TUHO,B.05,B.05.1,Surveillance systems,25,fixed_annual_keur,INFLATION,30.0,0.02,1.6084372494752261,True,,,,,30.0,18.253117484256784,0.0,0.0,0.0,0.0,0.0,48.253117484256784,18.253117484256784,0.0,
TUHO,B.05,B.05.2,Surveillance patrols,25,fixed_annual_keur,INFLATION,15.0,0.02,1.6084372494752261,True,,,,,15.0,9.126558742128392,0.0,0.0,0.0,0.0,0.0,24.126558742128392,9.126558742128392,0.0,
TUHO,B.05,B.05.3,Others,25,fixed_annual_keur,INFLATION,5.0,0.02,1.6084372494752261,True,,,,,5.0,3.042186247376131,0.0,0.0,0.0,0.0,0.0,8.042186247376131,3.042186247376131,0.0,
TUHO,B.05,B.05.1,Surveillance systems,26,fixed_annual_keur,INFLATION,30.0,0.02,1.6406059944647307,True,,,,,30.0,19.218179833941917,0.0,0.0,0.0,0.0,0.0,49.21817983394192,19.218179833941917,0.0,
TUHO,B.05,B.05.2,Surveillance patrols,26,fixed_annual_keur,INFLATION,15.0,0.02,1.6406059944647307,True,,,,,15.0,9.609089916970959,0.0,0.0,0.0,0.0,0.0,24.60908991697096,9.609089916970959,0.0,
TUHO,B.05,B.05.3,Others,26,fixed_annual_keur,INFLATION,5.0,0.02,1.6406059944647307,True,,,,,5.0,3.2030299723236535,0.0,0.0,0.0,0.0,0.0,8.203029972323653,3.2030299723236535,0.0,
TUHO,B.05,B.05.1,Surveillance systems,27,fixed_annual_keur,INFLATION,30.0,0.02,1.6734181143540252,True,,,,,30.0,20.202543430620757,0.0,0.0,0.0,0.0,0.0,50.20254343062076,20.202543430620757,0.0,
TUHO,B.05,B.05.2,Surveillance patrols,27,fixed_annual_keur,INFLATION,15.0,0.02,1.6734181143540252,True,,,,,15.0,10.101271715310379,0.0,0.0,0.0,0.0,0.0,25.10127171531038,10.101271715310379,0.0,
TUHO,B.05,B.05.3,Others,27,fixed_annual_keur,INFLATION,5.0,0.02,1.6734181143540252,True,,,,,5.0,3.3670905717701256,0.0,0.0,0.0,0.0,0.0,8.367090571770126,3.3670905717701256,0.0,
TUHO,B.05,B.05.1,Surveillance systems,28,fixed_annual_keur,INFLATION,30.0,0.02,1.7068864766411058,True,,,,,30.0,21.206594299233174,0.0,0.0,0.0,0.0,0.0,51.206594299233174,21.206594299233174,0.0,
TUHO,B.05,B.05.2,Surveillance patrols,28,fixed_annual_keur,INFLATION,15.0,0.02,1.7068864766411058,True,,,,,15.0,10.603297149616587,0.0,0.0,0.0,0.0,0.0,25.603297149616587,10.603297149616587,0.0,
TUHO,B.05,B.05.3,Others,28,fixed_annual_keur,INFLATION,5.0,0.02,1.7068864766411058,True,,,,,5.0,3.5344323832055284,0.0,0.0,0.0,0.0,0.0,8.534432383205528,3.5344323832055284,0.0,
TUHO,B.05,B.05.1,Surveillance systems,29,fixed_annual_keur,INFLATION,30.0,0.02,1.741024206173928,True,,,,,30.0,22.23072618521784,0.0,0.0,0.0,0.0,0.0,52.23072618521784,22.23072618521784,0.0,
TUHO,B.05,B.05.2,Surveillance patrols,29,fixed_annual_keur,INFLATION,15.0,0.02,1.741024206173928,True,,,,,15.0,11.11536309260892,0.0,0.0,0.0,0.0,0.0,26.11536309260892,11.11536309260892,0.0,
TUHO,B.05,B.05.3,Others,29,fixed_annual_keur,INFLATION,5.0,0.02,1.741024206173928,True,,,,,5.0,3.705121030869641,0.0,0.0,0.0,0.0,0.0,8.705121030869641,3.705121030869641,0.0,
TUHO,B.05,B.05.1,Surveillance systems,30,fixed_annual_keur,INFLATION,30.0,0.02,1.7758446902974065,True,,,,,30.0,23.275340708922194,0.0,0.0,0.0,0.0,0.0,53.275340708922194,23.275340708922194,0.0,
TUHO,B.05,B.05.2,Surveillance patrols,30,fixed_annual_keur,INFLATION,15.0,0.02,1.7758446902974065,True,,,,,15.0,11.637670354461097,0.0,0.0,0.0,0.0,0.0,26.637670354461097,11.637670354461097,0.0,
TUHO,B.05,B.05.3,Others,30,fixed_annual_keur,INFLATION,5.0,0.02,1.7758446902974065,True,,,,,5.0,3.8792234514870323,0.0,0.0,0.0,0.0,0.0,8.879223451487032,3.8792234514870323,0.0,
TUHO,B.06,B.06.1,Operation All Risk with BI,1,fixed_annual_keur,INFLATION,400.0,0.02,1.0,True,,,,,400.0,0.0,0.0,0.0,0.0,0.0,0.0,400.0,0.0,0.0,
TUHO,B.06,B.06.2,Third Party Liability,1,fixed_annual_keur,INFLATION,30.0,0.02,1.0,True,,,,,30.0,0.0,0.0,0.0,0.0,0.0,0.0,30.0,0.0,0.0,
TUHO,B.06,B.06.3,Substation and O&M Building Coverage,1,fixed_annual_keur,INFLATION,20.0,0.02,1.0,True,,,,,20.0,0.0,0.0,0.0,0.0,0.0,0.0,20.0,0.0,0.0,
TUHO,B.06,B.06.4,Spare parts insurance,1,fixed_annual_keur,INFLATION,10.0,0.02,1.0,True,,,,,10.0,0.0,0.0,0.0,0.0,0.0,0.0,10.0,0.0,0.0,
TUHO,B.06,B.06.5,Wake effect compensation,1,fixed_annual_keur,INFLATION,8.75,0.02,1.0,True,,,,,8.75,0.0,0.0,0.0,0.0,0.0,0.0,8.75,0.0,0.0,
TUHO,B.06,B.06.1,Operation All Risk with BI,2,fixed_annual_keur,INFLATION,400.0,0.02,1.02,True,,,,,400.0,8.0,0.0,0.0,0.0,0.0,0.0,408.0,8.0,0.0,
TUHO,B.06,B.06.2,Third Party Liability,2,fixed_annual_keur,INFLATION,30.0,0.02,1.02,True,,,,,30.0,0.6000000000000014,0.0,0.0,0.0,0.0,0.0,30.6,0.6000000000000014,0.0,
TUHO,B.06,B.06.3,Substation and O&M Building Coverage,2,fixed_annual_keur,INFLATION,20.0,0.02,1.02,True,,,,,20.0,0.3999999999999986,0.0,0.0,0.0,0.0,0.0,20.4,0.3999999999999986,0.0,
TUHO,B.06,B.06.4,Spare parts insurance,2,fixed_annual_keur,INFLATION,10.0,0.02,1.02,True,,,,,10.0,0.1999999999999993,0.0,0.0,0.0,0.0,0.0,10.2,0.1999999999999993,0.0,
TUHO,B.06,B.06.5,Wake effect compensation,2,fixed_annual_keur,INFLATION,8.75,0.02,1.02,True,,,,,8.75,0.1750000000000007,0.0,0.0,0.0,0.0,0.0,8.925,0.1750000000000007,0.0,
TUHO,B.06,B.06.1,Operation All Risk with BI,3,fixed_annual_keur,INFLATION,400.0,0.02,1.0404,True,,,,,400.0,16.159999999999968,0.0,0.0,0.0,0.0,0.0,416.15999999999997,16.159999999999968,0.0,
TUHO,B.06,B.06.2,Third Party Liability,3,fixed_annual_keur,INFLATION,30.0,0.02,1.0404,True,,,,,30.0,1.2119999999999997,0.0,0.0,0.0,0.0,0.0,31.212,1.2119999999999997,0.0,
TUHO,B.06,B.06.3,Substation and O&M Building Coverage,3,fixed_annual_keur,INFLATION,20.0,0.02,1.0404,True,,,,,20.0,0.8079999999999998,0.0,0.0,0.0,0.0,0.0,20.808,0.8079999999999998,0.0,
TUHO,B.06,B.06.4,Spare parts insurance,3,fixed_annual_keur,INFLATION,10.0,0.02,1.0404,True,,,,,10.0,0.4039999999999999,0.0,0.0,0.0,0.0,0.0,10.404,0.4039999999999999,0.0,
TUHO,B.06,B.06.5,Wake effect compensation,3,fixed_annual_keur,INFLATION,8.75,0.02,1.0404,True,,,,,8.75,0.35350000000000037,0.0,0.0,0.0,0.0,0.0,9.1035,0.35350000000000037,0.0,
TUHO,B.06,B.06.1,Operation All Risk with BI,4,fixed_annual_keur,INFLATION,400.0,0.02,1.0612080000000002,True,,,,,400.0,24.483200000000068,0.0,0.0,0.0,0.0,0.0,424.48320000000007,24.483200000000068,0.0,
TUHO,B.06,B.06.2,Third Party Liability,4,fixed_annual_keur,INFLATION,30.0,0.02,1.0612080000000002,True,,,,,30.0,1.8362400000000036,0.0,0.0,0.0,0.0,0.0,31.836240000000004,1.8362400000000036,0.0,
TUHO,B.06,B.06.3,Substation and O&M Building Coverage,4,fixed_annual_keur,INFLATION,20.0,0.02,1.0612080000000002,True,,,,,20.0,1.2241600000000048,0.0,0.0,0.0,0.0,0.0,21.224160000000005,1.2241600000000048,0.0,
TUHO,B.06,B.06.4,Spare parts insurance,4,fixed_annual_keur,INFLATION,10.0,0.02,1.0612080000000002,True,,,,,10.0,0.6120800000000024,0.0,0.0,0.0,0.0,0.0,10.612080000000002,0.6120800000000024,0.0,
TUHO,B.06,B.06.5,Wake effect compensation,4,fixed_annual_keur,INFLATION,8.75,0.02,1.0612080000000002,True,,,,,8.75,0.5355700000000017,0.0,0.0,0.0,0.0,0.0,9.285570000000002,0.5355700000000017,0.0,
TUHO,B.06,B.06.1,Operation All Risk with BI,5,fixed_annual_keur,INFLATION,400.0,0.02,1.08243216,True,,,,,400.0,32.972864000000015,0.0,0.0,0.0,0.0,0.0,432.972864,32.972864000000015,0.0,
TUHO,B.06,B.06.2,Third Party Liability,5,fixed_annual_keur,INFLATION,30.0,0.02,1.08243216,True,,,,,30.0,2.4729647999999997,0.0,0.0,0.0,0.0,0.0,32.4729648,2.4729647999999997,0.0,
TUHO,B.06,B.06.3,Substation and O&M Building Coverage,5,fixed_annual_keur,INFLATION,20.0,0.02,1.08243216,True,,,,,20.0,1.6486431999999986,0.0,0.0,0.0,0.0,0.0,21.6486432,1.6486431999999986,0.0,
TUHO,B.06,B.06.4,Spare parts insurance,5,fixed_annual_keur,INFLATION,10.0,0.02,1.08243216,True,,,,,10.0,0.8243215999999993,0.0,0.0,0.0,0.0,0.0,10.8243216,0.8243215999999993,0.0,
TUHO,B.06,B.06.5,Wake effect compensation,5,fixed_annual_keur,INFLATION,8.75,0.02,1.08243216,True,,,,,8.75,0.7212814000000005,0.0,0.0,0.0,0.0,0.0,9.4712814,0.7212814000000005,0.0,
TUHO,B.06,B.06.1,Operation All Risk with BI,6,fixed_annual_keur,INFLATION,400.0,0.02,1.1040808032,True,,,,,400.0,41.632321279999985,0.0,0.0,0.0,0.0,0.0,441.63232128,41.632321279999985,0.0,
TUHO,B.06,B.06.2,Third Party Liability,6,fixed_annual_keur,INFLATION,30.0,0.02,1.1040808032,True,,,,,30.0,3.122424096000003,0.0,0.0,0.0,0.0,0.0,33.122424096,3.122424096000003,0.0,
TUHO,B.06,B.06.3,Substation and O&M Building Coverage,6,fixed_annual_keur,INFLATION,20.0,0.02,1.1040808032,True,,,,,20.0,2.081616064000002,0.0,0.0,0.0,0.0,0.0,22.081616064000002,2.081616064000002,0.0,
TUHO,B.06,B.06.4,Spare parts insurance,6,fixed_annual_keur,INFLATION,10.0,0.02,1.1040808032,True,,,,,10.0,1.040808032000001,0.0,0.0,0.0,0.0,0.0,11.040808032000001,1.040808032000001,0.0,
TUHO,B.06,B.06.5,Wake effect compensation,6,fixed_annual_keur,INFLATION,8.75,0.02,1.1040808032,True,,,,,8.75,0.9107070280000009,0.0,0.0,0.0,0.0,0.0,9.660707028000001,0.9107070280000009,0.0,
TUHO,B.06,B.06.1,Operation All Risk with BI,7,fixed_annual_keur,INFLATION,400.0,0.02,1.126162419264,True,,,,,400.0,50.46496770560003,0.0,0.0,0.0,0.0,0.0,450.46496770560003,50.46496770560003,0.0,
TUHO,B.06,B.06.2,Third Party Liability,7,fixed_annual_keur,INFLATION,30.0,0.02,1.126162419264,True,,,,,30.0,3.784872577920005,0.0,0.0,0.0,0.0,0.0,33.784872577920005,3.784872577920005,0.0,
TUHO,B.06,B.06.3,Substation and O&M Building Coverage,7,fixed_annual_keur,INFLATION,20.0,0.02,1.126162419264,True,,,,,20.0,2.5232483852800023,0.0,0.0,0.0,0.0,0.0,22.523248385280002,2.5232483852800023,0.0,
TUHO,B.06,B.06.4,Spare parts insurance,7,fixed_annual_keur,INFLATION,10.0,0.02,1.126162419264,True,,,,,10.0,1.2616241926400011,0.0,0.0,0.0,0.0,0.0,11.261624192640001,1.2616241926400011,0.0,
TUHO,B.06,B.06.5,Wake effect compensation,7,fixed_annual_keur,INFLATION,8.75,0.02,1.126162419264,True,,,,,8.75,1.1039211685600012,0.0,0.0,0.0,0.0,0.0,9.853921168560001,1.1039211685600012,0.0,
TUHO,B.06,B.06.1,Operation All Risk with BI,8,fixed_annual_keur,INFLATION,400.0,0.02,1.14868566764928,True,,,,,400.0,59.47426705971202,0.0,0.0,0.0,0.0,0.0,459.474267059712,59.47426705971202,0.0,
TUHO,B.06,B.06.2,Third Party Liability,8,fixed_annual_keur,INFLATION,30.0,0.02,1.14868566764928,True,,,,,30.0,4.460570029478404,0.0,0.0,0.0,0.0,0.0,34.460570029478404,4.460570029478404,0.0,
TUHO,B.06,B.06.3,Substation and O&M Building Coverage,8,fixed_annual_keur,INFLATION,20.0,0.02,1.14868566764928,True,,,,,20.0,2.9737133529856017,0.0,0.0,0.0,0.0,0.0,22.9737133529856,2.9737133529856017,0.0,
TUHO,B.06,B.06.4,Spare parts insurance,8,fixed_annual_keur,INFLATION,10.0,0.02,1.14868566764928,True,,,,,10.0,1.4868566764928008,0.0,0.0,0.0,0.0,0.0,11.4868566764928,1.4868566764928008,0.0,
TUHO,B.06,B.06.5,Wake effect compensation,8,fixed_annual_keur,INFLATION,8.75,0.02,1.14868566764928,True,,,,,8.75,1.3009995919312,0.0,0.0,0.0,0.0,0.0,10.0509995919312,1.3009995919312,0.0,
TUHO,B.06,B.06.1,Operation All Risk with BI,9,fixed_annual_keur,INFLATION,400.0,0.02,1.1716593810022657,True,,,,,400.0,68.66375240090628,0.0,0.0,0.0,0.0,0.0,468.6637524009063,68.66375240090628,0.0,
TUHO,B.06,B.06.2,Third Party Liability,9,fixed_annual_keur,INFLATION,30.0,0.02,1.1716593810022657,True,,,,,30.0,5.149781430067975,0.0,0.0,0.0,0.0,0.0,35.149781430067975,5.149781430067975,0.0,
TUHO,B.06,B.06.3,Substation and O&M Building Coverage,9,fixed_annual_keur,INFLATION,20.0,0.02,1.1716593810022657,True,,,,,20.0,3.4331876200453166,0.0,0.0,0.0,0.0,0.0,23.433187620045317,3.4331876200453166,0.0,
TUHO,B.06,B.06.4,Spare parts insurance,9,fixed_annual_keur,INFLATION,10.0,0.02,1.1716593810022657,True,,,,,10.0,1.7165938100226583,0.0,0.0,0.0,0.0,0.0,11.716593810022658,1.7165938100226583,0.0,
TUHO,B.06,B.06.5,Wake effect compensation,9,fixed_annual_keur,INFLATION,8.75,0.02,1.1716593810022657,True,,,,,8.75,1.502019583769826,0.0,0.0,0.0,0.0,0.0,10.252019583769826,1.502019583769826,0.0,
TUHO,B.06,B.06.1,Operation All Risk with BI,10,fixed_annual_keur,INFLATION,400.0,0.02,1.195092568622311,True,,,,,400.0,78.03702744892445,0.0,0.0,0.0,0.0,0.0,478.03702744892445,78.03702744892445,0.0,
TUHO,B.06,B.06.2,Third Party Liability,10,fixed_annual_keur,INFLATION,30.0,0.02,1.195092568622311,True,,,,,30.0,5.852777058669332,0.0,0.0,0.0,0.0,0.0,35.85277705866933,5.852777058669332,0.0,
TUHO,B.06,B.06.3,Substation and O&M Building Coverage,10,fixed_annual_keur,INFLATION,20.0,0.02,1.195092568622311,True,,,,,20.0,3.9018513724462203,0.0,0.0,0.0,0.0,0.0,23.90185137244622,3.9018513724462203,0.0,
TUHO,B.06,B.06.4,Spare parts insurance,10,fixed_annual_keur,INFLATION,10.0,0.02,1.195092568622311,True,,,,,10.0,1.9509256862231101,0.0,0.0,0.0,0.0,0.0,11.95092568622311,1.9509256862231101,0.0,
TUHO,B.06,B.06.5,Wake effect compensation,10,fixed_annual_keur,INFLATION,8.75,0.02,1.195092568622311,True,,,,,8.75,1.7070599754452225,0.0,0.0,0.0,0.0,0.0,10.457059975445222,1.7070599754452225,0.0,
TUHO,B.06,B.06.1,Operation All Risk with BI,11,fixed_annual_keur,INFLATION,400.0,0.02,1.2189944199947573,True,,,,,400.0,87.5977679979029,0.0,0.0,0.0,0.0,0.0,487.5977679979029,87.5977679979029,0.0,
TUHO,B.06,B.06.2,Third Party Liability,11,fixed_annual_keur,INFLATION,30.0,0.02,1.2189944199947573,True,,,,,30.0,6.569832599842719,0.0,0.0,0.0,0.0,0.0,36.56983259984272,6.569832599842719,0.0,
TUHO,B.06,B.06.3,Substation and O&M Building Coverage,11,fixed_annual_keur,INFLATION,20.0,0.02,1.2189944199947573,True,,,,,20.0,4.379888399895147,0.0,0.0,0.0,0.0,0.0,24.379888399895147,4.379888399895147,0.0,
TUHO,B.06,B.06.4,Spare parts insurance,11,fixed_annual_keur,INFLATION,10.0,0.02,1.2189944199947573,True,,,,,10.0,2.1899441999475737,0.0,0.0,0.0,0.0,0.0,12.189944199947574,2.1899441999475737,0.0,
TUHO,B.06,B.06.5,Wake effect compensation,11,fixed_annual_keur,INFLATION,8.75,0.02,1.2189944199947573,True,,,,,8.75,1.9162011749541268,0.0,0.0,0.0,0.0,0.0,10.666201174954127,1.9162011749541268,0.0,
TUHO,B.06,B.06.1,Operation All Risk with BI,12,fixed_annual_keur,INFLATION,400.0,0.02,1.2433743083946525,True,,,,,400.0,97.34972335786097,0.0,0.0,0.0,0.0,0.0,497.34972335786097,97.34972335786097,0.0,
TUHO,B.06,B.06.2,Third Party Liability,12,fixed_annual_keur,INFLATION,30.0,0.02,1.2433743083946525,True,,,,,30.0,7.3012292518395725,0.0,0.0,0.0,0.0,0.0,37.30122925183957,7.3012292518395725,0.0,
TUHO,B.06,B.06.3,Substation and O&M Building Coverage,12,fixed_annual_keur,INFLATION,20.0,0.02,1.2433743083946525,True,,,,,20.0,4.867486167893048,0.0,0.0,0.0,0.0,0.0,24.86748616789305,4.867486167893048,0.0,
TUHO,B.06,B.06.4,Spare parts insurance,12,fixed_annual_keur,INFLATION,10.0,0.02,1.2433743083946525,True,,,,,10.0,2.433743083946524,0.0,0.0,0.0,0.0,0.0,12.433743083946524,2.433743083946524,0.0,
TUHO,B.06,B.06.5,Wake effect compensation,12,fixed_annual_keur,INFLATION,8.75,0.02,1.2433743083946525,True,,,,,8.75,2.1295251984532086,0.0,0.0,0.0,0.0,0.0,10.879525198453209,2.1295251984532086,0.0,
TUHO,B.06,B.06.1,Operation All Risk with BI,13,fixed_annual_keur,INFLATION,400.0,0.02,1.2682417945625455,True,,,,,400.0,107.29671782501822,0.0,0.0,0.0,0.0,0.0,507.2967178250182,107.29671782501822,0.0,
TUHO,B.06,B.06.2,Third Party Liability,13,fixed_annual_keur,INFLATION,30.0,0.02,1.2682417945625455,True,,,,,30.0,8.047253836876365,0.0,0.0,0.0,0.0,0.0,38.047253836876365,8.047253836876365,0.0,
TUHO,B.06,B.06.3,Substation and O&M Building Coverage,13,fixed_annual_keur,INFLATION,20.0,0.02,1.2682417945625455,True,,,,,20.0,5.364835891250909,0.0,0.0,0.0,0.0,0.0,25.36483589125091,5.364835891250909,0.0,
TUHO,B.06,B.06.4,Spare parts insurance,13,fixed_annual_keur,INFLATION,10.0,0.02,1.2682417945625455,True,,,,,10.0,2.6824179456254544,0.0,0.0,0.0,0.0,0.0,12.682417945625454,2.6824179456254544,0.0,
TUHO,B.06,B.06.5,Wake effect compensation,13,fixed_annual_keur,INFLATION,8.75,0.02,1.2682417945625455,True,,,,,8.75,2.3471157024222737,0.0,0.0,0.0,0.0,0.0,11.097115702422274,2.3471157024222737,0.0,
TUHO,B.06,B.06.1,Operation All Risk with BI,14,fixed_annual_keur,INFLATION,400.0,0.02,1.2936066304537965,True,,,,,400.0,117.44265218151861,0.0,0.0,0.0,0.0,0.0,517.4426521815186,117.44265218151861,0.0,
TUHO,B.06,B.06.2,Third Party Liability,14,fixed_annual_keur,INFLATION,30.0,0.02,1.2936066304537965,True,,,,,30.0,8.808198913613893,0.0,0.0,0.0,0.0,0.0,38.80819891361389,8.808198913613893,0.0,
TUHO,B.06,B.06.3,Substation and O&M Building Coverage,14,fixed_annual_keur,INFLATION,20.0,0.02,1.2936066304537965,True,,,,,20.0,5.87213260907593,0.0,0.0,0.0,0.0,0.0,25.87213260907593,5.87213260907593,0.0,
TUHO,B.06,B.06.4,Spare parts insurance,14,fixed_annual_keur,INFLATION,10.0,0.02,1.2936066304537965,True,,,,,10.0,2.936066304537965,0.0,0.0,0.0,0.0,0.0,12.936066304537965,2.936066304537965,0.0,
TUHO,B.06,B.06.5,Wake effect compensation,14,fixed_annual_keur,INFLATION,8.75,0.02,1.2936066304537965,True,,,,,8.75,2.56905801647072,0.0,0.0,0.0,0.0,0.0,11.31905801647072,2.56905801647072,0.0,
TUHO,B.06,B.06.1,Operation All Risk with BI,15,fixed_annual_keur,INFLATION,400.0,0.02,1.3194787630628724,True,,,,,400.0,127.79150522514897,0.0,0.0,0.0,0.0,0.0,527.791505225149,127.79150522514897,0.0,
TUHO,B.06,B.06.2,Third Party Liability,15,fixed_annual_keur,INFLATION,30.0,0.02,1.3194787630628724,True,,,,,30.0,9.584362891886173,0.0,0.0,0.0,0.0,0.0,39.58436289188617,9.584362891886173,0.0,
TUHO,B.06,B.06.3,Substation and O&M Building Coverage,15,fixed_annual_keur,INFLATION,20.0,0.02,1.3194787630628724,True,,,,,20.0,6.389575261257448,0.0,0.0,0.0,0.0,0.0,26.38957526125745,6.389575261257448,0.0,
TUHO,B.06,B.06.4,Spare parts insurance,15,fixed_annual_keur,INFLATION,10.0,0.02,1.3194787630628724,True,,,,,10.0,3.194787630628724,0.0,0.0,0.0,0.0,0.0,13.194787630628724,3.194787630628724,0.0,
TUHO,B.06,B.06.5,Wake effect compensation,15,fixed_annual_keur,INFLATION,8.75,0.02,1.3194787630628724,True,,,,,8.75,2.7954391768001337,0.0,0.0,0.0,0.0,0.0,11.545439176800134,2.7954391768001337,0.0,
TUHO,B.06,B.06.1,Operation All Risk with BI,16,fixed_annual_keur,INFLATION,400.0,0.02,1.3458683383241299,True,,,,,400.0,138.34733532965197,0.0,0.0,0.0,0.0,0.0,538.347335329652,138.34733532965197,0.0,
TUHO,B.06,B.06.2,Third Party Liability,16,fixed_annual_keur,INFLATION,30.0,0.02,1.3458683383241299,True,,,,,30.0,10.376050149723895,0.0,0.0,0.0,0.0,0.0,40.376050149723895,10.376050149723895,0.0,
TUHO,B.06,B.06.3,Substation and O&M Building Coverage,16,fixed_annual_keur,INFLATION,20.0,0.02,1.3458683383241299,True,,,,,20.0,6.917366766482598,0.0,0.0,0.0,0.0,0.0,26.917366766482598,6.917366766482598,0.0,
TUHO,B.06,B.06.4,Spare parts insurance,16,fixed_annual_keur,INFLATION,10.0,0.02,1.3458683383241299,True,,,,,10.0,3.458683383241299,0.0,0.0,0.0,0.0,0.0,13.458683383241299,3.458683383241299,0.0,
TUHO,B.06,B.06.5,Wake effect compensation,16,fixed_annual_keur,INFLATION,8.75,0.02,1.3458683383241299,True,,,,,8.75,3.026347960336137,0.0,0.0,0.0,0.0,0.0,11.776347960336137,3.026347960336137,0.0,
TUHO,B.06,B.06.1,Operation All Risk with BI,17,fixed_annual_keur,INFLATION,400.0,0.02,1.3727857050906125,True,,,,,400.0,149.11428203624496,0.0,0.0,0.0,0.0,0.0,549.114282036245,149.11428203624496,0.0,
TUHO,B.06,B.06.2,Third Party Liability,17,fixed_annual_keur,INFLATION,30.0,0.02,1.3727857050906125,True,,,,,30.0,11.183571152718372,0.0,0.0,0.0,0.0,0.0,41.18357115271837,11.183571152718372,0.0,
TUHO,B.06,B.06.3,Substation and O&M Building Coverage,17,fixed_annual_keur,INFLATION,20.0,0.02,1.3727857050906125,True,,,,,20.0,7.455714101812248,0.0,0.0,0.0,0.0,0.0,27.455714101812248,7.455714101812248,0.0,
TUHO,B.06,B.06.4,Spare parts insurance,17,fixed_annual_keur,INFLATION,10.0,0.02,1.3727857050906125,True,,,,,10.0,3.727857050906124,0.0,0.0,0.0,0.0,0.0,13.727857050906124,3.727857050906124,0.0,
TUHO,B.06,B.06.5,Wake effect compensation,17,fixed_annual_keur,INFLATION,8.75,0.02,1.3727857050906125,True,,,,,8.75,3.2618749195428585,0.0,0.0,0.0,0.0,0.0,12.011874919542858,3.2618749195428585,0.0,
TUHO,B.06,B.06.1,Operation All Risk with BI,18,fixed_annual_keur,INFLATION,400.0,0.02,1.4002414191924248,True,,,,,400.0,160.09656767696993,0.0,0.0,0.0,0.0,0.0,560.0965676769699,160.09656767696993,0.0,
TUHO,B.06,B.06.2,Third Party Liability,18,fixed_annual_keur,INFLATION,30.0,0.02,1.4002414191924248,True,,,,,30.0,12.007242575772743,0.0,0.0,0.0,0.0,0.0,42.00724257577274,12.007242575772743,0.0,
TUHO,B.06,B.06.3,Substation and O&M Building Coverage,18,fixed_annual_keur,INFLATION,20.0,0.02,1.4002414191924248,True,,,,,20.0,8.004828383848498,0.0,0.0,0.0,0.0,0.0,28.004828383848498,8.004828383848498,0.0,
TUHO,B.06,B.06.4,Spare parts insurance,18,fixed_annual_keur,INFLATION,10.0,0.02,1.4002414191924248,True,,,,,10.0,4.002414191924249,0.0,0.0,0.0,0.0,0.0,14.002414191924249,4.002414191924249,0.0,
TUHO,B.06,B.06.5,Wake effect compensation,18,fixed_annual_keur,INFLATION,8.75,0.02,1.4002414191924248,True,,,,,8.75,3.502112417933718,0.0,0.0,0.0,0.0,0.0,12.252112417933718,3.502112417933718,0.0,
TUHO,B.06,B.06.1,Operation All Risk with BI,19,fixed_annual_keur,INFLATION,400.0,0.02,1.4282462475762734,True,,,,,400.0,171.29849903050933,0.0,0.0,0.0,0.0,0.0,571.2984990305093,171.29849903050933,0.0,
TUHO,B.06,B.06.2,Third Party Liability,19,fixed_annual_keur,INFLATION,30.0,0.02,1.4282462475762734,True,,,,,30.0,12.847387427288204,0.0,0.0,0.0,0.0,0.0,42.847387427288204,12.847387427288204,0.0,
TUHO,B.06,B.06.3,Substation and O&M Building Coverage,19,fixed_annual_keur,INFLATION,20.0,0.02,1.4282462475762734,True,,,,,20.0,8.56492495152547,0.0,0.0,0.0,0.0,0.0,28.56492495152547,8.56492495152547,0.0,
TUHO,B.06,B.06.4,Spare parts insurance,19,fixed_annual_keur,INFLATION,10.0,0.02,1.4282462475762734,True,,,,,10.0,4.282462475762735,0.0,0.0,0.0,0.0,0.0,14.282462475762735,4.282462475762735,0.0,
TUHO,B.06,B.06.5,Wake effect compensation,19,fixed_annual_keur,INFLATION,8.75,0.02,1.4282462475762734,True,,,,,8.75,3.747154666292392,0.0,0.0,0.0,0.0,0.0,12.497154666292392,3.747154666292392,0.0,
TUHO,B.06,B.06.1,Operation All Risk with BI,20,fixed_annual_keur,INFLATION,400.0,0.02,1.4568111725277988,True,,,,,400.0,182.72446901111948,0.0,0.0,0.0,0.0,0.0,582.7244690111195,182.72446901111948,0.0,
TUHO,B.06,B.06.2,Third Party Liability,20,fixed_annual_keur,INFLATION,30.0,0.02,1.4568111725277988,True,,,,,30.0,13.704335175833961,0.0,0.0,0.0,0.0,0.0,43.70433517583396,13.704335175833961,0.0,
TUHO,B.06,B.06.3,Substation and O&M Building Coverage,20,fixed_annual_keur,INFLATION,20.0,0.02,1.4568111725277988,True,,,,,20.0,9.136223450555974,0.0,0.0,0.0,0.0,0.0,29.136223450555974,9.136223450555974,0.0,
TUHO,B.06,B.06.4,Spare parts insurance,20,fixed_annual_keur,INFLATION,10.0,0.02,1.4568111725277988,True,,,,,10.0,4.568111725277987,0.0,0.0,0.0,0.0,0.0,14.568111725277987,4.568111725277987,0.0,
TUHO,B.06,B.06.5,Wake effect compensation,20,fixed_annual_keur,INFLATION,8.75,0.02,1.4568111725277988,True,,,,,8.75,3.9970977596182387,0.0,0.0,0.0,0.0,0.0,12.747097759618239,3.9970977596182387,0.0,
TUHO,B.06,B.06.1,Operation All Risk with BI,21,fixed_annual_keur,INFLATION,400.0,0.02,1.485947395978355,True,,,,,400.0,194.37895839134194,0.0,0.0,0.0,0.0,0.0,594.3789583913419,194.37895839134194,0.0,
TUHO,B.06,B.06.2,Third Party Liability,21,fixed_annual_keur,INFLATION,30.0,0.02,1.485947395978355,True,,,,,30.0,14.57842187935065,0.0,0.0,0.0,0.0,0.0,44.57842187935065,14.57842187935065,0.0,
TUHO,B.06,B.06.3,Substation and O&M Building Coverage,21,fixed_annual_keur,INFLATION,20.0,0.02,1.485947395978355,True,,,,,20.0,9.7189479195671,0.0,0.0,0.0,0.0,0.0,29.7189479195671,9.7189479195671,0.0,
TUHO,B.06,B.06.4,Spare parts insurance,21,fixed_annual_keur,INFLATION,10.0,0.02,1.485947395978355,True,,,,,10.0,4.85947395978355,0.0,0.0,0.0,0.0,0.0,14.85947395978355,4.85947395978355,0.0,
TUHO,B.06,B.06.5,Wake effect compensation,21,fixed_annual_keur,INFLATION,8.75,0.02,1.485947395978355,True,,,,,8.75,4.252039714810605,0.0,0.0,0.0,0.0,0.0,13.002039714810605,4.252039714810605,0.0,
TUHO,B.06,B.06.1,Operation All Risk with BI,22,fixed_annual_keur,INFLATION,400.0,0.02,1.5156663438979219,True,,,,,400.0,206.2665375591688,0.0,0.0,0.0,0.0,0.0,606.2665375591688,206.2665375591688,0.0,
TUHO,B.06,B.06.2,Third Party Liability,22,fixed_annual_keur,INFLATION,30.0,0.02,1.5156663438979219,True,,,,,30.0,15.469990316937654,0.0,0.0,0.0,0.0,0.0,45.469990316937654,15.469990316937654,0.0,
TUHO,B.06,B.06.3,Substation and O&M Building Coverage,22,fixed_annual_keur,INFLATION,20.0,0.02,1.5156663438979219,True,,,,,20.0,10.313326877958438,0.0,0.0,0.0,0.0,0.0,30.31332687795844,10.313326877958438,0.0,
TUHO,B.06,B.06.4,Spare parts insurance,22,fixed_annual_keur,INFLATION,10.0,0.02,1.5156663438979219,True,,,,,10.0,5.156663438979219,0.0,0.0,0.0,0.0,0.0,15.15666343897922,5.156663438979219,0.0,
TUHO,B.06,B.06.5,Wake effect compensation,22,fixed_annual_keur,INFLATION,8.75,0.02,1.5156663438979219,True,,,,,8.75,4.512080509106816,0.0,0.0,0.0,0.0,0.0,13.262080509106816,4.512080509106816,0.0,
TUHO,B.06,B.06.1,Operation All Risk with BI,23,fixed_annual_keur,INFLATION,400.0,0.02,1.5459796707758804,True,,,,,400.0,218.39186831035215,0.0,0.0,0.0,0.0,0.0,618.3918683103522,218.39186831035215,0.0,
TUHO,B.06,B.06.2,Third Party Liability,23,fixed_annual_keur,INFLATION,30.0,0.02,1.5459796707758804,True,,,,,30.0,16.37939012327641,0.0,0.0,0.0,0.0,0.0,46.37939012327641,16.37939012327641,0.0,
TUHO,B.06,B.06.3,Substation and O&M Building Coverage,23,fixed_annual_keur,INFLATION,20.0,0.02,1.5459796707758804,True,,,,,20.0,10.919593415517607,0.0,0.0,0.0,0.0,0.0,30.919593415517607,10.919593415517607,0.0,
TUHO,B.06,B.06.4,Spare parts insurance,23,fixed_annual_keur,INFLATION,10.0,0.02,1.5459796707758804,True,,,,,10.0,5.459796707758803,0.0,0.0,0.0,0.0,0.0,15.459796707758803,5.459796707758803,0.0,
TUHO,B.06,B.06.5,Wake effect compensation,23,fixed_annual_keur,INFLATION,8.75,0.02,1.5459796707758804,True,,,,,8.75,4.777322119288954,0.0,0.0,0.0,0.0,0.0,13.527322119288954,4.777322119288954,0.0,
TUHO,B.06,B.06.1,Operation All Risk with BI,24,fixed_annual_keur,INFLATION,400.0,0.02,1.5768992641913981,True,,,,,400.0,230.7597056765593,0.0,0.0,0.0,0.0,0.0,630.7597056765593,230.7597056765593,0.0,
TUHO,B.06,B.06.2,Third Party Liability,24,fixed_annual_keur,INFLATION,30.0,0.02,1.5768992641913981,True,,,,,30.0,17.306977925741947,0.0,0.0,0.0,0.0,0.0,47.30697792574195,17.306977925741947,0.0,
TUHO,B.06,B.06.3,Substation and O&M Building Coverage,24,fixed_annual_keur,INFLATION,20.0,0.02,1.5768992641913981,True,,,,,20.0,11.537985283827965,0.0,0.0,0.0,0.0,0.0,31.537985283827965,11.537985283827965,0.0,
TUHO,B.06,B.06.4,Spare parts insurance,24,fixed_annual_keur,INFLATION,10.0,0.02,1.5768992641913981,True,,,,,10.0,5.768992641913982,0.0,0.0,0.0,0.0,0.0,15.768992641913982,5.768992641913982,0.0,
TUHO,B.06,B.06.5,Wake effect compensation,24,fixed_annual_keur,INFLATION,8.75,0.02,1.5768992641913981,True,,,,,8.75,5.0478685616747345,0.0,0.0,0.0,0.0,0.0,13.797868561674735,5.0478685616747345,0.0,
TUHO,B.06,B.06.1,Operation All Risk with BI,25,fixed_annual_keur,INFLATION,400.0,0.02,1.6084372494752261,True,,,,,400.0,243.37489979009047,0.0,0.0,0.0,0.0,0.0,643.3748997900905,243.37489979009047,0.0,
TUHO,B.06,B.06.2,Third Party Liability,25,fixed_annual_keur,INFLATION,30.0,0.02,1.6084372494752261,True,,,,,30.0,18.253117484256784,0.0,0.0,0.0,0.0,0.0,48.253117484256784,18.253117484256784,0.0,
TUHO,B.06,B.06.3,Substation and O&M Building Coverage,25,fixed_annual_keur,INFLATION,20.0,0.02,1.6084372494752261,True,,,,,20.0,12.168744989504525,0.0,0.0,0.0,0.0,0.0,32.168744989504525,12.168744989504525,0.0,
TUHO,B.06,B.06.4,Spare parts insurance,25,fixed_annual_keur,INFLATION,10.0,0.02,1.6084372494752261,True,,,,,10.0,6.084372494752262,0.0,0.0,0.0,0.0,0.0,16.084372494752262,6.084372494752262,0.0,
TUHO,B.06,B.06.5,Wake effect compensation,25,fixed_annual_keur,INFLATION,8.75,0.02,1.6084372494752261,True,,,,,8.75,5.323825932908228,0.0,0.0,0.0,0.0,0.0,14.073825932908228,5.323825932908228,0.0,
TUHO,B.06,B.06.1,Operation All Risk with BI,26,fixed_annual_keur,INFLATION,400.0,0.02,1.6406059944647307,True,,,,,400.0,256.2423977858923,0.0,0.0,0.0,0.0,0.0,656.2423977858923,256.2423977858923,0.0,
TUHO,B.06,B.06.2,Third Party Liability,26,fixed_annual_keur,INFLATION,30.0,0.02,1.6406059944647307,True,,,,,30.0,19.218179833941917,0.0,0.0,0.0,0.0,0.0,49.21817983394192,19.218179833941917,0.0,
TUHO,B.06,B.06.3,Substation and O&M Building Coverage,26,fixed_annual_keur,INFLATION,20.0,0.02,1.6406059944647307,True,,,,,20.0,12.812119889294614,0.0,0.0,0.0,0.0,0.0,32.812119889294614,12.812119889294614,0.0,
TUHO,B.06,B.06.4,Spare parts insurance,26,fixed_annual_keur,INFLATION,10.0,0.02,1.6406059944647307,True,,,,,10.0,6.406059944647307,0.0,0.0,0.0,0.0,0.0,16.406059944647307,6.406059944647307,0.0,
TUHO,B.06,B.06.5,Wake effect compensation,26,fixed_annual_keur,INFLATION,8.75,0.02,1.6406059944647307,True,,,,,8.75,5.605302451566393,0.0,0.0,0.0,0.0,0.0,14.355302451566393,5.605302451566393,0.0,
TUHO,B.06,B.06.1,Operation All Risk with BI,27,fixed_annual_keur,INFLATION,400.0,0.02,1.6734181143540252,True,,,,,400.0,269.3672457416101,0.0,0.0,0.0,0.0,0.0,669.3672457416101,269.3672457416101,0.0,
TUHO,B.06,B.06.2,Third Party Liability,27,fixed_annual_keur,INFLATION,30.0,0.02,1.6734181143540252,True,,,,,30.0,20.202543430620757,0.0,0.0,0.0,0.0,0.0,50.20254343062076,20.202543430620757,0.0,
TUHO,B.06,B.06.3,Substation and O&M Building Coverage,27,fixed_annual_keur,INFLATION,20.0,0.02,1.6734181143540252,True,,,,,20.0,13.468362287080502,0.0,0.0,0.0,0.0,0.0,33.4683622870805,13.468362287080502,0.0,
TUHO,B.06,B.06.4,Spare parts insurance,27,fixed_annual_keur,INFLATION,10.0,0.02,1.6734181143540252,True,,,,,10.0,6.734181143540251,0.0,0.0,0.0,0.0,0.0,16.73418114354025,6.734181143540251,0.0,
TUHO,B.06,B.06.5,Wake effect compensation,27,fixed_annual_keur,INFLATION,8.75,0.02,1.6734181143540252,True,,,,,8.75,5.892408500597721,0.0,0.0,0.0,0.0,0.0,14.642408500597721,5.892408500597721,0.0,
TUHO,B.06,B.06.1,Operation All Risk with BI,28,fixed_annual_keur,INFLATION,400.0,0.02,1.7068864766411058,True,,,,,400.0,282.75459065644236,0.0,0.0,0.0,0.0,0.0,682.7545906564424,282.75459065644236,0.0,
TUHO,B.06,B.06.2,Third Party Liability,28,fixed_annual_keur,INFLATION,30.0,0.02,1.7068864766411058,True,,,,,30.0,21.206594299233174,0.0,0.0,0.0,0.0,0.0,51.206594299233174,21.206594299233174,0.0,
TUHO,B.06,B.06.3,Substation and O&M Building Coverage,28,fixed_annual_keur,INFLATION,20.0,0.02,1.7068864766411058,True,,,,,20.0,14.137729532822114,0.0,0.0,0.0,0.0,0.0,34.137729532822114,14.137729532822114,0.0,
TUHO,B.06,B.06.4,Spare parts insurance,28,fixed_annual_keur,INFLATION,10.0,0.02,1.7068864766411058,True,,,,,10.0,7.068864766411057,0.0,0.0,0.0,0.0,0.0,17.068864766411057,7.068864766411057,0.0,
TUHO,B.06,B.06.5,Wake effect compensation,28,fixed_annual_keur,INFLATION,8.75,0.02,1.7068864766411058,True,,,,,8.75,6.185256670609675,0.0,0.0,0.0,0.0,0.0,14.935256670609675,6.185256670609675,0.0,
TUHO,B.06,B.06.1,Operation All Risk with BI,29,fixed_annual_keur,INFLATION,400.0,0.02,1.741024206173928,True,,,,,400.0,296.4096824695712,0.0,0.0,0.0,0.0,0.0,696.4096824695712,296.4096824695712,0.0,
TUHO,B.06,B.06.2,Third Party Liability,29,fixed_annual_keur,INFLATION,30.0,0.02,1.741024206173928,True,,,,,30.0,22.23072618521784,0.0,0.0,0.0,0.0,0.0,52.23072618521784,22.23072618521784,0.0,
TUHO,B.06,B.06.3,Substation and O&M Building Coverage,29,fixed_annual_keur,INFLATION,20.0,0.02,1.741024206173928,True,,,,,20.0,14.820484123478565,0.0,0.0,0.0,0.0,0.0,34.820484123478565,14.820484123478565,0.0,
TUHO,B.06,B.06.4,Spare parts insurance,29,fixed_annual_keur,INFLATION,10.0,0.02,1.741024206173928,True,,,,,10.0,7.410242061739282,0.0,0.0,0.0,0.0,0.0,17.410242061739282,7.410242061739282,0.0,
TUHO,B.06,B.06.5,Wake effect compensation,29,fixed_annual_keur,INFLATION,8.75,0.02,1.741024206173928,True,,,,,8.75,6.48396180402187,0.0,0.0,0.0,0.0,0.0,15.23396180402187,6.48396180402187,0.0,
TUHO,B.06,B.06.1,Operation All Risk with BI,30,fixed_annual_keur,INFLATION,400.0,0.02,1.7758446902974065,True,,,,,400.0,310.33787611896264,0.0,0.0,0.0,0.0,0.0,710.3378761189626,310.33787611896264,0.0,
TUHO,B.06,B.06.2,Third Party Liability,30,fixed_annual_keur,INFLATION,30.0,0.02,1.7758446902974065,True,,,,,30.0,23.275340708922194,0.0,0.0,0.0,0.0,0.0,53.275340708922194,23.275340708922194,0.0,
TUHO,B.06,B.06.3,Substation and O&M Building Coverage,30,fixed_annual_keur,INFLATION,20.0,0.02,1.7758446902974065,True,,,,,20.0,15.51689380594813,0.0,0.0,0.0,0.0,0.0,35.51689380594813,15.51689380594813,0.0,
TUHO,B.06,B.06.4,Spare parts insurance,30,fixed_annual_keur,INFLATION,10.0,0.02,1.7758446902974065,True,,,,,10.0,7.758446902974065,0.0,0.0,0.0,0.0,0.0,17.758446902974065,7.758446902974065,0.0,
TUHO,B.06,B.06.5,Wake effect compensation,30,fixed_annual_keur,INFLATION,8.75,0.02,1.7758446902974065,True,,,,,8.75,6.788641040102307,0.0,0.0,0.0,0.0,0.0,15.538641040102307,6.788641040102307,0.0,
TUHO,B.07,B.07.1,Land Leases,1,fixed_annual_keur,INFLATION,200.0,0.02,1.0,True,,,,,200.0,0.0,0.0,0.0,0.0,0.0,0.0,200.0,0.0,0.0,
TUHO,B.07,B.07.2,Property tax,1,fixed_annual_keur,INFLATION,48.88,0.02,1.0,True,,,,,48.88,0.0,0.0,0.0,0.0,0.0,0.0,48.88,0.0,0.0,
TUHO,B.07,B.07.1,Land Leases,2,fixed_annual_keur,INFLATION,200.0,0.02,1.02,True,,,,,200.0,4.0,0.0,0.0,0.0,0.0,0.0,204.0,4.0,0.0,
TUHO,B.07,B.07.2,Property tax,2,fixed_annual_keur,INFLATION,48.88,0.02,1.02,True,,,,,48.88,0.9776000000000025,0.0,0.0,0.0,0.0,0.0,49.857600000000005,0.9776000000000025,0.0,
TUHO,B.07,B.07.1,Land Leases,3,fixed_annual_keur,INFLATION,200.0,0.02,1.0404,True,,,,,200.0,8.079999999999984,0.0,0.0,0.0,0.0,0.0,208.07999999999998,8.079999999999984,0.0,
TUHO,B.07,B.07.2,Property tax,3,fixed_annual_keur,INFLATION,48.88,0.02,1.0404,True,,,,,48.88,1.9747520000000023,0.0,0.0,0.0,0.0,0.0,50.854752000000005,1.9747520000000023,0.0,
TUHO,B.07,B.07.1,Land Leases,4,fixed_annual_keur,INFLATION,200.0,0.02,1.0612080000000002,True,,,,,200.0,12.241600000000034,0.0,0.0,0.0,0.0,0.0,212.24160000000003,12.241600000000034,0.0,
TUHO,B.07,B.07.2,Property tax,4,fixed_annual_keur,INFLATION,48.88,0.02,1.0612080000000002,True,,,,,48.88,2.9918470400000103,0.0,0.0,0.0,0.0,0.0,51.87184704000001,2.9918470400000103,0.0,
TUHO,B.07,B.07.1,Land Leases,5,fixed_annual_keur,INFLATION,200.0,0.02,1.08243216,True,,,,,200.0,16.486432000000008,0.0,0.0,0.0,0.0,0.0,216.486432,16.486432000000008,0.0,
TUHO,B.07,B.07.2,Property tax,5,fixed_annual_keur,INFLATION,48.88,0.02,1.08243216,True,,,,,48.88,4.0292839808000025,0.0,0.0,0.0,0.0,0.0,52.909283980800005,4.0292839808000025,0.0,
TUHO,B.07,B.07.1,Land Leases,6,fixed_annual_keur,INFLATION,200.0,0.02,1.1040808032,True,,,,,200.0,20.816160639999993,0.0,0.0,0.0,0.0,0.0,220.81616064,20.816160639999993,0.0,
TUHO,B.07,B.07.2,Property tax,6,fixed_annual_keur,INFLATION,48.88,0.02,1.1040808032,True,,,,,48.88,5.087469660415998,0.0,0.0,0.0,0.0,0.0,53.967469660416,5.087469660415998,0.0,
TUHO,B.07,B.07.1,Land Leases,7,fixed_annual_keur,INFLATION,200.0,0.02,1.126162419264,True,,,,,200.0,25.232483852800016,0.0,0.0,0.0,0.0,0.0,225.23248385280002,25.232483852800016,0.0,
TUHO,B.07,B.07.2,Property tax,7,fixed_annual_keur,INFLATION,48.88,0.02,1.126162419264,True,,,,,48.88,6.166819053624323,0.0,0.0,0.0,0.0,0.0,55.046819053624326,6.166819053624323,0.0,
TUHO,B.07,B.07.1,Land Leases,8,fixed_annual_keur,INFLATION,200.0,0.02,1.14868566764928,True,,,,,200.0,29.73713352985601,0.0,0.0,0.0,0.0,0.0,229.737133529856,29.73713352985601,0.0,
TUHO,B.07,B.07.2,Property tax,8,fixed_annual_keur,INFLATION,48.88,0.02,1.14868566764928,True,,,,,48.88,7.267755434696809,0.0,0.0,0.0,0.0,0.0,56.14775543469681,7.267755434696809,0.0,
TUHO,B.07,B.07.1,Land Leases,9,fixed_annual_keur,INFLATION,200.0,0.02,1.1716593810022657,True,,,,,200.0,34.33187620045314,0.0,0.0,0.0,0.0,0.0,234.33187620045314,34.33187620045314,0.0,
TUHO,B.07,B.07.2,Property tax,9,fixed_annual_keur,INFLATION,48.88,0.02,1.1716593810022657,True,,,,,48.88,8.390710543390753,0.0,0.0,0.0,0.0,0.0,57.270710543390756,8.390710543390753,0.0,
TUHO,B.07,B.07.1,Land Leases,10,fixed_annual_keur,INFLATION,200.0,0.02,1.195092568622311,True,,,,,200.0,39.018513724462224,0.0,0.0,0.0,0.0,0.0,239.01851372446222,39.018513724462224,0.0,
TUHO,B.07,B.07.2,Property tax,10,fixed_annual_keur,INFLATION,48.88,0.02,1.195092568622311,True,,,,,48.88,9.536124754258566,0.0,0.0,0.0,0.0,0.0,58.41612475425857,9.536124754258566,0.0,
TUHO,B.07,B.07.1,Land Leases,11,fixed_annual_keur,INFLATION,200.0,0.02,1.2189944199947573,True,,,,,200.0,43.79888399895145,0.0,0.0,0.0,0.0,0.0,243.79888399895145,43.79888399895145,0.0,
TUHO,B.07,B.07.2,Property tax,11,fixed_annual_keur,INFLATION,48.88,0.02,1.2189944199947573,True,,,,,48.88,10.704447249343737,0.0,0.0,0.0,0.0,0.0,59.58444724934374,10.704447249343737,0.0,
TUHO,B.07,B.07.1,Land Leases,12,fixed_annual_keur,INFLATION,200.0,0.02,1.2433743083946525,True,,,,,200.0,48.67486167893048,0.0,0.0,0.0,0.0,0.0,248.67486167893048,48.67486167893048,0.0,
TUHO,B.07,B.07.2,Property tax,12,fixed_annual_keur,INFLATION,48.88,0.02,1.2433743083946525,True,,,,,48.88,11.896136194330616,0.0,0.0,0.0,0.0,0.0,60.77613619433062,11.896136194330616,0.0,
TUHO,B.07,B.07.1,Land Leases,13,fixed_annual_keur,INFLATION,200.0,0.02,1.2682417945625455,True,,,,,200.0,53.64835891250911,0.0,0.0,0.0,0.0,0.0,253.6483589125091,53.64835891250911,0.0,
TUHO,B.07,B.07.2,Property tax,13,fixed_annual_keur,INFLATION,48.88,0.02,1.2682417945625455,True,,,,,48.88,13.111658918217223,0.0,0.0,0.0,0.0,0.0,61.991658918217226,13.111658918217223,0.0,
TUHO,B.07,B.07.1,Land Leases,14,fixed_annual_keur,INFLATION,200.0,0.02,1.2936066304537965,True,,,,,200.0,58.721326090759305,0.0,0.0,0.0,0.0,0.0,258.7213260907593,58.721326090759305,0.0,
TUHO,B.07,B.07.2,Property tax,14,fixed_annual_keur,INFLATION,48.88,0.02,1.2936066304537965,True,,,,,48.88,14.351492096581573,0.0,0.0,0.0,0.0,0.0,63.231492096581576,14.351492096581573,0.0,
TUHO,B.07,B.07.1,Land Leases,15,fixed_annual_keur,INFLATION,200.0,0.02,1.3194787630628724,True,,,,,200.0,63.89575261257448,0.0,0.0,0.0,0.0,0.0,263.8957526125745,63.89575261257448,0.0,
TUHO,B.07,B.07.2,Property tax,15,fixed_annual_keur,INFLATION,48.88,0.02,1.3194787630628724,True,,,,,48.88,15.616121938513196,0.0,0.0,0.0,0.0,0.0,64.4961219385132,15.616121938513196,0.0,
TUHO,B.07,B.07.1,Land Leases,16,fixed_annual_keur,INFLATION,200.0,0.02,1.3458683383241299,True,,,,,200.0,69.17366766482598,0.0,0.0,0.0,0.0,0.0,269.173667664826,69.17366766482598,0.0,
TUHO,B.07,B.07.2,Property tax,16,fixed_annual_keur,INFLATION,48.88,0.02,1.3458683383241299,True,,,,,48.88,16.90604437728347,0.0,0.0,0.0,0.0,0.0,65.78604437728347,16.90604437728347,0.0,
TUHO,B.07,B.07.1,Land Leases,17,fixed_annual_keur,INFLATION,200.0,0.02,1.3727857050906125,True,,,,,200.0,74.55714101812248,0.0,0.0,0.0,0.0,0.0,274.5571410181225,74.55714101812248,0.0,
TUHO,B.07,B.07.2,Property tax,17,fixed_annual_keur,INFLATION,48.88,0.02,1.3727857050906125,True,,,,,48.88,18.221765264829138,0.0,0.0,0.0,0.0,0.0,67.10176526482914,18.221765264829138,0.0,
TUHO,B.07,B.07.1,Land Leases,18,fixed_annual_keur,INFLATION,200.0,0.02,1.4002414191924248,True,,,,,200.0,80.04828383848496,0.0,0.0,0.0,0.0,0.0,280.04828383848496,80.04828383848496,0.0,
TUHO,B.07,B.07.2,Property tax,18,fixed_annual_keur,INFLATION,48.88,0.02,1.4002414191924248,True,,,,,48.88,19.56380057012573,0.0,0.0,0.0,0.0,0.0,68.44380057012573,19.56380057012573,0.0,
TUHO,B.07,B.07.1,Land Leases,19,fixed_annual_keur,INFLATION,200.0,0.02,1.4282462475762734,True,,,,,200.0,85.64924951525467,0.0,0.0,0.0,0.0,0.0,285.64924951525467,85.64924951525467,0.0,
TUHO,B.07,B.07.2,Property tax,19,fixed_annual_keur,INFLATION,48.88,0.02,1.4282462475762734,True,,,,,48.88,20.93267658152825,0.0,0.0,0.0,0.0,0.0,69.81267658152825,20.93267658152825,0.0,
TUHO,B.07,B.07.1,Land Leases,20,fixed_annual_keur,INFLATION,200.0,0.02,1.4568111725277988,True,,,,,200.0,91.36223450555974,0.0,0.0,0.0,0.0,0.0,291.36223450555974,91.36223450555974,0.0,
TUHO,B.07,B.07.2,Property tax,20,fixed_annual_keur,INFLATION,48.88,0.02,1.4568111725277988,True,,,,,48.88,22.328930113158812,0.0,0.0,0.0,0.0,0.0,71.20893011315881,22.328930113158812,0.0,
TUHO,B.07,B.07.1,Land Leases,21,fixed_annual_keur,INFLATION,200.0,0.02,1.485947395978355,True,,,,,200.0,97.18947919567097,0.0,0.0,0.0,0.0,0.0,297.18947919567097,97.18947919567097,0.0,
TUHO,B.07,B.07.2,Property tax,21,fixed_annual_keur,INFLATION,48.88,0.02,1.485947395978355,True,,,,,48.88,23.753108715421995,0.0,0.0,0.0,0.0,0.0,72.633108715422,23.753108715421995,0.0,
TUHO,B.07,B.07.1,Land Leases,22,fixed_annual_keur,INFLATION,200.0,0.02,1.5156663438979219,True,,,,,200.0,103.1332687795844,0.0,0.0,0.0,0.0,0.0,303.1332687795844,103.1332687795844,0.0,
TUHO,B.07,B.07.2,Property tax,22,fixed_annual_keur,INFLATION,48.88,0.02,1.5156663438979219,True,,,,,48.88,25.205770889730424,0.0,0.0,0.0,0.0,0.0,74.08577088973043,25.205770889730424,0.0,
TUHO,B.07,B.07.1,Land Leases,23,fixed_annual_keur,INFLATION,200.0,0.02,1.5459796707758804,True,,,,,200.0,109.19593415517608,0.0,0.0,0.0,0.0,0.0,309.1959341551761,109.19593415517608,0.0,
TUHO,B.07,B.07.2,Property tax,23,fixed_annual_keur,INFLATION,48.88,0.02,1.5459796707758804,True,,,,,48.88,26.68748630752504,0.0,0.0,0.0,0.0,0.0,75.56748630752504,26.68748630752504,0.0,
TUHO,B.07,B.07.1,Land Leases,24,fixed_annual_keur,INFLATION,200.0,0.02,1.5768992641913981,True,,,,,200.0,115.37985283827965,0.0,0.0,0.0,0.0,0.0,315.37985283827965,115.37985283827965,0.0,
TUHO,B.07,B.07.2,Property tax,24,fixed_annual_keur,INFLATION,48.88,0.02,1.5768992641913981,True,,,,,48.88,28.19883603367554,0.0,0.0,0.0,0.0,0.0,77.07883603367554,28.19883603367554,0.0,
TUHO,B.07,B.07.1,Land Leases,25,fixed_annual_keur,INFLATION,200.0,0.02,1.6084372494752261,True,,,,,200.0,121.68744989504523,0.0,0.0,0.0,0.0,0.0,321.68744989504523,121.68744989504523,0.0,
TUHO,B.07,B.07.2,Property tax,25,fixed_annual_keur,INFLATION,48.88,0.02,1.6084372494752261,True,,,,,48.88,29.74041275434906,0.0,0.0,0.0,0.0,0.0,78.62041275434906,29.74041275434906,0.0,
TUHO,B.07,B.07.1,Land Leases,26,fixed_annual_keur,INFLATION,200.0,0.02,1.6406059944647307,True,,,,,200.0,128.12119889294615,0.0,0.0,0.0,0.0,0.0,328.12119889294615,128.12119889294615,0.0,
TUHO,B.07,B.07.2,Property tax,26,fixed_annual_keur,INFLATION,48.88,0.02,1.6406059944647307,True,,,,,48.88,31.312821009436043,0.0,0.0,0.0,0.0,0.0,80.19282100943605,31.312821009436043,0.0,
TUHO,B.07,B.07.1,Land Leases,27,fixed_annual_keur,INFLATION,200.0,0.02,1.6734181143540252,True,,,,,200.0,134.68362287080504,0.0,0.0,0.0,0.0,0.0,334.68362287080504,134.68362287080504,0.0,
TUHO,B.07,B.07.2,Property tax,27,fixed_annual_keur,INFLATION,48.88,0.02,1.6734181143540252,True,,,,,48.88,32.91667742962475,0.0,0.0,0.0,0.0,0.0,81.79667742962475,32.91667742962475,0.0,
TUHO,B.07,B.07.1,Land Leases,28,fixed_annual_keur,INFLATION,200.0,0.02,1.7068864766411058,True,,,,,200.0,141.37729532822118,0.0,0.0,0.0,0.0,0.0,341.3772953282212,141.37729532822118,0.0,
TUHO,B.07,B.07.2,Property tax,28,fixed_annual_keur,INFLATION,48.88,0.02,1.7068864766411058,True,,,,,48.88,34.55261097821725,0.0,0.0,0.0,0.0,0.0,83.43261097821726,34.55261097821725,0.0,
TUHO,B.07,B.07.1,Land Leases,29,fixed_annual_keur,INFLATION,200.0,0.02,1.741024206173928,True,,,,,200.0,148.2048412347856,0.0,0.0,0.0,0.0,0.0,348.2048412347856,148.2048412347856,0.0,
TUHO,B.07,B.07.2,Property tax,29,fixed_annual_keur,INFLATION,48.88,0.02,1.741024206173928,True,,,,,48.88,36.2212631977816,0.0,0.0,0.0,0.0,0.0,85.1012631977816,36.2212631977816,0.0,
TUHO,B.07,B.07.1,Land Leases,30,fixed_annual_keur,INFLATION,200.0,0.02,1.7758446902974065,True,,,,,200.0,155.16893805948132,0.0,0.0,0.0,0.0,0.0,355.1689380594813,155.16893805948132,0.0,
TUHO,B.07,B.07.2,Property tax,30,fixed_annual_keur,INFLATION,48.88,0.02,1.7758446902974065,True,,,,,48.88,37.923288461737236,0.0,0.0,0.0,0.0,0.0,86.80328846173724,37.923288461737236,0.0,
TUHO,B.08,B.08.1,Power consumption,1,fixed_annual_keur,INFLATION,50.0,0.02,1.0,True,,,,,50.0,0.0,0.0,0.0,0.0,0.0,0.0,50.0,0.0,0.0,
TUHO,B.08,B.08.2,Grid usage fee,1,fixed_annual_keur,INFLATION,30.0,0.02,1.0,True,,,,,30.0,0.0,0.0,0.0,0.0,0.0,0.0,30.0,0.0,0.0,
TUHO,B.08,B.08.3,Balancing costs,1,fixed_annual_keur,INFLATION,13.72,0.02,1.0,True,,,,,13.72,0.0,0.0,0.0,0.0,0.0,0.0,13.72,0.0,0.0,
TUHO,B.08,B.08.1,Power consumption,2,fixed_annual_keur,INFLATION,50.0,0.02,1.02,True,,,,,50.0,1.0,0.0,0.0,0.0,0.0,0.0,51.0,1.0,0.0,
TUHO,B.08,B.08.2,Grid usage fee,2,fixed_annual_keur,INFLATION,30.0,0.02,1.02,True,,,,,30.0,0.6000000000000014,0.0,0.0,0.0,0.0,0.0,30.6,0.6000000000000014,0.0,
TUHO,B.08,B.08.3,Balancing costs,2,fixed_annual_keur,INFLATION,13.72,0.02,1.02,True,,,,,13.72,0.2744,0.0,0.0,0.0,0.0,0.0,13.9944,0.2744,0.0,
TUHO,B.08,B.08.1,Power consumption,3,fixed_annual_keur,INFLATION,50.0,0.02,1.0404,True,,,,,50.0,2.019999999999996,0.0,0.0,0.0,0.0,0.0,52.019999999999996,2.019999999999996,0.0,
TUHO,B.08,B.08.2,Grid usage fee,3,fixed_annual_keur,INFLATION,30.0,0.02,1.0404,True,,,,,30.0,1.2119999999999997,0.0,0.0,0.0,0.0,0.0,31.212,1.2119999999999997,0.0,
TUHO,B.08,B.08.3,Balancing costs,3,fixed_annual_keur,INFLATION,13.72,0.02,1.0404,True,,,,,13.72,0.5542879999999997,0.0,0.0,0.0,0.0,0.0,14.274288,0.5542879999999997,0.0,
TUHO,B.08,B.08.1,Power consumption,4,fixed_annual_keur,INFLATION,50.0,0.02,1.0612080000000002,True,,,,,50.0,3.0604000000000084,0.0,0.0,0.0,0.0,0.0,53.06040000000001,3.0604000000000084,0.0,
TUHO,B.08,B.08.2,Grid usage fee,4,fixed_annual_keur,INFLATION,30.0,0.02,1.0612080000000002,True,,,,,30.0,1.8362400000000036,0.0,0.0,0.0,0.0,0.0,31.836240000000004,1.8362400000000036,0.0,
TUHO,B.08,B.08.3,Balancing costs,4,fixed_annual_keur,INFLATION,13.72,0.02,1.0612080000000002,True,,,,,13.72,0.8397737600000017,0.0,0.0,0.0,0.0,0.0,14.559773760000002,0.8397737600000017,0.0,
TUHO,B.08,B.08.1,Power consumption,5,fixed_annual_keur,INFLATION,50.0,0.02,1.08243216,True,,,,,50.0,4.121608000000002,0.0,0.0,0.0,0.0,0.0,54.121608,4.121608000000002,0.0,
TUHO,B.08,B.08.2,Grid usage fee,5,fixed_annual_keur,INFLATION,30.0,0.02,1.08243216,True,,,,,30.0,2.4729647999999997,0.0,0.0,0.0,0.0,0.0,32.4729648,2.4729647999999997,0.0,
TUHO,B.08,B.08.3,Balancing costs,5,fixed_annual_keur,INFLATION,13.72,0.02,1.08243216,True,,,,,13.72,1.1309692352000003,0.0,0.0,0.0,0.0,0.0,14.850969235200001,1.1309692352000003,0.0,
TUHO,B.08,B.08.1,Power consumption,6,fixed_annual_keur,INFLATION,50.0,0.02,1.1040808032,True,,,,,50.0,5.204040159999998,0.0,0.0,0.0,0.0,0.0,55.20404016,5.204040159999998,0.0,
TUHO,B.08,B.08.2,Grid usage fee,6,fixed_annual_keur,INFLATION,30.0,0.02,1.1040808032,True,,,,,30.0,3.122424096000003,0.0,0.0,0.0,0.0,0.0,33.122424096,3.122424096000003,0.0,
TUHO,B.08,B.08.3,Balancing costs,6,fixed_annual_keur,INFLATION,13.72,0.02,1.1040808032,True,,,,,13.72,1.427988619904001,0.0,0.0,0.0,0.0,0.0,15.147988619904002,1.427988619904001,0.0,
TUHO,B.08,B.08.1,Power consumption,7,fixed_annual_keur,INFLATION,50.0,0.02,1.126162419264,True,,,,,50.0,6.308120963200004,0.0,0.0,0.0,0.0,0.0,56.308120963200004,6.308120963200004,0.0,
TUHO,B.08,B.08.2,Grid usage fee,7,fixed_annual_keur,INFLATION,30.0,0.02,1.126162419264,True,,,,,30.0,3.784872577920005,0.0,0.0,0.0,0.0,0.0,33.784872577920005,3.784872577920005,0.0,
TUHO,B.08,B.08.3,Balancing costs,7,fixed_annual_keur,INFLATION,13.72,0.02,1.126162419264,True,,,,,13.72,1.7309483923020803,0.0,0.0,0.0,0.0,0.0,15.450948392302081,1.7309483923020803,0.0,
TUHO,B.08,B.08.1,Power consumption,8,fixed_annual_keur,INFLATION,50.0,0.02,1.14868566764928,True,,,,,50.0,7.434283382464002,0.0,0.0,0.0,0.0,0.0,57.434283382464,7.434283382464002,0.0,
TUHO,B.08,B.08.2,Grid usage fee,8,fixed_annual_keur,INFLATION,30.0,0.02,1.14868566764928,True,,,,,30.0,4.460570029478404,0.0,0.0,0.0,0.0,0.0,34.460570029478404,4.460570029478404,0.0,
TUHO,B.08,B.08.3,Balancing costs,8,fixed_annual_keur,INFLATION,13.72,0.02,1.14868566764928,True,,,,,13.72,2.039967360148122,0.0,0.0,0.0,0.0,0.0,15.759967360148122,2.039967360148122,0.0,
TUHO,B.08,B.08.1,Power consumption,9,fixed_annual_keur,INFLATION,50.0,0.02,1.1716593810022657,True,,,,,50.0,8.582969050113284,0.0,0.0,0.0,0.0,0.0,58.582969050113284,8.582969050113284,0.0,
TUHO,B.08,B.08.2,Grid usage fee,9,fixed_annual_keur,INFLATION,30.0,0.02,1.1716593810022657,True,,,,,30.0,5.149781430067975,0.0,0.0,0.0,0.0,0.0,35.149781430067975,5.149781430067975,0.0,
TUHO,B.08,B.08.3,Balancing costs,9,fixed_annual_keur,INFLATION,13.72,0.02,1.1716593810022657,True,,,,,13.72,2.3551667073510867,0.0,0.0,0.0,0.0,0.0,16.075166707351087,2.3551667073510867,0.0,
TUHO,B.08,B.08.1,Power consumption,10,fixed_annual_keur,INFLATION,50.0,0.02,1.195092568622311,True,,,,,50.0,9.754628431115556,0.0,0.0,0.0,0.0,0.0,59.754628431115556,9.754628431115556,0.0,
TUHO,B.08,B.08.2,Grid usage fee,10,fixed_annual_keur,INFLATION,30.0,0.02,1.195092568622311,True,,,,,30.0,5.852777058669332,0.0,0.0,0.0,0.0,0.0,35.85277705866933,5.852777058669332,0.0,
TUHO,B.08,B.08.3,Balancing costs,10,fixed_annual_keur,INFLATION,13.72,0.02,1.195092568622311,True,,,,,13.72,2.6766700414981077,0.0,0.0,0.0,0.0,0.0,16.39667004149811,2.6766700414981077,0.0,
TUHO,B.08,B.08.1,Power consumption,11,fixed_annual_keur,INFLATION,50.0,0.02,1.2189944199947573,True,,,,,50.0,10.949720999737863,0.0,0.0,0.0,0.0,0.0,60.94972099973786,10.949720999737863,0.0,
TUHO,B.08,B.08.2,Grid usage fee,11,fixed_annual_keur,INFLATION,30.0,0.02,1.2189944199947573,True,,,,,30.0,6.569832599842719,0.0,0.0,0.0,0.0,0.0,36.56983259984272,6.569832599842719,0.0,
TUHO,B.08,B.08.3,Balancing costs,11,fixed_annual_keur,INFLATION,13.72,0.02,1.2189944199947573,True,,,,,13.72,3.0046034423280705,0.0,0.0,0.0,0.0,0.0,16.72460344232807,3.0046034423280705,0.0,
TUHO,B.08,B.08.1,Power consumption,12,fixed_annual_keur,INFLATION,50.0,0.02,1.2433743083946525,True,,,,,50.0,12.16871541973262,0.0,0.0,0.0,0.0,0.0,62.16871541973262,12.16871541973262,0.0,
TUHO,B.08,B.08.2,Grid usage fee,12,fixed_annual_keur,INFLATION,30.0,0.02,1.2433743083946525,True,,,,,30.0,7.3012292518395725,0.0,0.0,0.0,0.0,0.0,37.30122925183957,7.3012292518395725,0.0,
TUHO,B.08,B.08.3,Balancing costs,12,fixed_annual_keur,INFLATION,13.72,0.02,1.2433743083946525,True,,,,,13.72,3.339095511174632,0.0,0.0,0.0,0.0,0.0,17.059095511174633,3.339095511174632,0.0,
TUHO,B.08,B.08.1,Power consumption,13,fixed_annual_keur,INFLATION,50.0,0.02,1.2682417945625455,True,,,,,50.0,13.412089728127278,0.0,0.0,0.0,0.0,0.0,63.41208972812728,13.412089728127278,0.0,
TUHO,B.08,B.08.2,Grid usage fee,13,fixed_annual_keur,INFLATION,30.0,0.02,1.2682417945625455,True,,,,,30.0,8.047253836876365,0.0,0.0,0.0,0.0,0.0,38.047253836876365,8.047253836876365,0.0,
TUHO,B.08,B.08.3,Balancing costs,13,fixed_annual_keur,INFLATION,13.72,0.02,1.2682417945625455,True,,,,,13.72,3.6802774213981255,0.0,0.0,0.0,0.0,0.0,17.400277421398126,3.6802774213981255,0.0,
TUHO,B.08,B.08.1,Power consumption,14,fixed_annual_keur,INFLATION,50.0,0.02,1.2936066304537965,True,,,,,50.0,14.680331522689826,0.0,0.0,0.0,0.0,0.0,64.68033152268983,14.680331522689826,0.0,
TUHO,B.08,B.08.2,Grid usage fee,14,fixed_annual_keur,INFLATION,30.0,0.02,1.2936066304537965,True,,,,,30.0,8.808198913613893,0.0,0.0,0.0,0.0,0.0,38.80819891361389,8.808198913613893,0.0,
TUHO,B.08,B.08.3,Balancing costs,14,fixed_annual_keur,INFLATION,13.72,0.02,1.2936066304537965,True,,,,,13.72,4.028282969826089,0.0,0.0,0.0,0.0,0.0,17.74828296982609,4.028282969826089,0.0,
TUHO,B.08,B.08.1,Power consumption,15,fixed_annual_keur,INFLATION,50.0,0.02,1.3194787630628724,True,,,,,50.0,15.97393815314362,0.0,0.0,0.0,0.0,0.0,65.97393815314362,15.97393815314362,0.0,
TUHO,B.08,B.08.2,Grid usage fee,15,fixed_annual_keur,INFLATION,30.0,0.02,1.3194787630628724,True,,,,,30.0,9.584362891886173,0.0,0.0,0.0,0.0,0.0,39.58436289188617,9.584362891886173,0.0,
TUHO,B.08,B.08.3,Balancing costs,15,fixed_annual_keur,INFLATION,13.72,0.02,1.3194787630628724,True,,,,,13.72,4.383248629222608,0.0,0.0,0.0,0.0,0.0,18.10324862922261,4.383248629222608,0.0,
TUHO,B.08,B.08.1,Power consumption,16,fixed_annual_keur,INFLATION,50.0,0.02,1.3458683383241299,True,,,,,50.0,17.293416916206496,0.0,0.0,0.0,0.0,0.0,67.2934169162065,17.293416916206496,0.0,
TUHO,B.08,B.08.2,Grid usage fee,16,fixed_annual_keur,INFLATION,30.0,0.02,1.3458683383241299,True,,,,,30.0,10.376050149723895,0.0,0.0,0.0,0.0,0.0,40.376050149723895,10.376050149723895,0.0,
TUHO,B.08,B.08.3,Balancing costs,16,fixed_annual_keur,INFLATION,13.72,0.02,1.3458683383241299,True,,,,,13.72,4.7453136018070605,0.0,0.0,0.0,0.0,0.0,18.46531360180706,4.7453136018070605,0.0,
TUHO,B.08,B.08.1,Power consumption,17,fixed_annual_keur,INFLATION,50.0,0.02,1.3727857050906125,True,,,,,50.0,18.63928525453062,0.0,0.0,0.0,0.0,0.0,68.63928525453062,18.63928525453062,0.0,
TUHO,B.08,B.08.2,Grid usage fee,17,fixed_annual_keur,INFLATION,30.0,0.02,1.3727857050906125,True,,,,,30.0,11.183571152718372,0.0,0.0,0.0,0.0,0.0,41.18357115271837,11.183571152718372,0.0,
TUHO,B.08,B.08.3,Balancing costs,17,fixed_annual_keur,INFLATION,13.72,0.02,1.3727857050906125,True,,,,,13.72,5.114619873843205,0.0,0.0,0.0,0.0,0.0,18.834619873843206,5.114619873843205,0.0,
TUHO,B.08,B.08.1,Power consumption,18,fixed_annual_keur,INFLATION,50.0,0.02,1.4002414191924248,True,,,,,50.0,20.01207095962124,0.0,0.0,0.0,0.0,0.0,70.01207095962124,20.01207095962124,0.0,
TUHO,B.08,B.08.2,Grid usage fee,18,fixed_annual_keur,INFLATION,30.0,0.02,1.4002414191924248,True,,,,,30.0,12.007242575772743,0.0,0.0,0.0,0.0,0.0,42.00724257577274,12.007242575772743,0.0,
TUHO,B.08,B.08.3,Balancing costs,18,fixed_annual_keur,INFLATION,13.72,0.02,1.4002414191924248,True,,,,,13.72,5.4913122713200675,0.0,0.0,0.0,0.0,0.0,19.211312271320068,5.4913122713200675,0.0,
TUHO,B.08,B.08.1,Power consumption,19,fixed_annual_keur,INFLATION,50.0,0.02,1.4282462475762734,True,,,,,50.0,21.412312378813667,0.0,0.0,0.0,0.0,0.0,71.41231237881367,21.412312378813667,0.0,
TUHO,B.08,B.08.2,Grid usage fee,19,fixed_annual_keur,INFLATION,30.0,0.02,1.4282462475762734,True,,,,,30.0,12.847387427288204,0.0,0.0,0.0,0.0,0.0,42.847387427288204,12.847387427288204,0.0,
TUHO,B.08,B.08.3,Balancing costs,19,fixed_annual_keur,INFLATION,13.72,0.02,1.4282462475762734,True,,,,,13.72,5.875538516746472,0.0,0.0,0.0,0.0,0.0,19.595538516746473,5.875538516746472,0.0,
TUHO,B.08,B.08.1,Power consumption,20,fixed_annual_keur,INFLATION,50.0,0.02,1.4568111725277988,True,,,,,50.0,22.840558626389935,0.0,0.0,0.0,0.0,0.0,72.84055862638994,22.840558626389935,0.0,
TUHO,B.08,B.08.2,Grid usage fee,20,fixed_annual_keur,INFLATION,30.0,0.02,1.4568111725277988,True,,,,,30.0,13.704335175833961,0.0,0.0,0.0,0.0,0.0,43.70433517583396,13.704335175833961,0.0,
TUHO,B.08,B.08.3,Balancing costs,20,fixed_annual_keur,INFLATION,13.72,0.02,1.4568111725277988,True,,,,,13.72,6.2674492870814,0.0,0.0,0.0,0.0,0.0,19.9874492870814,6.2674492870814,0.0,
TUHO,B.08,B.08.1,Power consumption,21,fixed_annual_keur,INFLATION,50.0,0.02,1.485947395978355,True,,,,,50.0,24.297369798917742,0.0,0.0,0.0,0.0,0.0,74.29736979891774,24.297369798917742,0.0,
TUHO,B.08,B.08.2,Grid usage fee,21,fixed_annual_keur,INFLATION,30.0,0.02,1.485947395978355,True,,,,,30.0,14.57842187935065,0.0,0.0,0.0,0.0,0.0,44.57842187935065,14.57842187935065,0.0,
TUHO,B.08,B.08.3,Balancing costs,21,fixed_annual_keur,INFLATION,13.72,0.02,1.485947395978355,True,,,,,13.72,6.667198272823031,0.0,0.0,0.0,0.0,0.0,20.38719827282303,6.667198272823031,0.0,
TUHO,B.08,B.08.1,Power consumption,22,fixed_annual_keur,INFLATION,50.0,0.02,1.5156663438979219,True,,,,,50.0,25.7833171948961,0.0,0.0,0.0,0.0,0.0,75.7833171948961,25.7833171948961,0.0,
TUHO,B.08,B.08.2,Grid usage fee,22,fixed_annual_keur,INFLATION,30.0,0.02,1.5156663438979219,True,,,,,30.0,15.469990316937654,0.0,0.0,0.0,0.0,0.0,45.469990316937654,15.469990316937654,0.0,
TUHO,B.08,B.08.3,Balancing costs,22,fixed_annual_keur,INFLATION,13.72,0.02,1.5156663438979219,True,,,,,13.72,7.074942238279489,0.0,0.0,0.0,0.0,0.0,20.79494223827949,7.074942238279489,0.0,
TUHO,B.08,B.08.1,Power consumption,23,fixed_annual_keur,INFLATION,50.0,0.02,1.5459796707758804,True,,,,,50.0,27.29898353879402,0.0,0.0,0.0,0.0,0.0,77.29898353879402,27.29898353879402,0.0,
TUHO,B.08,B.08.2,Grid usage fee,23,fixed_annual_keur,INFLATION,30.0,0.02,1.5459796707758804,True,,,,,30.0,16.37939012327641,0.0,0.0,0.0,0.0,0.0,46.37939012327641,16.37939012327641,0.0,
TUHO,B.08,B.08.3,Balancing costs,23,fixed_annual_keur,INFLATION,13.72,0.02,1.5459796707758804,True,,,,,13.72,7.490841083045078,0.0,0.0,0.0,0.0,0.0,21.21084108304508,7.490841083045078,0.0,
TUHO,B.08,B.08.1,Power consumption,24,fixed_annual_keur,INFLATION,50.0,0.02,1.5768992641913981,True,,,,,50.0,28.84496320956991,0.0,0.0,0.0,0.0,0.0,78.84496320956991,28.84496320956991,0.0,
TUHO,B.08,B.08.2,Grid usage fee,24,fixed_annual_keur,INFLATION,30.0,0.02,1.5768992641913981,True,,,,,30.0,17.306977925741947,0.0,0.0,0.0,0.0,0.0,47.30697792574195,17.306977925741947,0.0,
TUHO,B.08,B.08.3,Balancing costs,24,fixed_annual_keur,INFLATION,13.72,0.02,1.5768992641913981,True,,,,,13.72,7.915057904705984,0.0,0.0,0.0,0.0,0.0,21.635057904705985,7.915057904705984,0.0,
TUHO,B.08,B.08.1,Power consumption,25,fixed_annual_keur,INFLATION,50.0,0.02,1.6084372494752261,True,,,,,50.0,30.42186247376131,0.0,0.0,0.0,0.0,0.0,80.42186247376131,30.42186247376131,0.0,
TUHO,B.08,B.08.2,Grid usage fee,25,fixed_annual_keur,INFLATION,30.0,0.02,1.6084372494752261,True,,,,,30.0,18.253117484256784,0.0,0.0,0.0,0.0,0.0,48.253117484256784,18.253117484256784,0.0,
TUHO,B.08,B.08.3,Balancing costs,25,fixed_annual_keur,INFLATION,13.72,0.02,1.6084372494752261,True,,,,,13.72,8.347759062800103,0.0,0.0,0.0,0.0,0.0,22.067759062800103,8.347759062800103,0.0,
TUHO,B.08,B.08.1,Power consumption,26,fixed_annual_keur,INFLATION,50.0,0.02,1.6406059944647307,True,,,,,50.0,32.03029972323654,0.0,0.0,0.0,0.0,0.0,82.03029972323654,32.03029972323654,0.0,
TUHO,B.08,B.08.2,Grid usage fee,26,fixed_annual_keur,INFLATION,30.0,0.02,1.6406059944647307,True,,,,,30.0,19.218179833941917,0.0,0.0,0.0,0.0,0.0,49.21817983394192,19.218179833941917,0.0,
TUHO,B.08,B.08.3,Balancing costs,26,fixed_annual_keur,INFLATION,13.72,0.02,1.6406059944647307,True,,,,,13.72,8.789114244056107,0.0,0.0,0.0,0.0,0.0,22.509114244056107,8.789114244056107,0.0,
TUHO,B.08,B.08.1,Power consumption,27,fixed_annual_keur,INFLATION,50.0,0.02,1.6734181143540252,True,,,,,50.0,33.67090571770126,0.0,0.0,0.0,0.0,0.0,83.67090571770126,33.67090571770126,0.0,
TUHO,B.08,B.08.2,Grid usage fee,27,fixed_annual_keur,INFLATION,30.0,0.02,1.6734181143540252,True,,,,,30.0,20.202543430620757,0.0,0.0,0.0,0.0,0.0,50.20254343062076,20.202543430620757,0.0,
TUHO,B.08,B.08.3,Balancing costs,27,fixed_annual_keur,INFLATION,13.72,0.02,1.6734181143540252,True,,,,,13.72,9.239296528937226,0.0,0.0,0.0,0.0,0.0,22.959296528937227,9.239296528937226,0.0,
TUHO,B.08,B.08.1,Power consumption,28,fixed_annual_keur,INFLATION,50.0,0.02,1.7068864766411058,True,,,,,50.0,35.344323832055295,0.0,0.0,0.0,0.0,0.0,85.3443238320553,35.344323832055295,0.0,
TUHO,B.08,B.08.2,Grid usage fee,28,fixed_annual_keur,INFLATION,30.0,0.02,1.7068864766411058,True,,,,,30.0,21.206594299233174,0.0,0.0,0.0,0.0,0.0,51.206594299233174,21.206594299233174,0.0,
TUHO,B.08,B.08.3,Balancing costs,28,fixed_annual_keur,INFLATION,13.72,0.02,1.7068864766411058,True,,,,,13.72,9.698482459515974,0.0,0.0,0.0,0.0,0.0,23.418482459515975,9.698482459515974,0.0,
TUHO,B.08,B.08.1,Power consumption,29,fixed_annual_keur,INFLATION,50.0,0.02,1.741024206173928,True,,,,,50.0,37.0512103086964,0.0,0.0,0.0,0.0,0.0,87.0512103086964,37.0512103086964,0.0,
TUHO,B.08,B.08.2,Grid usage fee,29,fixed_annual_keur,INFLATION,30.0,0.02,1.741024206173928,True,,,,,30.0,22.23072618521784,0.0,0.0,0.0,0.0,0.0,52.23072618521784,22.23072618521784,0.0,
TUHO,B.08,B.08.3,Balancing costs,29,fixed_annual_keur,INFLATION,13.72,0.02,1.741024206173928,True,,,,,13.72,10.166852108706292,0.0,0.0,0.0,0.0,0.0,23.886852108706293,10.166852108706292,0.0,
TUHO,B.08,B.08.1,Power consumption,30,fixed_annual_keur,INFLATION,50.0,0.02,1.7758446902974065,True,,,,,50.0,38.79223451487033,0.0,0.0,0.0,0.0,0.0,88.79223451487033,38.79223451487033,0.0,
TUHO,B.08,B.08.2,Grid usage fee,30,fixed_annual_keur,INFLATION,30.0,0.02,1.7758446902974065,True,,,,,30.0,23.275340708922194,0.0,0.0,0.0,0.0,0.0,53.275340708922194,23.275340708922194,0.0,
TUHO,B.08,B.08.3,Balancing costs,30,fixed_annual_keur,INFLATION,13.72,0.02,1.7758446902974065,True,,,,,13.72,10.64458915088042,0.0,0.0,0.0,0.0,0.0,24.36458915088042,10.64458915088042,0.0,
TUHO,B.09,B.09.1,Reporting Data,1,fixed_annual_keur,ZERO_LINE,0.0,0.0,1.0,True,,,,,0.0,0.0,0.0,0.0,0.0,0.0,0.0,0.0,0.0,0.0,
TUHO,B.09,B.09.2,Telecom Connection,1,fixed_annual_keur,ZERO_LINE,0.0,0.0,1.0,True,,,,,0.0,0.0,0.0,0.0,0.0,0.0,0.0,0.0,0.0,0.0,
TUHO,B.09,B.09.1,Reporting Data,2,fixed_annual_keur,ZERO_LINE,0.0,0.0,1.0,True,,,,,0.0,0.0,0.0,0.0,0.0,0.0,0.0,0.0,0.0,0.0,
TUHO,B.09,B.09.2,Telecom Connection,2,fixed_annual_keur,ZERO_LINE,0.0,0.0,1.0,True,,,,,0.0,0.0,0.0,0.0,0.0,0.0,0.0,0.0,0.0,0.0,
TUHO,B.09,B.09.1,Reporting Data,3,fixed_annual_keur,ZERO_LINE,0.0,0.0,1.0,True,,,,,0.0,0.0,0.0,0.0,0.0,0.0,0.0,0.0,0.0,0.0,
TUHO,B.09,B.09.2,Telecom Connection,3,fixed_annual_keur,ZERO_LINE,0.0,0.0,1.0,True,,,,,0.0,0.0,0.0,0.0,0.0,0.0,0.0,0.0,0.0,0.0,
TUHO,B.09,B.09.1,Reporting Data,4,fixed_annual_keur,ZERO_LINE,0.0,0.0,1.0,True,,,,,0.0,0.0,0.0,0.0,0.0,0.0,0.0,0.0,0.0,0.0,
TUHO,B.09,B.09.2,Telecom Connection,4,fixed_annual_keur,ZERO_LINE,0.0,0.0,1.0,True,,,,,0.0,0.0,0.0,0.0,0.0,0.0,0.0,0.0,0.0,0.0,
TUHO,B.09,B.09.1,Reporting Data,5,fixed_annual_keur,ZERO_LINE,0.0,0.0,1.0,True,,,,,0.0,0.0,0.0,0.0,0.0,0.0,0.0,0.0,0.0,0.0,
TUHO,B.09,B.09.2,Telecom Connection,5,fixed_annual_keur,ZERO_LINE,0.0,0.0,1.0,True,,,,,0.0,0.0,0.0,0.0,0.0,0.0,0.0,0.0,0.0,0.0,
TUHO,B.09,B.09.1,Reporting Data,6,fixed_annual_keur,ZERO_LINE,0.0,0.0,1.0,True,,,,,0.0,0.0,0.0,0.0,0.0,0.0,0.0,0.0,0.0,0.0,
TUHO,B.09,B.09.2,Telecom Connection,6,fixed_annual_keur,ZERO_LINE,0.0,0.0,1.0,True,,,,,0.0,0.0,0.0,0.0,0.0,0.0,0.0,0.0,0.0,0.0,
TUHO,B.09,B.09.1,Reporting Data,7,fixed_annual_keur,ZERO_LINE,0.0,0.0,1.0,True,,,,,0.0,0.0,0.0,0.0,0.0,0.0,0.0,0.0,0.0,0.0,
TUHO,B.09,B.09.2,Telecom Connection,7,fixed_annual_keur,ZERO_LINE,0.0,0.0,1.0,True,,,,,0.0,0.0,0.0,0.0,0.0,0.0,0.0,0.0,0.0,0.0,
TUHO,B.09,B.09.1,Reporting Data,8,fixed_annual_keur,ZERO_LINE,0.0,0.0,1.0,True,,,,,0.0,0.0,0.0,0.0,0.0,0.0,0.0,0.0,0.0,0.0,
TUHO,B.09,B.09.2,Telecom Connection,8,fixed_annual_keur,ZERO_LINE,0.0,0.0,1.0,True,,,,,0.0,0.0,0.0,0.0,0.0,0.0,0.0,0.0,0.0,0.0,
TUHO,B.09,B.09.1,Reporting Data,9,fixed_annual_keur,ZERO_LINE,0.0,0.0,1.0,True,,,,,0.0,0.0,0.0,0.0,0.0,0.0,0.0,0.0,0.0,0.0,
TUHO,B.09,B.09.2,Telecom Connection,9,fixed_annual_keur,ZERO_LINE,0.0,0.0,1.0,True,,,,,0.0,0.0,0.0,0.0,0.0,0.0,0.0,0.0,0.0,0.0,
TUHO,B.09,B.09.1,Reporting Data,10,fixed_annual_keur,ZERO_LINE,0.0,0.0,1.0,True,,,,,0.0,0.0,0.0,0.0,0.0,0.0,0.0,0.0,0.0,0.0,
TUHO,B.09,B.09.2,Telecom Connection,10,fixed_annual_keur,ZERO_LINE,0.0,0.0,1.0,True,,,,,0.0,0.0,0.0,0.0,0.0,0.0,0.0,0.0,0.0,0.0,
TUHO,B.09,B.09.1,Reporting Data,11,fixed_annual_keur,ZERO_LINE,0.0,0.0,1.0,True,,,,,0.0,0.0,0.0,0.0,0.0,0.0,0.0,0.0,0.0,0.0,
TUHO,B.09,B.09.2,Telecom Connection,11,fixed_annual_keur,ZERO_LINE,0.0,0.0,1.0,True,,,,,0.0,0.0,0.0,0.0,0.0,0.0,0.0,0.0,0.0,0.0,
TUHO,B.09,B.09.1,Reporting Data,12,fixed_annual_keur,ZERO_LINE,0.0,0.0,1.0,True,,,,,0.0,0.0,0.0,0.0,0.0,0.0,0.0,0.0,0.0,0.0,
TUHO,B.09,B.09.2,Telecom Connection,12,fixed_annual_keur,ZERO_LINE,0.0,0.0,1.0,True,,,,,0.0,0.0,0.0,0.0,0.0,0.0,0.0,0.0,0.0,0.0,
TUHO,B.09,B.09.1,Reporting Data,13,fixed_annual_keur,ZERO_LINE,0.0,0.0,1.0,True,,,,,0.0,0.0,0.0,0.0,0.0,0.0,0.0,0.0,0.0,0.0,
TUHO,B.09,B.09.2,Telecom Connection,13,fixed_annual_keur,ZERO_LINE,0.0,0.0,1.0,True,,,,,0.0,0.0,0.0,0.0,0.0,0.0,0.0,0.0,0.0,0.0,
TUHO,B.09,B.09.1,Reporting Data,14,fixed_annual_keur,ZERO_LINE,0.0,0.0,1.0,True,,,,,0.0,0.0,0.0,0.0,0.0,0.0,0.0,0.0,0.0,0.0,
TUHO,B.09,B.09.2,Telecom Connection,14,fixed_annual_keur,ZERO_LINE,0.0,0.0,1.0,True,,,,,0.0,0.0,0.0,0.0,0.0,0.0,0.0,0.0,0.0,0.0,
TUHO,B.09,B.09.1,Reporting Data,15,fixed_annual_keur,ZERO_LINE,0.0,0.0,1.0,True,,,,,0.0,0.0,0.0,0.0,0.0,0.0,0.0,0.0,0.0,0.0,
TUHO,B.09,B.09.2,Telecom Connection,15,fixed_annual_keur,ZERO_LINE,0.0,0.0,1.0,True,,,,,0.0,0.0,0.0,0.0,0.0,0.0,0.0,0.0,0.0,0.0,
TUHO,B.09,B.09.1,Reporting Data,16,fixed_annual_keur,ZERO_LINE,0.0,0.0,1.0,True,,,,,0.0,0.0,0.0,0.0,0.0,0.0,0.0,0.0,0.0,0.0,
TUHO,B.09,B.09.2,Telecom Connection,16,fixed_annual_keur,ZERO_LINE,0.0,0.0,1.0,True,,,,,0.0,0.0,0.0,0.0,0.0,0.0,0.0,0.0,0.0,0.0,
TUHO,B.09,B.09.1,Reporting Data,17,fixed_annual_keur,ZERO_LINE,0.0,0.0,1.0,True,,,,,0.0,0.0,0.0,0.0,0.0,0.0,0.0,0.0,0.0,0.0,
TUHO,B.09,B.09.2,Telecom Connection,17,fixed_annual_keur,ZERO_LINE,0.0,0.0,1.0,True,,,,,0.0,0.0,0.0,0.0,0.0,0.0,0.0,0.0,0.0,0.0,
TUHO,B.09,B.09.1,Reporting Data,18,fixed_annual_keur,ZERO_LINE,0.0,0.0,1.0,True,,,,,0.0,0.0,0.0,0.0,0.0,0.0,0.0,0.0,0.0,0.0,
TUHO,B.09,B.09.2,Telecom Connection,18,fixed_annual_keur,ZERO_LINE,0.0,0.0,1.0,True,,,,,0.0,0.0,0.0,0.0,0.0,0.0,0.0,0.0,0.0,0.0,
TUHO,B.09,B.09.1,Reporting Data,19,fixed_annual_keur,ZERO_LINE,0.0,0.0,1.0,True,,,,,0.0,0.0,0.0,0.0,0.0,0.0,0.0,0.0,0.0,0.0,
TUHO,B.09,B.09.2,Telecom Connection,19,fixed_annual_keur,ZERO_LINE,0.0,0.0,1.0,True,,,,,0.0,0.0,0.0,0.0,0.0,0.0,0.0,0.0,0.0,0.0,
TUHO,B.09,B.09.1,Reporting Data,20,fixed_annual_keur,ZERO_LINE,0.0,0.0,1.0,True,,,,,0.0,0.0,0.0,0.0,0.0,0.0,0.0,0.0,0.0,0.0,
TUHO,B.09,B.09.2,Telecom Connection,20,fixed_annual_keur,ZERO_LINE,0.0,0.0,1.0,True,,,,,0.0,0.0,0.0,0.0,0.0,0.0,0.0,0.0,0.0,0.0,
TUHO,B.09,B.09.1,Reporting Data,21,fixed_annual_keur,ZERO_LINE,0.0,0.0,1.0,True,,,,,0.0,0.0,0.0,0.0,0.0,0.0,0.0,0.0,0.0,0.0,
TUHO,B.09,B.09.2,Telecom Connection,21,fixed_annual_keur,ZERO_LINE,0.0,0.0,1.0,True,,,,,0.0,0.0,0.0,0.0,0.0,0.0,0.0,0.0,0.0,0.0,
TUHO,B.09,B.09.1,Reporting Data,22,fixed_annual_keur,ZERO_LINE,0.0,0.0,1.0,True,,,,,0.0,0.0,0.0,0.0,0.0,0.0,0.0,0.0,0.0,0.0,
TUHO,B.09,B.09.2,Telecom Connection,22,fixed_annual_keur,ZERO_LINE,0.0,0.0,1.0,True,,,,,0.0,0.0,0.0,0.0,0.0,0.0,0.0,0.0,0.0,0.0,
TUHO,B.09,B.09.1,Reporting Data,23,fixed_annual_keur,ZERO_LINE,0.0,0.0,1.0,True,,,,,0.0,0.0,0.0,0.0,0.0,0.0,0.0,0.0,0.0,0.0,
TUHO,B.09,B.09.2,Telecom Connection,23,fixed_annual_keur,ZERO_LINE,0.0,0.0,1.0,True,,,,,0.0,0.0,0.0,0.0,0.0,0.0,0.0,0.0,0.0,0.0,
TUHO,B.09,B.09.1,Reporting Data,24,fixed_annual_keur,ZERO_LINE,0.0,0.0,1.0,True,,,,,0.0,0.0,0.0,0.0,0.0,0.0,0.0,0.0,0.0,0.0,
TUHO,B.09,B.09.2,Telecom Connection,24,fixed_annual_keur,ZERO_LINE,0.0,0.0,1.0,True,,,,,0.0,0.0,0.0,0.0,0.0,0.0,0.0,0.0,0.0,0.0,
TUHO,B.09,B.09.1,Reporting Data,25,fixed_annual_keur,ZERO_LINE,0.0,0.0,1.0,True,,,,,0.0,0.0,0.0,0.0,0.0,0.0,0.0,0.0,0.0,0.0,
TUHO,B.09,B.09.2,Telecom Connection,25,fixed_annual_keur,ZERO_LINE,0.0,0.0,1.0,True,,,,,0.0,0.0,0.0,0.0,0.0,0.0,0.0,0.0,0.0,0.0,
TUHO,B.09,B.09.1,Reporting Data,26,fixed_annual_keur,ZERO_LINE,0.0,0.0,1.0,True,,,,,0.0,0.0,0.0,0.0,0.0,0.0,0.0,0.0,0.0,0.0,
TUHO,B.09,B.09.2,Telecom Connection,26,fixed_annual_keur,ZERO_LINE,0.0,0.0,1.0,True,,,,,0.0,0.0,0.0,0.0,0.0,0.0,0.0,0.0,0.0,0.0,
TUHO,B.09,B.09.1,Reporting Data,27,fixed_annual_keur,ZERO_LINE,0.0,0.0,1.0,True,,,,,0.0,0.0,0.0,0.0,0.0,0.0,0.0,0.0,0.0,0.0,
TUHO,B.09,B.09.2,Telecom Connection,27,fixed_annual_keur,ZERO_LINE,0.0,0.0,1.0,True,,,,,0.0,0.0,0.0,0.0,0.0,0.0,0.0,0.0,0.0,0.0,
TUHO,B.09,B.09.1,Reporting Data,28,fixed_annual_keur,ZERO_LINE,0.0,0.0,1.0,True,,,,,0.0,0.0,0.0,0.0,0.0,0.0,0.0,0.0,0.0,0.0,
TUHO,B.09,B.09.2,Telecom Connection,28,fixed_annual_keur,ZERO_LINE,0.0,0.0,1.0,True,,,,,0.0,0.0,0.0,0.0,0.0,0.0,0.0,0.0,0.0,0.0,
TUHO,B.09,B.09.1,Reporting Data,29,fixed_annual_keur,ZERO_LINE,0.0,0.0,1.0,True,,,,,0.0,0.0,0.0,0.0,0.0,0.0,0.0,0.0,0.0,0.0,
TUHO,B.09,B.09.2,Telecom Connection,29,fixed_annual_keur,ZERO_LINE,0.0,0.0,1.0,True,,,,,0.0,0.0,0.0,0.0,0.0,0.0,0.0,0.0,0.0,0.0,
TUHO,B.09,B.09.1,Reporting Data,30,fixed_annual_keur,ZERO_LINE,0.0,0.0,1.0,True,,,,,0.0,0.0,0.0,0.0,0.0,0.0,0.0,0.0,0.0,0.0,
TUHO,B.09,B.09.2,Telecom Connection,30,fixed_annual_keur,ZERO_LINE,0.0,0.0,1.0,True,,,,,0.0,0.0,0.0,0.0,0.0,0.0,0.0,0.0,0.0,0.0,
TUHO,B.10,B.10.1,Auditors closing,1,fixed_annual_keur,INFLATION,8.0,0.02,1.0,True,,,,,8.0,0.0,0.0,0.0,0.0,0.0,0.0,8.0,0.0,0.0,
TUHO,B.10,B.10.2,Accounting closing,1,fixed_annual_keur,INFLATION,8.0,0.02,1.0,True,,,,,8.0,0.0,0.0,0.0,0.0,0.0,0.0,8.0,0.0,0.0,
TUHO,B.10,B.10.3,Legal closing,1,fixed_annual_keur,INFLATION,3.0,0.02,1.0,True,,,,,3.0,0.0,0.0,0.0,0.0,0.0,0.0,3.0,0.0,0.0,
TUHO,B.10,B.10.4,Accounting book-keeping,1,fixed_annual_keur,INFLATION,3.0,0.02,1.0,True,,,,,3.0,0.0,0.0,0.0,0.0,0.0,0.0,3.0,0.0,0.0,
TUHO,B.10,B.10.5,Legal Formalities,1,fixed_annual_keur,INFLATION,2.0,0.02,1.0,True,,,,,2.0,0.0,0.0,0.0,0.0,0.0,0.0,2.0,0.0,0.0,
TUHO,B.10,B.10.1,Auditors closing,2,fixed_annual_keur,INFLATION,8.0,0.02,1.02,True,,,,,8.0,0.16000000000000014,0.0,0.0,0.0,0.0,0.0,8.16,0.16000000000000014,0.0,
TUHO,B.10,B.10.2,Accounting closing,2,fixed_annual_keur,INFLATION,8.0,0.02,1.02,True,,,,,8.0,0.16000000000000014,0.0,0.0,0.0,0.0,0.0,8.16,0.16000000000000014,0.0,
TUHO,B.10,B.10.3,Legal closing,2,fixed_annual_keur,INFLATION,3.0,0.02,1.02,True,,,,,3.0,0.06000000000000005,0.0,0.0,0.0,0.0,0.0,3.06,0.06000000000000005,0.0,
TUHO,B.10,B.10.4,Accounting book-keeping,2,fixed_annual_keur,INFLATION,3.0,0.02,1.02,True,,,,,3.0,0.06000000000000005,0.0,0.0,0.0,0.0,0.0,3.06,0.06000000000000005,0.0,
TUHO,B.10,B.10.5,Legal Formalities,2,fixed_annual_keur,INFLATION,2.0,0.02,1.02,True,,,,,2.0,0.040000000000000036,0.0,0.0,0.0,0.0,0.0,2.04,0.040000000000000036,0.0,
TUHO,B.10,B.10.1,Auditors closing,3,fixed_annual_keur,INFLATION,8.0,0.02,1.0404,True,,,,,8.0,0.32319999999999993,0.0,0.0,0.0,0.0,0.0,8.3232,0.32319999999999993,0.0,
TUHO,B.10,B.10.2,Accounting closing,3,fixed_annual_keur,INFLATION,8.0,0.02,1.0404,True,,,,,8.0,0.32319999999999993,0.0,0.0,0.0,0.0,0.0,8.3232,0.32319999999999993,0.0,
TUHO,B.10,B.10.3,Legal closing,3,fixed_annual_keur,INFLATION,3.0,0.02,1.0404,True,,,,,3.0,0.12119999999999997,0.0,0.0,0.0,0.0,0.0,3.1212,0.12119999999999997,0.0,
TUHO,B.10,B.10.4,Accounting book-keeping,3,fixed_annual_keur,INFLATION,3.0,0.02,1.0404,True,,,,,3.0,0.12119999999999997,0.0,0.0,0.0,0.0,0.0,3.1212,0.12119999999999997,0.0,
TUHO,B.10,B.10.5,Legal Formalities,3,fixed_annual_keur,INFLATION,2.0,0.02,1.0404,True,,,,,2.0,0.08079999999999998,0.0,0.0,0.0,0.0,0.0,2.0808,0.08079999999999998,0.0,
TUHO,B.10,B.10.1,Auditors closing,4,fixed_annual_keur,INFLATION,8.0,0.02,1.0612080000000002,True,,,,,8.0,0.4896640000000012,0.0,0.0,0.0,0.0,0.0,8.489664000000001,0.4896640000000012,0.0,
TUHO,B.10,B.10.2,Accounting closing,4,fixed_annual_keur,INFLATION,8.0,0.02,1.0612080000000002,True,,,,,8.0,0.4896640000000012,0.0,0.0,0.0,0.0,0.0,8.489664000000001,0.4896640000000012,0.0,
TUHO,B.10,B.10.3,Legal closing,4,fixed_annual_keur,INFLATION,3.0,0.02,1.0612080000000002,True,,,,,3.0,0.18362400000000045,0.0,0.0,0.0,0.0,0.0,3.1836240000000005,0.18362400000000045,0.0,
TUHO,B.10,B.10.4,Accounting book-keeping,4,fixed_annual_keur,INFLATION,3.0,0.02,1.0612080000000002,True,,,,,3.0,0.18362400000000045,0.0,0.0,0.0,0.0,0.0,3.1836240000000005,0.18362400000000045,0.0,
TUHO,B.10,B.10.5,Legal Formalities,4,fixed_annual_keur,INFLATION,2.0,0.02,1.0612080000000002,True,,,,,2.0,0.1224160000000003,0.0,0.0,0.0,0.0,0.0,2.1224160000000003,0.1224160000000003,0.0,
TUHO,B.10,B.10.1,Auditors closing,5,fixed_annual_keur,INFLATION,8.0,0.02,1.08243216,True,,,,,8.0,0.6594572799999998,0.0,0.0,0.0,0.0,0.0,8.65945728,0.6594572799999998,0.0,
TUHO,B.10,B.10.2,Accounting closing,5,fixed_annual_keur,INFLATION,8.0,0.02,1.08243216,True,,,,,8.0,0.6594572799999998,0.0,0.0,0.0,0.0,0.0,8.65945728,0.6594572799999998,0.0,
TUHO,B.10,B.10.3,Legal closing,5,fixed_annual_keur,INFLATION,3.0,0.02,1.08243216,True,,,,,3.0,0.24729648000000015,0.0,0.0,0.0,0.0,0.0,3.24729648,0.24729648000000015,0.0,
TUHO,B.10,B.10.4,Accounting book-keeping,5,fixed_annual_keur,INFLATION,3.0,0.02,1.08243216,True,,,,,3.0,0.24729648000000015,0.0,0.0,0.0,0.0,0.0,3.24729648,0.24729648000000015,0.0,
TUHO,B.10,B.10.5,Legal Formalities,5,fixed_annual_keur,INFLATION,2.0,0.02,1.08243216,True,,,,,2.0,0.16486431999999995,0.0,0.0,0.0,0.0,0.0,2.16486432,0.16486431999999995,0.0,
TUHO,B.10,B.10.1,Auditors closing,6,fixed_annual_keur,INFLATION,8.0,0.02,1.1040808032,True,,,,,8.0,0.8326464256000001,0.0,0.0,0.0,0.0,0.0,8.8326464256,0.8326464256000001,0.0,
TUHO,B.10,B.10.2,Accounting closing,6,fixed_annual_keur,INFLATION,8.0,0.02,1.1040808032,True,,,,,8.0,0.8326464256000001,0.0,0.0,0.0,0.0,0.0,8.8326464256,0.8326464256000001,0.0,
TUHO,B.10,B.10.3,Legal closing,6,fixed_annual_keur,INFLATION,3.0,0.02,1.1040808032,True,,,,,3.0,0.31224240960000005,0.0,0.0,0.0,0.0,0.0,3.3122424096,0.31224240960000005,0.0,
TUHO,B.10,B.10.4,Accounting book-keeping,6,fixed_annual_keur,INFLATION,3.0,0.02,1.1040808032,True,,,,,3.0,0.31224240960000005,0.0,0.0,0.0,0.0,0.0,3.3122424096,0.31224240960000005,0.0,
TUHO,B.10,B.10.5,Legal Formalities,6,fixed_annual_keur,INFLATION,2.0,0.02,1.1040808032,True,,,,,2.0,0.20816160640000003,0.0,0.0,0.0,0.0,0.0,2.2081616064,0.20816160640000003,0.0,
TUHO,B.10,B.10.1,Auditors closing,7,fixed_annual_keur,INFLATION,8.0,0.02,1.126162419264,True,,,,,8.0,1.0092993541120006,0.0,0.0,0.0,0.0,0.0,9.009299354112,1.0092993541120006,0.0,
TUHO,B.10,B.10.2,Accounting closing,7,fixed_annual_keur,INFLATION,8.0,0.02,1.126162419264,True,,,,,8.0,1.0092993541120006,0.0,0.0,0.0,0.0,0.0,9.009299354112,1.0092993541120006,0.0,
TUHO,B.10,B.10.3,Legal closing,7,fixed_annual_keur,INFLATION,3.0,0.02,1.126162419264,True,,,,,3.0,0.378487257792,0.0,0.0,0.0,0.0,0.0,3.378487257792,0.378487257792,0.0,
TUHO,B.10,B.10.4,Accounting book-keeping,7,fixed_annual_keur,INFLATION,3.0,0.02,1.126162419264,True,,,,,3.0,0.378487257792,0.0,0.0,0.0,0.0,0.0,3.378487257792,0.378487257792,0.0,
TUHO,B.10,B.10.5,Legal Formalities,7,fixed_annual_keur,INFLATION,2.0,0.02,1.126162419264,True,,,,,2.0,0.25232483852800014,0.0,0.0,0.0,0.0,0.0,2.252324838528,0.25232483852800014,0.0,
TUHO,B.10,B.10.1,Auditors closing,8,fixed_annual_keur,INFLATION,8.0,0.02,1.14868566764928,True,,,,,8.0,1.1894853411942403,0.0,0.0,0.0,0.0,0.0,9.18948534119424,1.1894853411942403,0.0,
TUHO,B.10,B.10.2,Accounting closing,8,fixed_annual_keur,INFLATION,8.0,0.02,1.14868566764928,True,,,,,8.0,1.1894853411942403,0.0,0.0,0.0,0.0,0.0,9.18948534119424,1.1894853411942403,0.0,
TUHO,B.10,B.10.3,Legal closing,8,fixed_annual_keur,INFLATION,3.0,0.02,1.14868566764928,True,,,,,3.0,0.4460570029478399,0.0,0.0,0.0,0.0,0.0,3.44605700294784,0.4460570029478399,0.0,
TUHO,B.10,B.10.4,Accounting book-keeping,8,fixed_annual_keur,INFLATION,3.0,0.02,1.14868566764928,True,,,,,3.0,0.4460570029478399,0.0,0.0,0.0,0.0,0.0,3.44605700294784,0.4460570029478399,0.0,
TUHO,B.10,B.10.5,Legal Formalities,8,fixed_annual_keur,INFLATION,2.0,0.02,1.14868566764928,True,,,,,2.0,0.2973713352985601,0.0,0.0,0.0,0.0,0.0,2.29737133529856,0.2973713352985601,0.0,
TUHO,B.10,B.10.1,Auditors closing,9,fixed_annual_keur,INFLATION,8.0,0.02,1.1716593810022657,True,,,,,8.0,1.373275048018126,0.0,0.0,0.0,0.0,0.0,9.373275048018126,1.373275048018126,0.0,
TUHO,B.10,B.10.2,Accounting closing,9,fixed_annual_keur,INFLATION,8.0,0.02,1.1716593810022657,True,,,,,8.0,1.373275048018126,0.0,0.0,0.0,0.0,0.0,9.373275048018126,1.373275048018126,0.0,
TUHO,B.10,B.10.3,Legal closing,9,fixed_annual_keur,INFLATION,3.0,0.02,1.1716593810022657,True,,,,,3.0,0.5149781430067972,0.0,0.0,0.0,0.0,0.0,3.5149781430067972,0.5149781430067972,0.0,
TUHO,B.10,B.10.4,Accounting book-keeping,9,fixed_annual_keur,INFLATION,3.0,0.02,1.1716593810022657,True,,,,,3.0,0.5149781430067972,0.0,0.0,0.0,0.0,0.0,3.5149781430067972,0.5149781430067972,0.0,
TUHO,B.10,B.10.5,Legal Formalities,9,fixed_annual_keur,INFLATION,2.0,0.02,1.1716593810022657,True,,,,,2.0,0.3433187620045315,0.0,0.0,0.0,0.0,0.0,2.3433187620045315,0.3433187620045315,0.0,
TUHO,B.10,B.10.1,Auditors closing,10,fixed_annual_keur,INFLATION,8.0,0.02,1.195092568622311,True,,,,,8.0,1.5607405489784885,0.0,0.0,0.0,0.0,0.0,9.560740548978488,1.5607405489784885,0.0,
TUHO,B.10,B.10.2,Accounting closing,10,fixed_annual_keur,INFLATION,8.0,0.02,1.195092568622311,True,,,,,8.0,1.5607405489784885,0.0,0.0,0.0,0.0,0.0,9.560740548978488,1.5607405489784885,0.0,
TUHO,B.10,B.10.3,Legal closing,10,fixed_annual_keur,INFLATION,3.0,0.02,1.195092568622311,True,,,,,3.0,0.5852777058669334,0.0,0.0,0.0,0.0,0.0,3.5852777058669334,0.5852777058669334,0.0,
TUHO,B.10,B.10.4,Accounting book-keeping,10,fixed_annual_keur,INFLATION,3.0,0.02,1.195092568622311,True,,,,,3.0,0.5852777058669334,0.0,0.0,0.0,0.0,0.0,3.5852777058669334,0.5852777058669334,0.0,
TUHO,B.10,B.10.5,Legal Formalities,10,fixed_annual_keur,INFLATION,2.0,0.02,1.195092568622311,True,,,,,2.0,0.3901851372446221,0.0,0.0,0.0,0.0,0.0,2.390185137244622,0.3901851372446221,0.0,
TUHO,B.10,B.10.1,Auditors closing,11,fixed_annual_keur,INFLATION,8.0,0.02,1.2189944199947573,True,,,,,8.0,1.7519553599580586,0.0,0.0,0.0,0.0,0.0,9.751955359958059,1.7519553599580586,0.0,
TUHO,B.10,B.10.2,Accounting closing,11,fixed_annual_keur,INFLATION,8.0,0.02,1.2189944199947573,True,,,,,8.0,1.7519553599580586,0.0,0.0,0.0,0.0,0.0,9.751955359958059,1.7519553599580586,0.0,
TUHO,B.10,B.10.3,Legal closing,11,fixed_annual_keur,INFLATION,3.0,0.02,1.2189944199947573,True,,,,,3.0,0.6569832599842718,0.0,0.0,0.0,0.0,0.0,3.6569832599842718,0.6569832599842718,0.0,
TUHO,B.10,B.10.4,Accounting book-keeping,11,fixed_annual_keur,INFLATION,3.0,0.02,1.2189944199947573,True,,,,,3.0,0.6569832599842718,0.0,0.0,0.0,0.0,0.0,3.6569832599842718,0.6569832599842718,0.0,
TUHO,B.10,B.10.5,Legal Formalities,11,fixed_annual_keur,INFLATION,2.0,0.02,1.2189944199947573,True,,,,,2.0,0.43798883998951466,0.0,0.0,0.0,0.0,0.0,2.4379888399895147,0.43798883998951466,0.0,
TUHO,B.10,B.10.1,Auditors closing,12,fixed_annual_keur,INFLATION,8.0,0.02,1.2433743083946525,True,,,,,8.0,1.9469944671572197,0.0,0.0,0.0,0.0,0.0,9.94699446715722,1.9469944671572197,0.0,
TUHO,B.10,B.10.2,Accounting closing,12,fixed_annual_keur,INFLATION,8.0,0.02,1.2433743083946525,True,,,,,8.0,1.9469944671572197,0.0,0.0,0.0,0.0,0.0,9.94699446715722,1.9469944671572197,0.0,
TUHO,B.10,B.10.3,Legal closing,12,fixed_annual_keur,INFLATION,3.0,0.02,1.2433743083946525,True,,,,,3.0,0.7301229251839576,0.0,0.0,0.0,0.0,0.0,3.7301229251839576,0.7301229251839576,0.0,
TUHO,B.10,B.10.4,Accounting book-keeping,12,fixed_annual_keur,INFLATION,3.0,0.02,1.2433743083946525,True,,,,,3.0,0.7301229251839576,0.0,0.0,0.0,0.0,0.0,3.7301229251839576,0.7301229251839576,0.0,
TUHO,B.10,B.10.5,Legal Formalities,12,fixed_annual_keur,INFLATION,2.0,0.02,1.2433743083946525,True,,,,,2.0,0.4867486167893049,0.0,0.0,0.0,0.0,0.0,2.486748616789305,0.4867486167893049,0.0,
TUHO,B.10,B.10.1,Auditors closing,13,fixed_annual_keur,INFLATION,8.0,0.02,1.2682417945625455,True,,,,,8.0,2.145934356500364,0.0,0.0,0.0,0.0,0.0,10.145934356500364,2.145934356500364,0.0,
TUHO,B.10,B.10.2,Accounting closing,13,fixed_annual_keur,INFLATION,8.0,0.02,1.2682417945625455,True,,,,,8.0,2.145934356500364,0.0,0.0,0.0,0.0,0.0,10.145934356500364,2.145934356500364,0.0,
TUHO,B.10,B.10.3,Legal closing,13,fixed_annual_keur,INFLATION,3.0,0.02,1.2682417945625455,True,,,,,3.0,0.8047253836876367,0.0,0.0,0.0,0.0,0.0,3.8047253836876367,0.8047253836876367,0.0,
TUHO,B.10,B.10.4,Accounting book-keeping,13,fixed_annual_keur,INFLATION,3.0,0.02,1.2682417945625455,True,,,,,3.0,0.8047253836876367,0.0,0.0,0.0,0.0,0.0,3.8047253836876367,0.8047253836876367,0.0,
TUHO,B.10,B.10.5,Legal Formalities,13,fixed_annual_keur,INFLATION,2.0,0.02,1.2682417945625455,True,,,,,2.0,0.536483589125091,0.0,0.0,0.0,0.0,0.0,2.536483589125091,0.536483589125091,0.0,
TUHO,B.10,B.10.1,Auditors closing,14,fixed_annual_keur,INFLATION,8.0,0.02,1.2936066304537965,True,,,,,8.0,2.3488530436303723,0.0,0.0,0.0,0.0,0.0,10.348853043630372,2.3488530436303723,0.0,
TUHO,B.10,B.10.2,Accounting closing,14,fixed_annual_keur,INFLATION,8.0,0.02,1.2936066304537965,True,,,,,8.0,2.3488530436303723,0.0,0.0,0.0,0.0,0.0,10.348853043630372,2.3488530436303723,0.0,
TUHO,B.10,B.10.3,Legal closing,14,fixed_annual_keur,INFLATION,3.0,0.02,1.2936066304537965,True,,,,,3.0,0.8808198913613898,0.0,0.0,0.0,0.0,0.0,3.88081989136139,0.8808198913613898,0.0,
TUHO,B.10,B.10.4,Accounting book-keeping,14,fixed_annual_keur,INFLATION,3.0,0.02,1.2936066304537965,True,,,,,3.0,0.8808198913613898,0.0,0.0,0.0,0.0,0.0,3.88081989136139,0.8808198913613898,0.0,
TUHO,B.10,B.10.5,Legal Formalities,14,fixed_annual_keur,INFLATION,2.0,0.02,1.2936066304537965,True,,,,,2.0,0.5872132609075931,0.0,0.0,0.0,0.0,0.0,2.587213260907593,0.5872132609075931,0.0,
TUHO,B.10,B.10.1,Auditors closing,15,fixed_annual_keur,INFLATION,8.0,0.02,1.3194787630628724,True,,,,,8.0,2.555830104502979,0.0,0.0,0.0,0.0,0.0,10.555830104502979,2.555830104502979,0.0,
TUHO,B.10,B.10.2,Accounting closing,15,fixed_annual_keur,INFLATION,8.0,0.02,1.3194787630628724,True,,,,,8.0,2.555830104502979,0.0,0.0,0.0,0.0,0.0,10.555830104502979,2.555830104502979,0.0,
TUHO,B.10,B.10.3,Legal closing,15,fixed_annual_keur,INFLATION,3.0,0.02,1.3194787630628724,True,,,,,3.0,0.9584362891886169,0.0,0.0,0.0,0.0,0.0,3.958436289188617,0.9584362891886169,0.0,
TUHO,B.10,B.10.4,Accounting book-keeping,15,fixed_annual_keur,INFLATION,3.0,0.02,1.3194787630628724,True,,,,,3.0,0.9584362891886169,0.0,0.0,0.0,0.0,0.0,3.958436289188617,0.9584362891886169,0.0,
TUHO,B.10,B.10.5,Legal Formalities,15,fixed_annual_keur,INFLATION,2.0,0.02,1.3194787630628724,True,,,,,2.0,0.6389575261257447,0.0,0.0,0.0,0.0,0.0,2.6389575261257447,0.6389575261257447,0.0,
TUHO,B.10,B.10.1,Auditors closing,16,fixed_annual_keur,INFLATION,8.0,0.02,1.3458683383241299,True,,,,,8.0,2.766946706593039,0.0,0.0,0.0,0.0,0.0,10.766946706593039,2.766946706593039,0.0,
TUHO,B.10,B.10.2,Accounting closing,16,fixed_annual_keur,INFLATION,8.0,0.02,1.3458683383241299,True,,,,,8.0,2.766946706593039,0.0,0.0,0.0,0.0,0.0,10.766946706593039,2.766946706593039,0.0,
TUHO,B.10,B.10.3,Legal closing,16,fixed_annual_keur,INFLATION,3.0,0.02,1.3458683383241299,True,,,,,3.0,1.0376050149723897,0.0,0.0,0.0,0.0,0.0,4.03760501497239,1.0376050149723897,0.0,
TUHO,B.10,B.10.4,Accounting book-keeping,16,fixed_annual_keur,INFLATION,3.0,0.02,1.3458683383241299,True,,,,,3.0,1.0376050149723897,0.0,0.0,0.0,0.0,0.0,4.03760501497239,1.0376050149723897,0.0,
TUHO,B.10,B.10.5,Legal Formalities,16,fixed_annual_keur,INFLATION,2.0,0.02,1.3458683383241299,True,,,,,2.0,0.6917366766482598,0.0,0.0,0.0,0.0,0.0,2.6917366766482598,0.6917366766482598,0.0,
TUHO,B.10,B.10.1,Auditors closing,17,fixed_annual_keur,INFLATION,8.0,0.02,1.3727857050906125,True,,,,,8.0,2.9822856407249,0.0,0.0,0.0,0.0,0.0,10.9822856407249,2.9822856407249,0.0,
TUHO,B.10,B.10.2,Accounting closing,17,fixed_annual_keur,INFLATION,8.0,0.02,1.3727857050906125,True,,,,,8.0,2.9822856407249,0.0,0.0,0.0,0.0,0.0,10.9822856407249,2.9822856407249,0.0,
TUHO,B.10,B.10.3,Legal closing,17,fixed_annual_keur,INFLATION,3.0,0.02,1.3727857050906125,True,,,,,3.0,1.118357115271838,0.0,0.0,0.0,0.0,0.0,4.118357115271838,1.118357115271838,0.0,
TUHO,B.10,B.10.4,Accounting book-keeping,17,fixed_annual_keur,INFLATION,3.0,0.02,1.3727857050906125,True,,,,,3.0,1.118357115271838,0.0,0.0,0.0,0.0,0.0,4.118357115271838,1.118357115271838,0.0,
TUHO,B.10,B.10.5,Legal Formalities,17,fixed_annual_keur,INFLATION,2.0,0.02,1.3727857050906125,True,,,,,2.0,0.745571410181225,0.0,0.0,0.0,0.0,0.0,2.745571410181225,0.745571410181225,0.0,
TUHO,B.10,B.10.1,Auditors closing,18,fixed_annual_keur,INFLATION,8.0,0.02,1.4002414191924248,True,,,,,8.0,3.2019313535393987,0.0,0.0,0.0,0.0,0.0,11.201931353539399,3.2019313535393987,0.0,
TUHO,B.10,B.10.2,Accounting closing,18,fixed_annual_keur,INFLATION,8.0,0.02,1.4002414191924248,True,,,,,8.0,3.2019313535393987,0.0,0.0,0.0,0.0,0.0,11.201931353539399,3.2019313535393987,0.0,
TUHO,B.10,B.10.3,Legal closing,18,fixed_annual_keur,INFLATION,3.0,0.02,1.4002414191924248,True,,,,,3.0,1.2007242575772743,0.0,0.0,0.0,0.0,0.0,4.200724257577274,1.2007242575772743,0.0,
TUHO,B.10,B.10.4,Accounting book-keeping,18,fixed_annual_keur,INFLATION,3.0,0.02,1.4002414191924248,True,,,,,3.0,1.2007242575772743,0.0,0.0,0.0,0.0,0.0,4.200724257577274,1.2007242575772743,0.0,
TUHO,B.10,B.10.5,Legal Formalities,18,fixed_annual_keur,INFLATION,2.0,0.02,1.4002414191924248,True,,,,,2.0,0.8004828383848497,0.0,0.0,0.0,0.0,0.0,2.8004828383848497,0.8004828383848497,0.0,
TUHO,B.10,B.10.1,Auditors closing,19,fixed_annual_keur,INFLATION,8.0,0.02,1.4282462475762734,True,,,,,8.0,3.425969980610187,0.0,0.0,0.0,0.0,0.0,11.425969980610187,3.425969980610187,0.0,
TUHO,B.10,B.10.2,Accounting closing,19,fixed_annual_keur,INFLATION,8.0,0.02,1.4282462475762734,True,,,,,8.0,3.425969980610187,0.0,0.0,0.0,0.0,0.0,11.425969980610187,3.425969980610187,0.0,
TUHO,B.10,B.10.3,Legal closing,19,fixed_annual_keur,INFLATION,3.0,0.02,1.4282462475762734,True,,,,,3.0,1.2847387427288197,0.0,0.0,0.0,0.0,0.0,4.28473874272882,1.2847387427288197,0.0,
TUHO,B.10,B.10.4,Accounting book-keeping,19,fixed_annual_keur,INFLATION,3.0,0.02,1.4282462475762734,True,,,,,3.0,1.2847387427288197,0.0,0.0,0.0,0.0,0.0,4.28473874272882,1.2847387427288197,0.0,
TUHO,B.10,B.10.5,Legal Formalities,19,fixed_annual_keur,INFLATION,2.0,0.02,1.4282462475762734,True,,,,,2.0,0.8564924951525468,0.0,0.0,0.0,0.0,0.0,2.8564924951525468,0.8564924951525468,0.0,
TUHO,B.10,B.10.1,Auditors closing,20,fixed_annual_keur,INFLATION,8.0,0.02,1.4568111725277988,True,,,,,8.0,3.6544893802223903,0.0,0.0,0.0,0.0,0.0,11.65448938022239,3.6544893802223903,0.0,
TUHO,B.10,B.10.2,Accounting closing,20,fixed_annual_keur,INFLATION,8.0,0.02,1.4568111725277988,True,,,,,8.0,3.6544893802223903,0.0,0.0,0.0,0.0,0.0,11.65448938022239,3.6544893802223903,0.0,
TUHO,B.10,B.10.3,Legal closing,20,fixed_annual_keur,INFLATION,3.0,0.02,1.4568111725277988,True,,,,,3.0,1.3704335175833968,0.0,0.0,0.0,0.0,0.0,4.370433517583397,1.3704335175833968,0.0,
TUHO,B.10,B.10.4,Accounting book-keeping,20,fixed_annual_keur,INFLATION,3.0,0.02,1.4568111725277988,True,,,,,3.0,1.3704335175833968,0.0,0.0,0.0,0.0,0.0,4.370433517583397,1.3704335175833968,0.0,
TUHO,B.10,B.10.5,Legal Formalities,20,fixed_annual_keur,INFLATION,2.0,0.02,1.4568111725277988,True,,,,,2.0,0.9136223450555976,0.0,0.0,0.0,0.0,0.0,2.9136223450555976,0.9136223450555976,0.0,
TUHO,B.10,B.10.1,Auditors closing,21,fixed_annual_keur,INFLATION,8.0,0.02,1.485947395978355,True,,,,,8.0,3.887579167826839,0.0,0.0,0.0,0.0,0.0,11.88757916782684,3.887579167826839,0.0,
TUHO,B.10,B.10.2,Accounting closing,21,fixed_annual_keur,INFLATION,8.0,0.02,1.485947395978355,True,,,,,8.0,3.887579167826839,0.0,0.0,0.0,0.0,0.0,11.88757916782684,3.887579167826839,0.0,
TUHO,B.10,B.10.3,Legal closing,21,fixed_annual_keur,INFLATION,3.0,0.02,1.485947395978355,True,,,,,3.0,1.4578421879350643,0.0,0.0,0.0,0.0,0.0,4.457842187935064,1.4578421879350643,0.0,
TUHO,B.10,B.10.4,Accounting book-keeping,21,fixed_annual_keur,INFLATION,3.0,0.02,1.485947395978355,True,,,,,3.0,1.4578421879350643,0.0,0.0,0.0,0.0,0.0,4.457842187935064,1.4578421879350643,0.0,
TUHO,B.10,B.10.5,Legal Formalities,21,fixed_annual_keur,INFLATION,2.0,0.02,1.485947395978355,True,,,,,2.0,0.9718947919567098,0.0,0.0,0.0,0.0,0.0,2.97189479195671,0.9718947919567098,0.0,
TUHO,B.10,B.10.1,Auditors closing,22,fixed_annual_keur,INFLATION,8.0,0.02,1.5156663438979219,True,,,,,8.0,4.125330751183375,0.0,0.0,0.0,0.0,0.0,12.125330751183375,4.125330751183375,0.0,
TUHO,B.10,B.10.2,Accounting closing,22,fixed_annual_keur,INFLATION,8.0,0.02,1.5156663438979219,True,,,,,8.0,4.125330751183375,0.0,0.0,0.0,0.0,0.0,12.125330751183375,4.125330751183375,0.0,
TUHO,B.10,B.10.3,Legal closing,22,fixed_annual_keur,INFLATION,3.0,0.02,1.5156663438979219,True,,,,,3.0,1.5469990316937654,0.0,0.0,0.0,0.0,0.0,4.546999031693765,1.5469990316937654,0.0,
TUHO,B.10,B.10.4,Accounting book-keeping,22,fixed_annual_keur,INFLATION,3.0,0.02,1.5156663438979219,True,,,,,3.0,1.5469990316937654,0.0,0.0,0.0,0.0,0.0,4.546999031693765,1.5469990316937654,0.0,
TUHO,B.10,B.10.5,Legal Formalities,22,fixed_annual_keur,INFLATION,2.0,0.02,1.5156663438979219,True,,,,,2.0,1.0313326877958437,0.0,0.0,0.0,0.0,0.0,3.0313326877958437,1.0313326877958437,0.0,
TUHO,B.10,B.10.1,Auditors closing,23,fixed_annual_keur,INFLATION,8.0,0.02,1.5459796707758804,True,,,,,8.0,4.367837366207043,0.0,0.0,0.0,0.0,0.0,12.367837366207043,4.367837366207043,0.0,
TUHO,B.10,B.10.2,Accounting closing,23,fixed_annual_keur,INFLATION,8.0,0.02,1.5459796707758804,True,,,,,8.0,4.367837366207043,0.0,0.0,0.0,0.0,0.0,12.367837366207043,4.367837366207043,0.0,
TUHO,B.10,B.10.3,Legal closing,23,fixed_annual_keur,INFLATION,3.0,0.02,1.5459796707758804,True,,,,,3.0,1.6379390123276414,0.0,0.0,0.0,0.0,0.0,4.637939012327641,1.6379390123276414,0.0,
TUHO,B.10,B.10.4,Accounting book-keeping,23,fixed_annual_keur,INFLATION,3.0,0.02,1.5459796707758804,True,,,,,3.0,1.6379390123276414,0.0,0.0,0.0,0.0,0.0,4.637939012327641,1.6379390123276414,0.0,
TUHO,B.10,B.10.5,Legal Formalities,23,fixed_annual_keur,INFLATION,2.0,0.02,1.5459796707758804,True,,,,,2.0,1.0919593415517608,0.0,0.0,0.0,0.0,0.0,3.0919593415517608,1.0919593415517608,0.0,
TUHO,B.10,B.10.1,Auditors closing,24,fixed_annual_keur,INFLATION,8.0,0.02,1.5768992641913981,True,,,,,8.0,4.615194113531185,0.0,0.0,0.0,0.0,0.0,12.615194113531185,4.615194113531185,0.0,
TUHO,B.10,B.10.2,Accounting closing,24,fixed_annual_keur,INFLATION,8.0,0.02,1.5768992641913981,True,,,,,8.0,4.615194113531185,0.0,0.0,0.0,0.0,0.0,12.615194113531185,4.615194113531185,0.0,
TUHO,B.10,B.10.3,Legal closing,24,fixed_annual_keur,INFLATION,3.0,0.02,1.5768992641913981,True,,,,,3.0,1.730697792574194,0.0,0.0,0.0,0.0,0.0,4.730697792574194,1.730697792574194,0.0,
TUHO,B.10,B.10.4,Accounting book-keeping,24,fixed_annual_keur,INFLATION,3.0,0.02,1.5768992641913981,True,,,,,3.0,1.730697792574194,0.0,0.0,0.0,0.0,0.0,4.730697792574194,1.730697792574194,0.0,
TUHO,B.10,B.10.5,Legal Formalities,24,fixed_annual_keur,INFLATION,2.0,0.02,1.5768992641913981,True,,,,,2.0,1.1537985283827963,0.0,0.0,0.0,0.0,0.0,3.1537985283827963,1.1537985283827963,0.0,
TUHO,B.10,B.10.1,Auditors closing,25,fixed_annual_keur,INFLATION,8.0,0.02,1.6084372494752261,True,,,,,8.0,4.867497995801809,0.0,0.0,0.0,0.0,0.0,12.86749799580181,4.867497995801809,0.0,
TUHO,B.10,B.10.2,Accounting closing,25,fixed_annual_keur,INFLATION,8.0,0.02,1.6084372494752261,True,,,,,8.0,4.867497995801809,0.0,0.0,0.0,0.0,0.0,12.86749799580181,4.867497995801809,0.0,
TUHO,B.10,B.10.3,Legal closing,25,fixed_annual_keur,INFLATION,3.0,0.02,1.6084372494752261,True,,,,,3.0,1.825311748425678,0.0,0.0,0.0,0.0,0.0,4.825311748425678,1.825311748425678,0.0,
TUHO,B.10,B.10.4,Accounting book-keeping,25,fixed_annual_keur,INFLATION,3.0,0.02,1.6084372494752261,True,,,,,3.0,1.825311748425678,0.0,0.0,0.0,0.0,0.0,4.825311748425678,1.825311748425678,0.0,
TUHO,B.10,B.10.5,Legal Formalities,25,fixed_annual_keur,INFLATION,2.0,0.02,1.6084372494752261,True,,,,,2.0,1.2168744989504523,0.0,0.0,0.0,0.0,0.0,3.2168744989504523,1.2168744989504523,0.0,
TUHO,B.10,B.10.1,Auditors closing,26,fixed_annual_keur,INFLATION,8.0,0.02,1.6406059944647307,True,,,,,8.0,5.124847955717845,0.0,0.0,0.0,0.0,0.0,13.124847955717845,5.124847955717845,0.0,
TUHO,B.10,B.10.2,Accounting closing,26,fixed_annual_keur,INFLATION,8.0,0.02,1.6406059944647307,True,,,,,8.0,5.124847955717845,0.0,0.0,0.0,0.0,0.0,13.124847955717845,5.124847955717845,0.0,
TUHO,B.10,B.10.3,Legal closing,26,fixed_annual_keur,INFLATION,3.0,0.02,1.6406059944647307,True,,,,,3.0,1.9218179833941917,0.0,0.0,0.0,0.0,0.0,4.921817983394192,1.9218179833941917,0.0,
TUHO,B.10,B.10.4,Accounting book-keeping,26,fixed_annual_keur,INFLATION,3.0,0.02,1.6406059944647307,True,,,,,3.0,1.9218179833941917,0.0,0.0,0.0,0.0,0.0,4.921817983394192,1.9218179833941917,0.0,
TUHO,B.10,B.10.5,Legal Formalities,26,fixed_annual_keur,INFLATION,2.0,0.02,1.6406059944647307,True,,,,,2.0,1.2812119889294613,0.0,0.0,0.0,0.0,0.0,3.2812119889294613,1.2812119889294613,0.0,
TUHO,B.10,B.10.1,Auditors closing,27,fixed_annual_keur,INFLATION,8.0,0.02,1.6734181143540252,True,,,,,8.0,5.387344914832202,0.0,0.0,0.0,0.0,0.0,13.387344914832202,5.387344914832202,0.0,
TUHO,B.10,B.10.2,Accounting closing,27,fixed_annual_keur,INFLATION,8.0,0.02,1.6734181143540252,True,,,,,8.0,5.387344914832202,0.0,0.0,0.0,0.0,0.0,13.387344914832202,5.387344914832202,0.0,
TUHO,B.10,B.10.3,Legal closing,27,fixed_annual_keur,INFLATION,3.0,0.02,1.6734181143540252,True,,,,,3.0,2.020254343062076,0.0,0.0,0.0,0.0,0.0,5.020254343062076,2.020254343062076,0.0,
TUHO,B.10,B.10.4,Accounting book-keeping,27,fixed_annual_keur,INFLATION,3.0,0.02,1.6734181143540252,True,,,,,3.0,2.020254343062076,0.0,0.0,0.0,0.0,0.0,5.020254343062076,2.020254343062076,0.0,
TUHO,B.10,B.10.5,Legal Formalities,27,fixed_annual_keur,INFLATION,2.0,0.02,1.6734181143540252,True,,,,,2.0,1.3468362287080504,0.0,0.0,0.0,0.0,0.0,3.3468362287080504,1.3468362287080504,0.0,
TUHO,B.10,B.10.1,Auditors closing,28,fixed_annual_keur,INFLATION,8.0,0.02,1.7068864766411058,True,,,,,8.0,5.655091813128847,0.0,0.0,0.0,0.0,0.0,13.655091813128847,5.655091813128847,0.0,
TUHO,B.10,B.10.2,Accounting closing,28,fixed_annual_keur,INFLATION,8.0,0.02,1.7068864766411058,True,,,,,8.0,5.655091813128847,0.0,0.0,0.0,0.0,0.0,13.655091813128847,5.655091813128847,0.0,
TUHO,B.10,B.10.3,Legal closing,28,fixed_annual_keur,INFLATION,3.0,0.02,1.7068864766411058,True,,,,,3.0,2.1206594299233172,0.0,0.0,0.0,0.0,0.0,5.120659429923317,2.1206594299233172,0.0,
TUHO,B.10,B.10.4,Accounting book-keeping,28,fixed_annual_keur,INFLATION,3.0,0.02,1.7068864766411058,True,,,,,3.0,2.1206594299233172,0.0,0.0,0.0,0.0,0.0,5.120659429923317,2.1206594299233172,0.0,
TUHO,B.10,B.10.5,Legal Formalities,28,fixed_annual_keur,INFLATION,2.0,0.02,1.7068864766411058,True,,,,,2.0,1.4137729532822116,0.0,0.0,0.0,0.0,0.0,3.4137729532822116,1.4137729532822116,0.0,
TUHO,B.10,B.10.1,Auditors closing,29,fixed_annual_keur,INFLATION,8.0,0.02,1.741024206173928,True,,,,,8.0,5.9281936493914245,0.0,0.0,0.0,0.0,0.0,13.928193649391424,5.9281936493914245,0.0,
TUHO,B.10,B.10.2,Accounting closing,29,fixed_annual_keur,INFLATION,8.0,0.02,1.741024206173928,True,,,,,8.0,5.9281936493914245,0.0,0.0,0.0,0.0,0.0,13.928193649391424,5.9281936493914245,0.0,
TUHO,B.10,B.10.3,Legal closing,29,fixed_annual_keur,INFLATION,3.0,0.02,1.741024206173928,True,,,,,3.0,2.223072618521784,0.0,0.0,0.0,0.0,0.0,5.223072618521784,2.223072618521784,0.0,
TUHO,B.10,B.10.4,Accounting book-keeping,29,fixed_annual_keur,INFLATION,3.0,0.02,1.741024206173928,True,,,,,3.0,2.223072618521784,0.0,0.0,0.0,0.0,0.0,5.223072618521784,2.223072618521784,0.0,
TUHO,B.10,B.10.5,Legal Formalities,29,fixed_annual_keur,INFLATION,2.0,0.02,1.741024206173928,True,,,,,2.0,1.4820484123478561,0.0,0.0,0.0,0.0,0.0,3.482048412347856,1.4820484123478561,0.0,
TUHO,B.10,B.10.1,Auditors closing,30,fixed_annual_keur,INFLATION,8.0,0.02,1.7758446902974065,True,,,,,8.0,6.206757522379252,0.0,0.0,0.0,0.0,0.0,14.206757522379252,6.206757522379252,0.0,
TUHO,B.10,B.10.2,Accounting closing,30,fixed_annual_keur,INFLATION,8.0,0.02,1.7758446902974065,True,,,,,8.0,6.206757522379252,0.0,0.0,0.0,0.0,0.0,14.206757522379252,6.206757522379252,0.0,
TUHO,B.10,B.10.3,Legal closing,30,fixed_annual_keur,INFLATION,3.0,0.02,1.7758446902974065,True,,,,,3.0,2.32753407089222,0.0,0.0,0.0,0.0,0.0,5.32753407089222,2.32753407089222,0.0,
TUHO,B.10,B.10.4,Accounting book-keeping,30,fixed_annual_keur,INFLATION,3.0,0.02,1.7758446902974065,True,,,,,3.0,2.32753407089222,0.0,0.0,0.0,0.0,0.0,5.32753407089222,2.32753407089222,0.0,
TUHO,B.10,B.10.5,Legal Formalities,30,fixed_annual_keur,INFLATION,2.0,0.02,1.7758446902974065,True,,,,,2.0,1.551689380594813,0.0,0.0,0.0,0.0,0.0,3.551689380594813,1.551689380594813,0.0,
TUHO,B.11,B.11.1,Agency Fee,1,fixed_annual_keur,ACTIVE_FLAG,20.0,0.02,1.0,True,,,,,0.0,0.0,0.0,0.0,20.0,0.0,0.0,20.0,20.0,0.0,
TUHO,B.11,B.11.2,Bonds,1,fixed_annual_keur,ZERO_LINE,0.0,0.02,1.0,True,,,,,0.0,0.0,0.0,0.0,0.0,0.0,0.0,0.0,0.0,0.0,
TUHO,B.11,B.11.1,Agency Fee,2,fixed_annual_keur,ACTIVE_FLAG,20.0,0.02,1.02,True,,,,,0.0,0.0,0.0,0.0,20.4,0.0,0.0,20.4,20.4,0.0,
TUHO,B.11,B.11.2,Bonds,2,fixed_annual_keur,ZERO_LINE,0.0,0.02,1.02,True,,,,,0.0,0.0,0.0,0.0,0.0,0.0,0.0,0.0,0.0,0.0,
TUHO,B.11,B.11.1,Agency Fee,3,fixed_annual_keur,ACTIVE_FLAG,20.0,0.02,1.0404,True,,,,,0.0,0.0,0.0,0.0,20.808,0.0,0.0,20.808,20.808,0.0,
TUHO,B.11,B.11.2,Bonds,3,fixed_annual_keur,ZERO_LINE,0.0,0.02,1.0404,True,,,,,0.0,0.0,0.0,0.0,0.0,0.0,0.0,0.0,0.0,0.0,
TUHO,B.11,B.11.1,Agency Fee,4,fixed_annual_keur,ACTIVE_FLAG,20.0,0.02,1.0612080000000002,True,,,,,0.0,0.0,0.0,0.0,21.224160000000005,0.0,0.0,21.224160000000005,21.224160000000005,0.0,
TUHO,B.11,B.11.2,Bonds,4,fixed_annual_keur,ZERO_LINE,0.0,0.02,1.0612080000000002,True,,,,,0.0,0.0,0.0,0.0,0.0,0.0,0.0,0.0,0.0,0.0,
TUHO,B.11,B.11.1,Agency Fee,5,fixed_annual_keur,ACTIVE_FLAG,20.0,0.02,1.08243216,True,,,,,0.0,0.0,0.0,0.0,21.6486432,0.0,0.0,21.6486432,21.6486432,0.0,
TUHO,B.11,B.11.2,Bonds,5,fixed_annual_keur,ZERO_LINE,0.0,0.02,1.08243216,True,,,,,0.0,0.0,0.0,0.0,0.0,0.0,0.0,0.0,0.0,0.0,
TUHO,B.11,B.11.1,Agency Fee,6,fixed_annual_keur,ACTIVE_FLAG,20.0,0.02,1.1040808032,True,,,,,0.0,0.0,0.0,0.0,22.081616064000002,0.0,0.0,22.081616064000002,22.081616064000002,0.0,
TUHO,B.11,B.11.2,Bonds,6,fixed_annual_keur,ZERO_LINE,0.0,0.02,1.1040808032,True,,,,,0.0,0.0,0.0,0.0,0.0,0.0,0.0,0.0,0.0,0.0,
TUHO,B.11,B.11.1,Agency Fee,7,fixed_annual_keur,ACTIVE_FLAG,20.0,0.02,1.126162419264,True,,,,,0.0,0.0,0.0,0.0,22.523248385280002,0.0,0.0,22.523248385280002,22.523248385280002,0.0,
TUHO,B.11,B.11.2,Bonds,7,fixed_annual_keur,ZERO_LINE,0.0,0.02,1.126162419264,True,,,,,0.0,0.0,0.0,0.0,0.0,0.0,0.0,0.0,0.0,0.0,
TUHO,B.11,B.11.1,Agency Fee,8,fixed_annual_keur,ACTIVE_FLAG,20.0,0.02,1.14868566764928,True,,,,,0.0,0.0,0.0,0.0,22.9737133529856,0.0,0.0,22.9737133529856,22.9737133529856,0.0,
TUHO,B.11,B.11.2,Bonds,8,fixed_annual_keur,ZERO_LINE,0.0,0.02,1.14868566764928,True,,,,,0.0,0.0,0.0,0.0,0.0,0.0,0.0,0.0,0.0,0.0,
TUHO,B.11,B.11.1,Agency Fee,9,fixed_annual_keur,ACTIVE_FLAG,20.0,0.02,1.1716593810022657,True,,,,,0.0,0.0,0.0,0.0,23.433187620045317,0.0,0.0,23.433187620045317,23.433187620045317,0.0,
TUHO,B.11,B.11.2,Bonds,9,fixed_annual_keur,ZERO_LINE,0.0,0.02,1.1716593810022657,True,,,,,0.0,0.0,0.0,0.0,0.0,0.0,0.0,0.0,0.0,0.0,
TUHO,B.11,B.11.1,Agency Fee,10,fixed_annual_keur,ACTIVE_FLAG,20.0,0.02,1.195092568622311,True,,,,,0.0,0.0,0.0,0.0,23.90185137244622,0.0,0.0,23.90185137244622,23.90185137244622,0.0,
TUHO,B.11,B.11.2,Bonds,10,fixed_annual_keur,ZERO_LINE,0.0,0.02,1.195092568622311,True,,,,,0.0,0.0,0.0,0.0,0.0,0.0,0.0,0.0,0.0,0.0,
TUHO,B.11,B.11.1,Agency Fee,11,fixed_annual_keur,ACTIVE_FLAG,20.0,0.02,1.2189944199947573,True,,,,,0.0,0.0,0.0,0.0,24.379888399895147,0.0,0.0,24.379888399895147,24.379888399895147,0.0,
TUHO,B.11,B.11.2,Bonds,11,fixed_annual_keur,ZERO_LINE,0.0,0.02,1.2189944199947573,True,,,,,0.0,0.0,0.0,0.0,0.0,0.0,0.0,0.0,0.0,0.0,
TUHO,B.11,B.11.1,Agency Fee,12,fixed_annual_keur,ACTIVE_FLAG,20.0,0.02,1.2433743083946525,True,,,,,0.0,0.0,0.0,0.0,24.86748616789305,0.0,0.0,24.86748616789305,24.86748616789305,0.0,
TUHO,B.11,B.11.2,Bonds,12,fixed_annual_keur,ZERO_LINE,0.0,0.02,1.2433743083946525,True,,,,,0.0,0.0,0.0,0.0,0.0,0.0,0.0,0.0,0.0,0.0,
TUHO,B.11,B.11.1,Agency Fee,13,fixed_annual_keur,ACTIVE_FLAG,20.0,0.02,1.2682417945625455,True,,,,,0.0,0.0,0.0,0.0,25.36483589125091,0.0,0.0,25.36483589125091,25.36483589125091,0.0,
TUHO,B.11,B.11.2,Bonds,13,fixed_annual_keur,ZERO_LINE,0.0,0.02,1.2682417945625455,True,,,,,0.0,0.0,0.0,0.0,0.0,0.0,0.0,0.0,0.0,0.0,
TUHO,B.11,B.11.1,Agency Fee,14,fixed_annual_keur,ACTIVE_FLAG,20.0,0.02,1.2936066304537965,True,,,,,0.0,0.0,0.0,0.0,25.87213260907593,0.0,0.0,25.87213260907593,25.87213260907593,0.0,
TUHO,B.11,B.11.2,Bonds,14,fixed_annual_keur,ZERO_LINE,0.0,0.02,1.2936066304537965,True,,,,,0.0,0.0,0.0,0.0,0.0,0.0,0.0,0.0,0.0,0.0,
TUHO,B.11,B.11.1,Agency Fee,15,fixed_annual_keur,ZERO_LINE,20.0,0.02,1.3194787630628724,False,,,,,0.0,0.0,0.0,0.0,0.0,0.0,0.0,0.0,0.0,0.0,inactive Y15
TUHO,B.11,B.11.2,Bonds,15,fixed_annual_keur,ZERO_LINE,0.0,0.02,1.3194787630628724,False,,,,,0.0,0.0,0.0,0.0,0.0,0.0,0.0,0.0,0.0,0.0,
TUHO,B.11,B.11.1,Agency Fee,16,fixed_annual_keur,ZERO_LINE,20.0,0.02,1.3458683383241299,False,,,,,0.0,0.0,0.0,0.0,0.0,0.0,0.0,0.0,0.0,0.0,inactive Y16
TUHO,B.11,B.11.2,Bonds,16,fixed_annual_keur,ZERO_LINE,0.0,0.02,1.3458683383241299,False,,,,,0.0,0.0,0.0,0.0,0.0,0.0,0.0,0.0,0.0,0.0,
TUHO,B.11,B.11.1,Agency Fee,17,fixed_annual_keur,ZERO_LINE,20.0,0.02,1.3727857050906125,False,,,,,0.0,0.0,0.0,0.0,0.0,0.0,0.0,0.0,0.0,0.0,inactive Y17
TUHO,B.11,B.11.2,Bonds,17,fixed_annual_keur,ZERO_LINE,0.0,0.02,1.3727857050906125,False,,,,,0.0,0.0,0.0,0.0,0.0,0.0,0.0,0.0,0.0,0.0,
TUHO,B.11,B.11.1,Agency Fee,18,fixed_annual_keur,ZERO_LINE,20.0,0.02,1.4002414191924248,False,,,,,0.0,0.0,0.0,0.0,0.0,0.0,0.0,0.0,0.0,0.0,inactive Y18
TUHO,B.11,B.11.2,Bonds,18,fixed_annual_keur,ZERO_LINE,0.0,0.02,1.4002414191924248,False,,,,,0.0,0.0,0.0,0.0,0.0,0.0,0.0,0.0,0.0,0.0,
TUHO,B.11,B.11.1,Agency Fee,19,fixed_annual_keur,ZERO_LINE,20.0,0.02,1.4282462475762734,False,,,,,0.0,0.0,0.0,0.0,0.0,0.0,0.0,0.0,0.0,0.0,inactive Y19
TUHO,B.11,B.11.2,Bonds,19,fixed_annual_keur,ZERO_LINE,0.0,0.02,1.4282462475762734,False,,,,,0.0,0.0,0.0,0.0,0.0,0.0,0.0,0.0,0.0,0.0,
TUHO,B.11,B.11.1,Agency Fee,20,fixed_annual_keur,ZERO_LINE,20.0,0.02,1.4568111725277988,False,,,,,0.0,0.0,0.0,0.0,0.0,0.0,0.0,0.0,0.0,0.0,inactive Y20
TUHO,B.11,B.11.2,Bonds,20,fixed_annual_keur,ZERO_LINE,0.0,0.02,1.4568111725277988,False,,,,,0.0,0.0,0.0,0.0,0.0,0.0,0.0,0.0,0.0,0.0,
TUHO,B.11,B.11.1,Agency Fee,21,fixed_annual_keur,ZERO_LINE,20.0,0.02,1.485947395978355,False,,,,,0.0,0.0,0.0,0.0,0.0,0.0,0.0,0.0,0.0,0.0,inactive Y21
TUHO,B.11,B.11.2,Bonds,21,fixed_annual_keur,ZERO_LINE,0.0,0.02,1.485947395978355,False,,,,,0.0,0.0,0.0,0.0,0.0,0.0,0.0,0.0,0.0,0.0,
TUHO,B.11,B.11.1,Agency Fee,22,fixed_annual_keur,ZERO_LINE,20.0,0.02,1.5156663438979219,False,,,,,0.0,0.0,0.0,0.0,0.0,0.0,0.0,0.0,0.0,0.0,inactive Y22
TUHO,B.11,B.11.2,Bonds,22,fixed_annual_keur,ZERO_LINE,0.0,0.02,1.5156663438979219,False,,,,,0.0,0.0,0.0,0.0,0.0,0.0,0.0,0.0,0.0,0.0,
TUHO,B.11,B.11.1,Agency Fee,23,fixed_annual_keur,ZERO_LINE,20.0,0.02,1.5459796707758804,False,,,,,0.0,0.0,0.0,0.0,0.0,0.0,0.0,0.0,0.0,0.0,inactive Y23
TUHO,B.11,B.11.2,Bonds,23,fixed_annual_keur,ZERO_LINE,0.0,0.02,1.5459796707758804,False,,,,,0.0,0.0,0.0,0.0,0.0,0.0,0.0,0.0,0.0,0.0,
TUHO,B.11,B.11.1,Agency Fee,24,fixed_annual_keur,ZERO_LINE,20.0,0.02,1.5768992641913981,False,,,,,0.0,0.0,0.0,0.0,0.0,0.0,0.0,0.0,0.0,0.0,inactive Y24
TUHO,B.11,B.11.2,Bonds,24,fixed_annual_keur,ZERO_LINE,0.0,0.02,1.5768992641913981,False,,,,,0.0,0.0,0.0,0.0,0.0,0.0,0.0,0.0,0.0,0.0,
TUHO,B.11,B.11.1,Agency Fee,25,fixed_annual_keur,ZERO_LINE,20.0,0.02,1.6084372494752261,False,,,,,0.0,0.0,0.0,0.0,0.0,0.0,0.0,0.0,0.0,0.0,inactive Y25
TUHO,B.11,B.11.2,Bonds,25,fixed_annual_keur,ZERO_LINE,0.0,0.02,1.6084372494752261,False,,,,,0.0,0.0,0.0,0.0,0.0,0.0,0.0,0.0,0.0,0.0,
TUHO,B.11,B.11.1,Agency Fee,26,fixed_annual_keur,ZERO_LINE,20.0,0.02,1.6406059944647307,False,,,,,0.0,0.0,0.0,0.0,0.0,0.0,0.0,0.0,0.0,0.0,inactive Y26
TUHO,B.11,B.11.2,Bonds,26,fixed_annual_keur,ZERO_LINE,0.0,0.02,1.6406059944647307,False,,,,,0.0,0.0,0.0,0.0,0.0,0.0,0.0,0.0,0.0,0.0,
TUHO,B.11,B.11.1,Agency Fee,27,fixed_annual_keur,ZERO_LINE,20.0,0.02,1.6734181143540252,False,,,,,0.0,0.0,0.0,0.0,0.0,0.0,0.0,0.0,0.0,0.0,inactive Y27
TUHO,B.11,B.11.2,Bonds,27,fixed_annual_keur,ZERO_LINE,0.0,0.02,1.6734181143540252,False,,,,,0.0,0.0,0.0,0.0,0.0,0.0,0.0,0.0,0.0,0.0,
TUHO,B.11,B.11.1,Agency Fee,28,fixed_annual_keur,ZERO_LINE,20.0,0.02,1.7068864766411058,False,,,,,0.0,0.0,0.0,0.0,0.0,0.0,0.0,0.0,0.0,0.0,inactive Y28
TUHO,B.11,B.11.2,Bonds,28,fixed_annual_keur,ZERO_LINE,0.0,0.02,1.7068864766411058,False,,,,,0.0,0.0,0.0,0.0,0.0,0.0,0.0,0.0,0.0,0.0,
TUHO,B.11,B.11.1,Agency Fee,29,fixed_annual_keur,ZERO_LINE,20.0,0.02,1.741024206173928,False,,,,,0.0,0.0,0.0,0.0,0.0,0.0,0.0,0.0,0.0,0.0,inactive Y29
TUHO,B.11,B.11.2,Bonds,29,fixed_annual_keur,ZERO_LINE,0.0,0.02,1.741024206173928,False,,,,,0.0,0.0,0.0,0.0,0.0,0.0,0.0,0.0,0.0,0.0,
TUHO,B.11,B.11.1,Agency Fee,30,fixed_annual_keur,ZERO_LINE,20.0,0.02,1.7758446902974065,False,,,,,0.0,0.0,0.0,0.0,0.0,0.0,0.0,0.0,0.0,0.0,inactive Y30
TUHO,B.11,B.11.2,Bonds,30,fixed_annual_keur,ZERO_LINE,0.0,0.02,1.7758446902974065,False,,,,,0.0,0.0,0.0,0.0,0.0,0.0,0.0,0.0,0.0,0.0,
TUHO,B.12,B.12.1,Mitigation measures,1,fixed_annual_keur,INFLATION,50.0,0.02,1.0,True,,,,,50.0,0.0,0.0,0.0,0.0,0.0,0.0,50.0,0.0,0.0,
TUHO,B.12,B.12.2,Agrinergie,1,fixed_annual_keur,INFLATION,20.0,0.02,1.0,True,,,,,20.0,0.0,0.0,0.0,0.0,0.0,0.0,20.0,0.0,0.0,
TUHO,B.12,B.12.3,Fauna and Flora Monitoring,1,fixed_annual_keur,INFLATION,30.0,0.02,1.0,True,,,,,30.0,0.0,0.0,0.0,0.0,0.0,0.0,30.0,0.0,0.0,
TUHO,B.12,B.12.4,E&S monitoring,1,fixed_annual_keur,INFLATION,50.0,0.02,1.0,True,,,,,50.0,0.0,0.0,0.0,0.0,0.0,0.0,50.0,0.0,0.0,
TUHO,B.12,B.12.5,HSE visits,1,fixed_annual_keur,INFLATION,50.0,0.02,1.0,True,,,,,50.0,0.0,0.0,0.0,0.0,0.0,0.0,50.0,0.0,0.0,
TUHO,B.12,B.12.1,Mitigation measures,2,fixed_annual_keur,INFLATION,50.0,0.02,1.02,True,,,,,50.0,1.0,0.0,0.0,0.0,0.0,0.0,51.0,1.0,0.0,
TUHO,B.12,B.12.2,Agrinergie,2,fixed_annual_keur,INFLATION,20.0,0.02,1.02,True,,,,,20.0,0.3999999999999986,0.0,0.0,0.0,0.0,0.0,20.4,0.3999999999999986,0.0,
TUHO,B.12,B.12.3,Fauna and Flora Monitoring,2,fixed_annual_keur,INFLATION,30.0,0.02,1.02,True,,,,,30.0,0.6000000000000014,0.0,0.0,0.0,0.0,0.0,30.6,0.6000000000000014,0.0,
TUHO,B.12,B.12.4,E&S monitoring,2,fixed_annual_keur,INFLATION,50.0,0.02,1.02,True,,,,,50.0,1.0,0.0,0.0,0.0,0.0,0.0,51.0,1.0,0.0,
TUHO,B.12,B.12.5,HSE visits,2,fixed_annual_keur,INFLATION,50.0,0.02,1.02,True,,,,,50.0,1.0,0.0,0.0,0.0,0.0,0.0,51.0,1.0,0.0,
TUHO,B.12,B.12.1,Mitigation measures,3,fixed_annual_keur,INFLATION,50.0,0.02,1.0404,True,,,,,50.0,2.019999999999996,0.0,0.0,0.0,0.0,0.0,52.019999999999996,2.019999999999996,0.0,
TUHO,B.12,B.12.2,Agrinergie,3,fixed_annual_keur,INFLATION,20.0,0.02,1.0404,True,,,,,20.0,0.8079999999999998,0.0,0.0,0.0,0.0,0.0,20.808,0.8079999999999998,0.0,
TUHO,B.12,B.12.3,Fauna and Flora Monitoring,3,fixed_annual_keur,INFLATION,30.0,0.02,1.0404,True,,,,,30.0,1.2119999999999997,0.0,0.0,0.0,0.0,0.0,31.212,1.2119999999999997,0.0,
TUHO,B.12,B.12.4,E&S monitoring,3,fixed_annual_keur,INFLATION,50.0,0.02,1.0404,True,,,,,50.0,2.019999999999996,0.0,0.0,0.0,0.0,0.0,52.019999999999996,2.019999999999996,0.0,
TUHO,B.12,B.12.5,HSE visits,3,fixed_annual_keur,INFLATION,50.0,0.02,1.0404,True,,,,,50.0,2.019999999999996,0.0,0.0,0.0,0.0,0.0,52.019999999999996,2.019999999999996,0.0,
TUHO,B.12,B.12.1,Mitigation measures,4,fixed_annual_keur,INFLATION,50.0,0.02,1.0612080000000002,True,,,,,50.0,3.0604000000000084,0.0,0.0,0.0,0.0,0.0,53.06040000000001,3.0604000000000084,0.0,
TUHO,B.12,B.12.2,Agrinergie,4,fixed_annual_keur,INFLATION,20.0,0.02,1.0612080000000002,True,,,,,20.0,1.2241600000000048,0.0,0.0,0.0,0.0,0.0,21.224160000000005,1.2241600000000048,0.0,
TUHO,B.12,B.12.3,Fauna and Flora Monitoring,4,fixed_annual_keur,INFLATION,30.0,0.02,1.0612080000000002,True,,,,,30.0,1.8362400000000036,0.0,0.0,0.0,0.0,0.0,31.836240000000004,1.8362400000000036,0.0,
TUHO,B.12,B.12.4,E&S monitoring,4,fixed_annual_keur,INFLATION,50.0,0.02,1.0612080000000002,True,,,,,50.0,3.0604000000000084,0.0,0.0,0.0,0.0,0.0,53.06040000000001,3.0604000000000084,0.0,
TUHO,B.12,B.12.5,HSE visits,4,fixed_annual_keur,INFLATION,50.0,0.02,1.0612080000000002,True,,,,,50.0,3.0604000000000084,0.0,0.0,0.0,0.0,0.0,53.06040000000001,3.0604000000000084,0.0,
TUHO,B.12,B.12.1,Mitigation measures,5,fixed_annual_keur,INFLATION,50.0,0.02,1.08243216,True,,,,,50.0,4.121608000000002,0.0,0.0,0.0,0.0,0.0,54.121608,4.121608000000002,0.0,
TUHO,B.12,B.12.2,Agrinergie,5,fixed_annual_keur,INFLATION,20.0,0.02,1.08243216,True,,,,,20.0,1.6486431999999986,0.0,0.0,0.0,0.0,0.0,21.6486432,1.6486431999999986,0.0,
TUHO,B.12,B.12.3,Fauna and Flora Monitoring,5,fixed_annual_keur,INFLATION,30.0,0.02,1.08243216,True,,,,,30.0,2.4729647999999997,0.0,0.0,0.0,0.0,0.0,32.4729648,2.4729647999999997,0.0,
TUHO,B.12,B.12.4,E&S monitoring,5,fixed_annual_keur,INFLATION,50.0,0.02,1.08243216,True,,,,,50.0,4.121608000000002,0.0,0.0,0.0,0.0,0.0,54.121608,4.121608000000002,0.0,
TUHO,B.12,B.12.5,HSE visits,5,fixed_annual_keur,INFLATION,50.0,0.02,1.08243216,True,,,,,50.0,4.121608000000002,0.0,0.0,0.0,0.0,0.0,54.121608,4.121608000000002,0.0,
TUHO,B.12,B.12.1,Mitigation measures,6,fixed_annual_keur,INFLATION,50.0,0.02,1.1040808032,True,,,,,50.0,5.204040159999998,0.0,0.0,0.0,0.0,0.0,55.20404016,5.204040159999998,0.0,
TUHO,B.12,B.12.2,Agrinergie,6,fixed_annual_keur,INFLATION,20.0,0.02,1.1040808032,True,,,,,20.0,2.081616064000002,0.0,0.0,0.0,0.0,0.0,22.081616064000002,2.081616064000002,0.0,
TUHO,B.12,B.12.3,Fauna and Flora Monitoring,6,fixed_annual_keur,INFLATION,30.0,0.02,1.1040808032,True,,,,,30.0,3.122424096000003,0.0,0.0,0.0,0.0,0.0,33.122424096,3.122424096000003,0.0,
TUHO,B.12,B.12.4,E&S monitoring,6,fixed_annual_keur,INFLATION,50.0,0.02,1.1040808032,True,,,,,50.0,5.204040159999998,0.0,0.0,0.0,0.0,0.0,55.20404016,5.204040159999998,0.0,
TUHO,B.12,B.12.5,HSE visits,6,fixed_annual_keur,INFLATION,50.0,0.02,1.1040808032,True,,,,,50.0,5.204040159999998,0.0,0.0,0.0,0.0,0.0,55.20404016,5.204040159999998,0.0,
TUHO,B.12,B.12.1,Mitigation measures,7,fixed_annual_keur,INFLATION,50.0,0.02,1.126162419264,True,,,,,50.0,6.308120963200004,0.0,0.0,0.0,0.0,0.0,56.308120963200004,6.308120963200004,0.0,
TUHO,B.12,B.12.2,Agrinergie,7,fixed_annual_keur,INFLATION,20.0,0.02,1.126162419264,True,,,,,20.0,2.5232483852800023,0.0,0.0,0.0,0.0,0.0,22.523248385280002,2.5232483852800023,0.0,
TUHO,B.12,B.12.3,Fauna and Flora Monitoring,7,fixed_annual_keur,INFLATION,30.0,0.02,1.126162419264,True,,,,,30.0,3.784872577920005,0.0,0.0,0.0,0.0,0.0,33.784872577920005,3.784872577920005,0.0,
TUHO,B.12,B.12.4,E&S monitoring,7,fixed_annual_keur,INFLATION,50.0,0.02,1.126162419264,True,,,,,50.0,6.308120963200004,0.0,0.0,0.0,0.0,0.0,56.308120963200004,6.308120963200004,0.0,
TUHO,B.12,B.12.5,HSE visits,7,fixed_annual_keur,INFLATION,50.0,0.02,1.126162419264,True,,,,,50.0,6.308120963200004,0.0,0.0,0.0,0.0,0.0,56.308120963200004,6.308120963200004,0.0,
TUHO,B.12,B.12.1,Mitigation measures,8,fixed_annual_keur,INFLATION,50.0,0.02,1.14868566764928,True,,,,,50.0,7.434283382464002,0.0,0.0,0.0,0.0,0.0,57.434283382464,7.434283382464002,0.0,
TUHO,B.12,B.12.2,Agrinergie,8,fixed_annual_keur,INFLATION,20.0,0.02,1.14868566764928,True,,,,,20.0,2.9737133529856017,0.0,0.0,0.0,0.0,0.0,22.9737133529856,2.9737133529856017,0.0,
TUHO,B.12,B.12.3,Fauna and Flora Monitoring,8,fixed_annual_keur,INFLATION,30.0,0.02,1.14868566764928,True,,,,,30.0,4.460570029478404,0.0,0.0,0.0,0.0,0.0,34.460570029478404,4.460570029478404,0.0,
TUHO,B.12,B.12.4,E&S monitoring,8,fixed_annual_keur,INFLATION,50.0,0.02,1.14868566764928,True,,,,,50.0,7.434283382464002,0.0,0.0,0.0,0.0,0.0,57.434283382464,7.434283382464002,0.0,
TUHO,B.12,B.12.5,HSE visits,8,fixed_annual_keur,INFLATION,50.0,0.02,1.14868566764928,True,,,,,50.0,7.434283382464002,0.0,0.0,0.0,0.0,0.0,57.434283382464,7.434283382464002,0.0,
TUHO,B.12,B.12.1,Mitigation measures,9,fixed_annual_keur,INFLATION,50.0,0.02,1.1716593810022657,True,,,,,50.0,8.582969050113284,0.0,0.0,0.0,0.0,0.0,58.582969050113284,8.582969050113284,0.0,
TUHO,B.12,B.12.2,Agrinergie,9,fixed_annual_keur,INFLATION,20.0,0.02,1.1716593810022657,True,,,,,20.0,3.4331876200453166,0.0,0.0,0.0,0.0,0.0,23.433187620045317,3.4331876200453166,0.0,
TUHO,B.12,B.12.3,Fauna and Flora Monitoring,9,fixed_annual_keur,INFLATION,30.0,0.02,1.1716593810022657,True,,,,,30.0,5.149781430067975,0.0,0.0,0.0,0.0,0.0,35.149781430067975,5.149781430067975,0.0,
TUHO,B.12,B.12.4,E&S monitoring,9,fixed_annual_keur,INFLATION,50.0,0.02,1.1716593810022657,True,,,,,50.0,8.582969050113284,0.0,0.0,0.0,0.0,0.0,58.582969050113284,8.582969050113284,0.0,
TUHO,B.12,B.12.5,HSE visits,9,fixed_annual_keur,INFLATION,50.0,0.02,1.1716593810022657,True,,,,,50.0,8.582969050113284,0.0,0.0,0.0,0.0,0.0,58.582969050113284,8.582969050113284,0.0,
TUHO,B.12,B.12.1,Mitigation measures,10,fixed_annual_keur,INFLATION,50.0,0.02,1.195092568622311,True,,,,,50.0,9.754628431115556,0.0,0.0,0.0,0.0,0.0,59.754628431115556,9.754628431115556,0.0,
TUHO,B.12,B.12.2,Agrinergie,10,fixed_annual_keur,INFLATION,20.0,0.02,1.195092568622311,True,,,,,20.0,3.9018513724462203,0.0,0.0,0.0,0.0,0.0,23.90185137244622,3.9018513724462203,0.0,
TUHO,B.12,B.12.3,Fauna and Flora Monitoring,10,fixed_annual_keur,INFLATION,30.0,0.02,1.195092568622311,True,,,,,30.0,5.852777058669332,0.0,0.0,0.0,0.0,0.0,35.85277705866933,5.852777058669332,0.0,
TUHO,B.12,B.12.4,E&S monitoring,10,fixed_annual_keur,INFLATION,50.0,0.02,1.195092568622311,True,,,,,50.0,9.754628431115556,0.0,0.0,0.0,0.0,0.0,59.754628431115556,9.754628431115556,0.0,
TUHO,B.12,B.12.5,HSE visits,10,fixed_annual_keur,INFLATION,50.0,0.02,1.195092568622311,True,,,,,50.0,9.754628431115556,0.0,0.0,0.0,0.0,0.0,59.754628431115556,9.754628431115556,0.0,
TUHO,B.12,B.12.1,Mitigation measures,11,fixed_annual_keur,INFLATION,50.0,0.02,1.2189944199947573,True,,,,,50.0,10.949720999737863,0.0,0.0,0.0,0.0,0.0,60.94972099973786,10.949720999737863,0.0,
TUHO,B.12,B.12.2,Agrinergie,11,fixed_annual_keur,INFLATION,20.0,0.02,1.2189944199947573,True,,,,,20.0,4.379888399895147,0.0,0.0,0.0,0.0,0.0,24.379888399895147,4.379888399895147,0.0,
TUHO,B.12,B.12.3,Fauna and Flora Monitoring,11,fixed_annual_keur,INFLATION,30.0,0.02,1.2189944199947573,True,,,,,30.0,6.569832599842719,0.0,0.0,0.0,0.0,0.0,36.56983259984272,6.569832599842719,0.0,
TUHO,B.12,B.12.4,E&S monitoring,11,fixed_annual_keur,INFLATION,50.0,0.02,1.2189944199947573,True,,,,,50.0,10.949720999737863,0.0,0.0,0.0,0.0,0.0,60.94972099973786,10.949720999737863,0.0,
TUHO,B.12,B.12.5,HSE visits,11,fixed_annual_keur,INFLATION,50.0,0.02,1.2189944199947573,True,,,,,50.0,10.949720999737863,0.0,0.0,0.0,0.0,0.0,60.94972099973786,10.949720999737863,0.0,
TUHO,B.12,B.12.1,Mitigation measures,12,fixed_annual_keur,INFLATION,50.0,0.02,1.2433743083946525,True,,,,,50.0,12.16871541973262,0.0,0.0,0.0,0.0,0.0,62.16871541973262,12.16871541973262,0.0,
TUHO,B.12,B.12.2,Agrinergie,12,fixed_annual_keur,INFLATION,20.0,0.02,1.2433743083946525,True,,,,,20.0,4.867486167893048,0.0,0.0,0.0,0.0,0.0,24.86748616789305,4.867486167893048,0.0,
TUHO,B.12,B.12.3,Fauna and Flora Monitoring,12,fixed_annual_keur,INFLATION,30.0,0.02,1.2433743083946525,True,,,,,30.0,7.3012292518395725,0.0,0.0,0.0,0.0,0.0,37.30122925183957,7.3012292518395725,0.0,
TUHO,B.12,B.12.4,E&S monitoring,12,fixed_annual_keur,INFLATION,50.0,0.02,1.2433743083946525,True,,,,,50.0,12.16871541973262,0.0,0.0,0.0,0.0,0.0,62.16871541973262,12.16871541973262,0.0,
TUHO,B.12,B.12.5,HSE visits,12,fixed_annual_keur,INFLATION,50.0,0.02,1.2433743083946525,True,,,,,50.0,12.16871541973262,0.0,0.0,0.0,0.0,0.0,62.16871541973262,12.16871541973262,0.0,
TUHO,B.12,B.12.1,Mitigation measures,13,fixed_annual_keur,INFLATION,50.0,0.02,1.2682417945625455,True,,,,,50.0,13.412089728127278,0.0,0.0,0.0,0.0,0.0,63.41208972812728,13.412089728127278,0.0,
TUHO,B.12,B.12.2,Agrinergie,13,fixed_annual_keur,INFLATION,20.0,0.02,1.2682417945625455,True,,,,,20.0,5.364835891250909,0.0,0.0,0.0,0.0,0.0,25.36483589125091,5.364835891250909,0.0,
TUHO,B.12,B.12.3,Fauna and Flora Monitoring,13,fixed_annual_keur,INFLATION,30.0,0.02,1.2682417945625455,True,,,,,30.0,8.047253836876365,0.0,0.0,0.0,0.0,0.0,38.047253836876365,8.047253836876365,0.0,
TUHO,B.12,B.12.4,E&S monitoring,13,fixed_annual_keur,INFLATION,50.0,0.02,1.2682417945625455,True,,,,,50.0,13.412089728127278,0.0,0.0,0.0,0.0,0.0,63.41208972812728,13.412089728127278,0.0,
TUHO,B.12,B.12.5,HSE visits,13,fixed_annual_keur,INFLATION,50.0,0.02,1.2682417945625455,True,,,,,50.0,13.412089728127278,0.0,0.0,0.0,0.0,0.0,63.41208972812728,13.412089728127278,0.0,
TUHO,B.12,B.12.1,Mitigation measures,14,fixed_annual_keur,INFLATION,50.0,0.02,1.2936066304537965,True,,,,,50.0,14.680331522689826,0.0,0.0,0.0,0.0,0.0,64.68033152268983,14.680331522689826,0.0,
TUHO,B.12,B.12.2,Agrinergie,14,fixed_annual_keur,INFLATION,20.0,0.02,1.2936066304537965,True,,,,,20.0,5.87213260907593,0.0,0.0,0.0,0.0,0.0,25.87213260907593,5.87213260907593,0.0,
TUHO,B.12,B.12.3,Fauna and Flora Monitoring,14,fixed_annual_keur,INFLATION,30.0,0.02,1.2936066304537965,True,,,,,30.0,8.808198913613893,0.0,0.0,0.0,0.0,0.0,38.80819891361389,8.808198913613893,0.0,
TUHO,B.12,B.12.4,E&S monitoring,14,fixed_annual_keur,INFLATION,50.0,0.02,1.2936066304537965,True,,,,,50.0,14.680331522689826,0.0,0.0,0.0,0.0,0.0,64.68033152268983,14.680331522689826,0.0,
TUHO,B.12,B.12.5,HSE visits,14,fixed_annual_keur,INFLATION,50.0,0.02,1.2936066304537965,True,,,,,50.0,14.680331522689826,0.0,0.0,0.0,0.0,0.0,64.68033152268983,14.680331522689826,0.0,
TUHO,B.12,B.12.1,Mitigation measures,15,fixed_annual_keur,INFLATION,50.0,0.02,1.3194787630628724,True,,,,,50.0,15.97393815314362,0.0,0.0,0.0,0.0,0.0,65.97393815314362,15.97393815314362,0.0,
TUHO,B.12,B.12.2,Agrinergie,15,fixed_annual_keur,INFLATION,20.0,0.02,1.3194787630628724,True,,,,,20.0,6.389575261257448,0.0,0.0,0.0,0.0,0.0,26.38957526125745,6.389575261257448,0.0,
TUHO,B.12,B.12.3,Fauna and Flora Monitoring,15,fixed_annual_keur,INFLATION,30.0,0.02,1.3194787630628724,True,,,,,30.0,9.584362891886173,0.0,0.0,0.0,0.0,0.0,39.58436289188617,9.584362891886173,0.0,
TUHO,B.12,B.12.4,E&S monitoring,15,fixed_annual_keur,INFLATION,50.0,0.02,1.3194787630628724,True,,,,,50.0,15.97393815314362,0.0,0.0,0.0,0.0,0.0,65.97393815314362,15.97393815314362,0.0,
TUHO,B.12,B.12.5,HSE visits,15,fixed_annual_keur,INFLATION,50.0,0.02,1.3194787630628724,True,,,,,50.0,15.97393815314362,0.0,0.0,0.0,0.0,0.0,65.97393815314362,15.97393815314362,0.0,
TUHO,B.12,B.12.1,Mitigation measures,16,fixed_annual_keur,INFLATION,50.0,0.02,1.3458683383241299,True,,,,,50.0,17.293416916206496,0.0,0.0,0.0,0.0,0.0,67.2934169162065,17.293416916206496,0.0,
TUHO,B.12,B.12.2,Agrinergie,16,fixed_annual_keur,INFLATION,20.0,0.02,1.3458683383241299,True,,,,,20.0,6.917366766482598,0.0,0.0,0.0,0.0,0.0,26.917366766482598,6.917366766482598,0.0,
TUHO,B.12,B.12.3,Fauna and Flora Monitoring,16,fixed_annual_keur,INFLATION,30.0,0.02,1.3458683383241299,True,,,,,30.0,10.376050149723895,0.0,0.0,0.0,0.0,0.0,40.376050149723895,10.376050149723895,0.0,
TUHO,B.12,B.12.4,E&S monitoring,16,fixed_annual_keur,INFLATION,50.0,0.02,1.3458683383241299,True,,,,,50.0,17.293416916206496,0.0,0.0,0.0,0.0,0.0,67.2934169162065,17.293416916206496,0.0,
TUHO,B.12,B.12.5,HSE visits,16,fixed_annual_keur,INFLATION,50.0,0.02,1.3458683383241299,True,,,,,50.0,17.293416916206496,0.0,0.0,0.0,0.0,0.0,67.2934169162065,17.293416916206496,0.0,
TUHO,B.12,B.12.1,Mitigation measures,17,fixed_annual_keur,INFLATION,50.0,0.02,1.3727857050906125,True,,,,,50.0,18.63928525453062,0.0,0.0,0.0,0.0,0.0,68.63928525453062,18.63928525453062,0.0,
TUHO,B.12,B.12.2,Agrinergie,17,fixed_annual_keur,INFLATION,20.0,0.02,1.3727857050906125,True,,,,,20.0,7.455714101812248,0.0,0.0,0.0,0.0,0.0,27.455714101812248,7.455714101812248,0.0,
TUHO,B.12,B.12.3,Fauna and Flora Monitoring,17,fixed_annual_keur,INFLATION,30.0,0.02,1.3727857050906125,True,,,,,30.0,11.183571152718372,0.0,0.0,0.0,0.0,0.0,41.18357115271837,11.183571152718372,0.0,
TUHO,B.12,B.12.4,E&S monitoring,17,fixed_annual_keur,INFLATION,50.0,0.02,1.3727857050906125,True,,,,,50.0,18.63928525453062,0.0,0.0,0.0,0.0,0.0,68.63928525453062,18.63928525453062,0.0,
TUHO,B.12,B.12.5,HSE visits,17,fixed_annual_keur,INFLATION,50.0,0.02,1.3727857050906125,True,,,,,50.0,18.63928525453062,0.0,0.0,0.0,0.0,0.0,68.63928525453062,18.63928525453062,0.0,
TUHO,B.12,B.12.1,Mitigation measures,18,fixed_annual_keur,INFLATION,50.0,0.02,1.4002414191924248,True,,,,,50.0,20.01207095962124,0.0,0.0,0.0,0.0,0.0,70.01207095962124,20.01207095962124,0.0,
TUHO,B.12,B.12.2,Agrinergie,18,fixed_annual_keur,INFLATION,20.0,0.02,1.4002414191924248,True,,,,,20.0,8.004828383848498,0.0,0.0,0.0,0.0,0.0,28.004828383848498,8.004828383848498,0.0,
TUHO,B.12,B.12.3,Fauna and Flora Monitoring,18,fixed_annual_keur,INFLATION,30.0,0.02,1.4002414191924248,True,,,,,30.0,12.007242575772743,0.0,0.0,0.0,0.0,0.0,42.00724257577274,12.007242575772743,0.0,
TUHO,B.12,B.12.4,E&S monitoring,18,fixed_annual_keur,INFLATION,50.0,0.02,1.4002414191924248,True,,,,,50.0,20.01207095962124,0.0,0.0,0.0,0.0,0.0,70.01207095962124,20.01207095962124,0.0,
TUHO,B.12,B.12.5,HSE visits,18,fixed_annual_keur,INFLATION,50.0,0.02,1.4002414191924248,True,,,,,50.0,20.01207095962124,0.0,0.0,0.0,0.0,0.0,70.01207095962124,20.01207095962124,0.0,
TUHO,B.12,B.12.1,Mitigation measures,19,fixed_annual_keur,INFLATION,50.0,0.02,1.4282462475762734,True,,,,,50.0,21.412312378813667,0.0,0.0,0.0,0.0,0.0,71.41231237881367,21.412312378813667,0.0,
TUHO,B.12,B.12.2,Agrinergie,19,fixed_annual_keur,INFLATION,20.0,0.02,1.4282462475762734,True,,,,,20.0,8.56492495152547,0.0,0.0,0.0,0.0,0.0,28.56492495152547,8.56492495152547,0.0,
TUHO,B.12,B.12.3,Fauna and Flora Monitoring,19,fixed_annual_keur,INFLATION,30.0,0.02,1.4282462475762734,True,,,,,30.0,12.847387427288204,0.0,0.0,0.0,0.0,0.0,42.847387427288204,12.847387427288204,0.0,
TUHO,B.12,B.12.4,E&S monitoring,19,fixed_annual_keur,INFLATION,50.0,0.02,1.4282462475762734,True,,,,,50.0,21.412312378813667,0.0,0.0,0.0,0.0,0.0,71.41231237881367,21.412312378813667,0.0,
TUHO,B.12,B.12.5,HSE visits,19,fixed_annual_keur,INFLATION,50.0,0.02,1.4282462475762734,True,,,,,50.0,21.412312378813667,0.0,0.0,0.0,0.0,0.0,71.41231237881367,21.412312378813667,0.0,
TUHO,B.12,B.12.1,Mitigation measures,20,fixed_annual_keur,INFLATION,50.0,0.02,1.4568111725277988,True,,,,,50.0,22.840558626389935,0.0,0.0,0.0,0.0,0.0,72.84055862638994,22.840558626389935,0.0,
TUHO,B.12,B.12.2,Agrinergie,20,fixed_annual_keur,INFLATION,20.0,0.02,1.4568111725277988,True,,,,,20.0,9.136223450555974,0.0,0.0,0.0,0.0,0.0,29.136223450555974,9.136223450555974,0.0,
TUHO,B.12,B.12.3,Fauna and Flora Monitoring,20,fixed_annual_keur,INFLATION,30.0,0.02,1.4568111725277988,True,,,,,30.0,13.704335175833961,0.0,0.0,0.0,0.0,0.0,43.70433517583396,13.704335175833961,0.0,
TUHO,B.12,B.12.4,E&S monitoring,20,fixed_annual_keur,INFLATION,50.0,0.02,1.4568111725277988,True,,,,,50.0,22.840558626389935,0.0,0.0,0.0,0.0,0.0,72.84055862638994,22.840558626389935,0.0,
TUHO,B.12,B.12.5,HSE visits,20,fixed_annual_keur,INFLATION,50.0,0.02,1.4568111725277988,True,,,,,50.0,22.840558626389935,0.0,0.0,0.0,0.0,0.0,72.84055862638994,22.840558626389935,0.0,
TUHO,B.12,B.12.1,Mitigation measures,21,fixed_annual_keur,INFLATION,50.0,0.02,1.485947395978355,True,,,,,50.0,24.297369798917742,0.0,0.0,0.0,0.0,0.0,74.29736979891774,24.297369798917742,0.0,
TUHO,B.12,B.12.2,Agrinergie,21,fixed_annual_keur,INFLATION,20.0,0.02,1.485947395978355,True,,,,,20.0,9.7189479195671,0.0,0.0,0.0,0.0,0.0,29.7189479195671,9.7189479195671,0.0,
TUHO,B.12,B.12.3,Fauna and Flora Monitoring,21,fixed_annual_keur,INFLATION,30.0,0.02,1.485947395978355,True,,,,,30.0,14.57842187935065,0.0,0.0,0.0,0.0,0.0,44.57842187935065,14.57842187935065,0.0,
TUHO,B.12,B.12.4,E&S monitoring,21,fixed_annual_keur,INFLATION,50.0,0.02,1.485947395978355,True,,,,,50.0,24.297369798917742,0.0,0.0,0.0,0.0,0.0,74.29736979891774,24.297369798917742,0.0,
TUHO,B.12,B.12.5,HSE visits,21,fixed_annual_keur,INFLATION,50.0,0.02,1.485947395978355,True,,,,,50.0,24.297369798917742,0.0,0.0,0.0,0.0,0.0,74.29736979891774,24.297369798917742,0.0,
TUHO,B.12,B.12.1,Mitigation measures,22,fixed_annual_keur,INFLATION,50.0,0.02,1.5156663438979219,True,,,,,50.0,25.7833171948961,0.0,0.0,0.0,0.0,0.0,75.7833171948961,25.7833171948961,0.0,
TUHO,B.12,B.12.2,Agrinergie,22,fixed_annual_keur,INFLATION,20.0,0.02,1.5156663438979219,True,,,,,20.0,10.313326877958438,0.0,0.0,0.0,0.0,0.0,30.31332687795844,10.313326877958438,0.0,
TUHO,B.12,B.12.3,Fauna and Flora Monitoring,22,fixed_annual_keur,INFLATION,30.0,0.02,1.5156663438979219,True,,,,,30.0,15.469990316937654,0.0,0.0,0.0,0.0,0.0,45.469990316937654,15.469990316937654,0.0,
TUHO,B.12,B.12.4,E&S monitoring,22,fixed_annual_keur,INFLATION,50.0,0.02,1.5156663438979219,True,,,,,50.0,25.7833171948961,0.0,0.0,0.0,0.0,0.0,75.7833171948961,25.7833171948961,0.0,
TUHO,B.12,B.12.5,HSE visits,22,fixed_annual_keur,INFLATION,50.0,0.02,1.5156663438979219,True,,,,,50.0,25.7833171948961,0.0,0.0,0.0,0.0,0.0,75.7833171948961,25.7833171948961,0.0,
TUHO,B.12,B.12.1,Mitigation measures,23,fixed_annual_keur,INFLATION,50.0,0.02,1.5459796707758804,True,,,,,50.0,27.29898353879402,0.0,0.0,0.0,0.0,0.0,77.29898353879402,27.29898353879402,0.0,
TUHO,B.12,B.12.2,Agrinergie,23,fixed_annual_keur,INFLATION,20.0,0.02,1.5459796707758804,True,,,,,20.0,10.919593415517607,0.0,0.0,0.0,0.0,0.0,30.919593415517607,10.919593415517607,0.0,
TUHO,B.12,B.12.3,Fauna and Flora Monitoring,23,fixed_annual_keur,INFLATION,30.0,0.02,1.5459796707758804,True,,,,,30.0,16.37939012327641,0.0,0.0,0.0,0.0,0.0,46.37939012327641,16.37939012327641,0.0,
TUHO,B.12,B.12.4,E&S monitoring,23,fixed_annual_keur,INFLATION,50.0,0.02,1.5459796707758804,True,,,,,50.0,27.29898353879402,0.0,0.0,0.0,0.0,0.0,77.29898353879402,27.29898353879402,0.0,
TUHO,B.12,B.12.5,HSE visits,23,fixed_annual_keur,INFLATION,50.0,0.02,1.5459796707758804,True,,,,,50.0,27.29898353879402,0.0,0.0,0.0,0.0,0.0,77.29898353879402,27.29898353879402,0.0,
TUHO,B.12,B.12.1,Mitigation measures,24,fixed_annual_keur,INFLATION,50.0,0.02,1.5768992641913981,True,,,,,50.0,28.84496320956991,0.0,0.0,0.0,0.0,0.0,78.84496320956991,28.84496320956991,0.0,
TUHO,B.12,B.12.2,Agrinergie,24,fixed_annual_keur,INFLATION,20.0,0.02,1.5768992641913981,True,,,,,20.0,11.537985283827965,0.0,0.0,0.0,0.0,0.0,31.537985283827965,11.537985283827965,0.0,
TUHO,B.12,B.12.3,Fauna and Flora Monitoring,24,fixed_annual_keur,INFLATION,30.0,0.02,1.5768992641913981,True,,,,,30.0,17.306977925741947,0.0,0.0,0.0,0.0,0.0,47.30697792574195,17.306977925741947,0.0,
TUHO,B.12,B.12.4,E&S monitoring,24,fixed_annual_keur,INFLATION,50.0,0.02,1.5768992641913981,True,,,,,50.0,28.84496320956991,0.0,0.0,0.0,0.0,0.0,78.84496320956991,28.84496320956991,0.0,
TUHO,B.12,B.12.5,HSE visits,24,fixed_annual_keur,INFLATION,50.0,0.02,1.5768992641913981,True,,,,,50.0,28.84496320956991,0.0,0.0,0.0,0.0,0.0,78.84496320956991,28.84496320956991,0.0,
TUHO,B.12,B.12.1,Mitigation measures,25,fixed_annual_keur,INFLATION,50.0,0.02,1.6084372494752261,True,,,,,50.0,30.42186247376131,0.0,0.0,0.0,0.0,0.0,80.42186247376131,30.42186247376131,0.0,
TUHO,B.12,B.12.2,Agrinergie,25,fixed_annual_keur,INFLATION,20.0,0.02,1.6084372494752261,True,,,,,20.0,12.168744989504525,0.0,0.0,0.0,0.0,0.0,32.168744989504525,12.168744989504525,0.0,
TUHO,B.12,B.12.3,Fauna and Flora Monitoring,25,fixed_annual_keur,INFLATION,30.0,0.02,1.6084372494752261,True,,,,,30.0,18.253117484256784,0.0,0.0,0.0,0.0,0.0,48.253117484256784,18.253117484256784,0.0,
TUHO,B.12,B.12.4,E&S monitoring,25,fixed_annual_keur,INFLATION,50.0,0.02,1.6084372494752261,True,,,,,50.0,30.42186247376131,0.0,0.0,0.0,0.0,0.0,80.42186247376131,30.42186247376131,0.0,
TUHO,B.12,B.12.5,HSE visits,25,fixed_annual_keur,INFLATION,50.0,0.02,1.6084372494752261,True,,,,,50.0,30.42186247376131,0.0,0.0,0.0,0.0,0.0,80.42186247376131,30.42186247376131,0.0,
TUHO,B.12,B.12.1,Mitigation measures,26,fixed_annual_keur,INFLATION,50.0,0.02,1.6406059944647307,True,,,,,50.0,32.03029972323654,0.0,0.0,0.0,0.0,0.0,82.03029972323654,32.03029972323654,0.0,
TUHO,B.12,B.12.2,Agrinergie,26,fixed_annual_keur,INFLATION,20.0,0.02,1.6406059944647307,True,,,,,20.0,12.812119889294614,0.0,0.0,0.0,0.0,0.0,32.812119889294614,12.812119889294614,0.0,
TUHO,B.12,B.12.3,Fauna and Flora Monitoring,26,fixed_annual_keur,INFLATION,30.0,0.02,1.6406059944647307,True,,,,,30.0,19.218179833941917,0.0,0.0,0.0,0.0,0.0,49.21817983394192,19.218179833941917,0.0,
TUHO,B.12,B.12.4,E&S monitoring,26,fixed_annual_keur,INFLATION,50.0,0.02,1.6406059944647307,True,,,,,50.0,32.03029972323654,0.0,0.0,0.0,0.0,0.0,82.03029972323654,32.03029972323654,0.0,
TUHO,B.12,B.12.5,HSE visits,26,fixed_annual_keur,INFLATION,50.0,0.02,1.6406059944647307,True,,,,,50.0,32.03029972323654,0.0,0.0,0.0,0.0,0.0,82.03029972323654,32.03029972323654,0.0,
TUHO,B.12,B.12.1,Mitigation measures,27,fixed_annual_keur,INFLATION,50.0,0.02,1.6734181143540252,True,,,,,50.0,33.67090571770126,0.0,0.0,0.0,0.0,0.0,83.67090571770126,33.67090571770126,0.0,
TUHO,B.12,B.12.2,Agrinergie,27,fixed_annual_keur,INFLATION,20.0,0.02,1.6734181143540252,True,,,,,20.0,13.468362287080502,0.0,0.0,0.0,0.0,0.0,33.4683622870805,13.468362287080502,0.0,
TUHO,B.12,B.12.3,Fauna and Flora Monitoring,27,fixed_annual_keur,INFLATION,30.0,0.02,1.6734181143540252,True,,,,,30.0,20.202543430620757,0.0,0.0,0.0,0.0,0.0,50.20254343062076,20.202543430620757,0.0,
TUHO,B.12,B.12.4,E&S monitoring,27,fixed_annual_keur,INFLATION,50.0,0.02,1.6734181143540252,True,,,,,50.0,33.67090571770126,0.0,0.0,0.0,0.0,0.0,83.67090571770126,33.67090571770126,0.0,
TUHO,B.12,B.12.5,HSE visits,27,fixed_annual_keur,INFLATION,50.0,0.02,1.6734181143540252,True,,,,,50.0,33.67090571770126,0.0,0.0,0.0,0.0,0.0,83.67090571770126,33.67090571770126,0.0,
TUHO,B.12,B.12.1,Mitigation measures,28,fixed_annual_keur,INFLATION,50.0,0.02,1.7068864766411058,True,,,,,50.0,35.344323832055295,0.0,0.0,0.0,0.0,0.0,85.3443238320553,35.344323832055295,0.0,
TUHO,B.12,B.12.2,Agrinergie,28,fixed_annual_keur,INFLATION,20.0,0.02,1.7068864766411058,True,,,,,20.0,14.137729532822114,0.0,0.0,0.0,0.0,0.0,34.137729532822114,14.137729532822114,0.0,
TUHO,B.12,B.12.3,Fauna and Flora Monitoring,28,fixed_annual_keur,INFLATION,30.0,0.02,1.7068864766411058,True,,,,,30.0,21.206594299233174,0.0,0.0,0.0,0.0,0.0,51.206594299233174,21.206594299233174,0.0,
TUHO,B.12,B.12.4,E&S monitoring,28,fixed_annual_keur,INFLATION,50.0,0.02,1.7068864766411058,True,,,,,50.0,35.344323832055295,0.0,0.0,0.0,0.0,0.0,85.3443238320553,35.344323832055295,0.0,
TUHO,B.12,B.12.5,HSE visits,28,fixed_annual_keur,INFLATION,50.0,0.02,1.7068864766411058,True,,,,,50.0,35.344323832055295,0.0,0.0,0.0,0.0,0.0,85.3443238320553,35.344323832055295,0.0,
TUHO,B.12,B.12.1,Mitigation measures,29,fixed_annual_keur,INFLATION,50.0,0.02,1.741024206173928,True,,,,,50.0,37.0512103086964,0.0,0.0,0.0,0.0,0.0,87.0512103086964,37.0512103086964,0.0,
TUHO,B.12,B.12.2,Agrinergie,29,fixed_annual_keur,INFLATION,20.0,0.02,1.741024206173928,True,,,,,20.0,14.820484123478565,0.0,0.0,0.0,0.0,0.0,34.820484123478565,14.820484123478565,0.0,
TUHO,B.12,B.12.3,Fauna and Flora Monitoring,29,fixed_annual_keur,INFLATION,30.0,0.02,1.741024206173928,True,,,,,30.0,22.23072618521784,0.0,0.0,0.0,0.0,0.0,52.23072618521784,22.23072618521784,0.0,
TUHO,B.12,B.12.4,E&S monitoring,29,fixed_annual_keur,INFLATION,50.0,0.02,1.741024206173928,True,,,,,50.0,37.0512103086964,0.0,0.0,0.0,0.0,0.0,87.0512103086964,37.0512103086964,0.0,
TUHO,B.12,B.12.5,HSE visits,29,fixed_annual_keur,INFLATION,50.0,0.02,1.741024206173928,True,,,,,50.0,37.0512103086964,0.0,0.0,0.0,0.0,0.0,87.0512103086964,37.0512103086964,0.0,
TUHO,B.12,B.12.1,Mitigation measures,30,fixed_annual_keur,INFLATION,50.0,0.02,1.7758446902974065,True,,,,,50.0,38.79223451487033,0.0,0.0,0.0,0.0,0.0,88.79223451487033,38.79223451487033,0.0,
TUHO,B.12,B.12.2,Agrinergie,30,fixed_annual_keur,INFLATION,20.0,0.02,1.7758446902974065,True,,,,,20.0,15.51689380594813,0.0,0.0,0.0,0.0,0.0,35.51689380594813,15.51689380594813,0.0,
TUHO,B.12,B.12.3,Fauna and Flora Monitoring,30,fixed_annual_keur,INFLATION,30.0,0.02,1.7758446902974065,True,,,,,30.0,23.275340708922194,0.0,0.0,0.0,0.0,0.0,53.275340708922194,23.275340708922194,0.0,
TUHO,B.12,B.12.4,E&S monitoring,30,fixed_annual_keur,INFLATION,50.0,0.02,1.7758446902974065,True,,,,,50.0,38.79223451487033,0.0,0.0,0.0,0.0,0.0,88.79223451487033,38.79223451487033,0.0,
TUHO,B.12,B.12.5,HSE visits,30,fixed_annual_keur,INFLATION,50.0,0.02,1.7758446902974065,True,,,,,50.0,38.79223451487033,0.0,0.0,0.0,0.0,0.0,88.79223451487033,38.79223451487033,0.0,
TUHO,B.13,B.13.1,Contingency 6%,1,pct_of_selected_groups,CONTINGENCY_PCT,0.0,0.0,1.0,True,,,0.0,,0.0,0.0,0.0,0.0,0.0,113.097,0.0,113.097,113.097,0.0,
TUHO,B.13,B.13.1,Contingency 6%,2,pct_of_selected_groups,CONTINGENCY_PCT,0.0,0.0,1.0,True,,,0.0,,0.0,0.0,0.0,0.0,0.0,114.89622,0.0,114.89622,114.89622,0.0,
TUHO,B.13,B.13.1,Contingency 6%,3,pct_of_selected_groups,CONTINGENCY_PCT,0.0,0.0,1.0,True,,,0.0,,0.0,0.0,0.0,0.0,0.0,121.53142439999999,0.0,121.53142439999999,121.53142439999999,0.0,
TUHO,B.13,B.13.1,Contingency 6%,4,pct_of_selected_groups,CONTINGENCY_PCT,0.0,0.0,1.0,True,,,0.0,,0.0,0.0,0.0,0.0,0.0,123.40333288800002,0.0,123.40333288800002,123.40333288800002,0.0,
TUHO,B.13,B.13.1,Contingency 6%,5,pct_of_selected_groups,CONTINGENCY_PCT,0.0,0.0,1.0,True,,,0.0,,0.0,0.0,0.0,0.0,0.0,125.31267954575999,0.0,125.31267954575999,125.31267954575999,0.0,
TUHO,B.13,B.13.1,Contingency 6%,6,pct_of_selected_groups,CONTINGENCY_PCT,0.0,0.0,1.0,True,,,0.0,,0.0,0.0,0.0,0.0,0.0,134.60421313667518,0.0,134.60421313667518,134.60421313667518,0.0,
TUHO,B.13,B.13.1,Contingency 6%,7,pct_of_selected_groups,CONTINGENCY_PCT,0.0,0.0,1.0,True,,,0.0,,0.0,0.0,0.0,0.0,0.0,136.5906973994087,0.0,136.5906973994087,136.5906973994087,0.0,
TUHO,B.13,B.13.1,Contingency 6%,8,pct_of_selected_groups,CONTINGENCY_PCT,0.0,0.0,1.0,True,,,0.0,,0.0,0.0,0.0,0.0,0.0,138.6169113473969,0.0,138.6169113473969,138.6169113473969,0.0,
TUHO,B.13,B.13.1,Contingency 6%,9,pct_of_selected_groups,CONTINGENCY_PCT,0.0,0.0,1.0,True,,,0.0,,0.0,0.0,0.0,0.0,0.0,140.68364957434483,0.0,140.68364957434483,140.68364957434483,0.0,
TUHO,B.13,B.13.1,Contingency 6%,10,pct_of_selected_groups,CONTINGENCY_PCT,0.0,0.0,1.0,True,,,0.0,,0.0,0.0,0.0,0.0,0.0,142.79172256583172,0.0,142.79172256583172,142.79172256583172,0.0,
TUHO,B.13,B.13.1,Contingency 6%,11,pct_of_selected_groups,CONTINGENCY_PCT,0.0,0.0,1.0,True,,,0.0,,0.0,0.0,0.0,0.0,0.0,147.34195701714836,0.0,147.34195701714836,147.34195701714836,0.0,
TUHO,B.13,B.13.1,Contingency 6%,12,pct_of_selected_groups,CONTINGENCY_PCT,0.0,0.0,1.0,True,,,0.0,,0.0,0.0,0.0,0.0,0.0,149.5351961574913,0.0,149.5351961574913,149.5351961574913,0.0,
TUHO,B.13,B.13.1,Contingency 6%,13,pct_of_selected_groups,CONTINGENCY_PCT,0.0,0.0,1.0,True,,,0.0,,0.0,0.0,0.0,0.0,0.0,151.77230008064114,0.0,151.77230008064114,151.77230008064114,0.0,
TUHO,B.13,B.13.1,Contingency 6%,14,pct_of_selected_groups,CONTINGENCY_PCT,0.0,0.0,1.0,True,,,0.0,,0.0,0.0,0.0,0.0,0.0,154.05414608225396,0.0,154.05414608225396,154.05414608225396,0.0,
TUHO,B.13,B.13.1,Contingency 6%,15,pct_of_selected_groups,CONTINGENCY_PCT,0.0,0.0,1.0,True,,,0.0,,0.0,0.0,0.0,0.0,0.0,154.7982544882236,0.0,154.7982544882236,154.7982544882236,0.0,
TUHO,B.13,B.13.1,Contingency 6%,16,pct_of_selected_groups,CONTINGENCY_PCT,0.0,0.0,1.0,True,,,0.0,,0.0,0.0,0.0,0.0,0.0,160.02061957798807,0.0,160.02061957798807,160.02061957798807,0.0,
TUHO,B.13,B.13.1,Contingency 6%,17,pct_of_selected_groups,CONTINGENCY_PCT,0.0,0.0,1.0,True,,,0.0,,0.0,0.0,0.0,0.0,0.0,162.40983196954784,0.0,162.40983196954784,162.40983196954784,0.0,
TUHO,B.13,B.13.1,Contingency 6%,18,pct_of_selected_groups,CONTINGENCY_PCT,0.0,0.0,1.0,True,,,0.0,,0.0,0.0,0.0,0.0,0.0,164.8468286089388,0.0,164.8468286089388,164.8468286089388,0.0,
TUHO,B.13,B.13.1,Contingency 6%,19,pct_of_selected_groups,CONTINGENCY_PCT,0.0,0.0,1.0,True,,,0.0,,0.0,0.0,0.0,0.0,0.0,167.3325651811176,0.0,167.3325651811176,167.3325651811176,0.0,
TUHO,B.13,B.13.1,Contingency 6%,20,pct_of_selected_groups,CONTINGENCY_PCT,0.0,0.0,1.0,True,,,0.0,,0.0,0.0,0.0,0.0,0.0,169.86801648473994,0.0,169.86801648473994,169.86801648473994,0.0,
TUHO,B.13,B.13.1,Contingency 6%,21,pct_of_selected_groups,CONTINGENCY_PCT,0.0,0.0,1.0,True,,,0.0,,0.0,0.0,0.0,0.0,0.0,177.25417681443477,0.0,177.25417681443477,177.25417681443477,0.0,
TUHO,B.13,B.13.1,Contingency 6%,22,pct_of_selected_groups,CONTINGENCY_PCT,0.0,0.0,1.0,True,,,0.0,,0.0,0.0,0.0,0.0,0.0,179.89206035072343,0.0,179.89206035072343,179.89206035072343,0.0,
TUHO,B.13,B.13.1,Contingency 6%,23,pct_of_selected_groups,CONTINGENCY_PCT,0.0,0.0,1.0,True,,,0.0,,0.0,0.0,0.0,0.0,0.0,182.5827015577379,0.0,182.5827015577379,182.5827015577379,0.0,
TUHO,B.13,B.13.1,Contingency 6%,24,pct_of_selected_groups,CONTINGENCY_PCT,0.0,0.0,1.0,True,,,0.0,,0.0,0.0,0.0,0.0,0.0,185.32715558889268,0.0,185.32715558889268,185.32715558889268,0.0,
TUHO,B.13,B.13.1,Contingency 6%,25,pct_of_selected_groups,CONTINGENCY_PCT,0.0,0.0,1.0,True,,,0.0,,0.0,0.0,0.0,0.0,0.0,188.12649870067057,0.0,188.12649870067057,188.12649870067057,0.0,
TUHO,B.13,B.13.1,Contingency 6%,26,pct_of_selected_groups,CONTINGENCY_PCT,0.0,0.0,1.0,True,,,0.0,,0.0,0.0,0.0,0.0,0.0,195.30182867468395,0.0,195.30182867468395,195.30182867468395,0.0,
TUHO,B.13,B.13.1,Contingency 6%,27,pct_of_selected_groups,CONTINGENCY_PCT,0.0,0.0,1.0,True,,,0.0,,0.0,0.0,0.0,0.0,0.0,198.2142652481776,0.0,198.2142652481776,198.2142652481776,0.0,
TUHO,B.13,B.13.1,Contingency 6%,28,pct_of_selected_groups,CONTINGENCY_PCT,0.0,0.0,1.0,True,,,0.0,,0.0,0.0,0.0,0.0,0.0,201.1849505531412,0.0,201.1849505531412,201.1849505531412,0.0,
TUHO,B.13,B.13.1,Contingency 6%,29,pct_of_selected_groups,CONTINGENCY_PCT,0.0,0.0,1.0,True,,,0.0,,0.0,0.0,0.0,0.0,0.0,204.21504956420398,0.0,204.21504956420398,204.21504956420398,0.0,
TUHO,B.13,B.13.1,Contingency 6%,30,pct_of_selected_groups,CONTINGENCY_PCT,0.0,0.0,1.0,True,,,0.0,,0.0,0.0,0.0,0.0,0.0,207.3057505554881,0.0,207.3057505554881,207.3057505554881,0.0,
