category,metric,row_type,period_idx,period_label,excel_value,python_value,delta,delta_pct,excel_source,python_source,confidence,notes
Revenue,Electricity Revenue,Excel,0,Y01H1,4061.0,4061.0,0.0,0.0000,P&L!total_revenues_keur,result.periods[i].revenue_keur,exact,
Revenue,Electricity Revenue,Python,0,Y01H1,4061.0,4061.0,0.0,0.0000,P&L!total_revenues_keur,result.periods[i].revenue_keur,exact,
Revenue,Electricity Revenue,Delta,0,Y01H1,4061.0,4061.0,0.0,0.0000,P&L!total_revenues_keur,result.periods[i].revenue_keur,exact,
Revenue,Electricity Revenue,Excel,1,Y01H2,4128.3,4128.3,0.0,0.0000,P&L!total_revenues_keur,result.periods[i].revenue_keur,exact,
Revenue,Electricity Revenue,Python,1,Y01H2,4128.3,4128.3,0.0,0.0000,P&L!total_revenues_keur,result.periods[i].revenue_keur,exact,
Revenue,Electricity Revenue,Delta,1,Y01H2,4128.3,4128.3,0.0,0.0000,P&L!total_revenues_keur,result.periods[i].revenue_keur,exact,
Revenue,Electricity Revenue,Excel,2,Y02H1,4118.2,4118.2,-0.0,0.0000,P&L!total_revenues_keur,result.periods[i].revenue_keur,exact,
Revenue,Electricity Revenue,Python,2,Y02H1,4118.2,4118.2,-0.0,0.0000,P&L!total_revenues_keur,result.periods[i].revenue_keur,exact,
Revenue,Electricity Revenue,Delta,2,Y02H1,4118.2,4118.2,-0.0,-0.0000,P&L!total_revenues_keur,result.periods[i].revenue_keur,exact,
Revenue,Electricity Revenue,Excel,3,Y02H2,4186.5,4186.5,-0.0,0.0000,P&L!total_revenues_keur,result.periods[i].revenue_keur,exact,
Revenue,Electricity Revenue,Python,3,Y02H2,4186.5,4186.5,-0.0,0.0000,P&L!total_revenues_keur,result.periods[i].revenue_keur,exact,
Revenue,Electricity Revenue,Delta,3,Y02H2,4186.5,4186.5,-0.0,-0.0000,P&L!total_revenues_keur,result.periods[i].revenue_keur,exact,
Revenue,Electricity Revenue,Excel,4,Y03H1,4188.8,4188.8,0.0,0.0000,P&L!total_revenues_keur,result.periods[i].revenue_keur,exact,
Revenue,Electricity Revenue,Python,4,Y03H1,4188.8,4188.8,0.0,0.0000,P&L!total_revenues_keur,result.periods[i].revenue_keur,exact,
Revenue,Electricity Revenue,Delta,4,Y03H1,4188.8,4188.8,0.0,0.0000,P&L!total_revenues_keur,result.periods[i].revenue_keur,exact,
Revenue,Electricity Revenue,Excel,5,Y03H2,4234.8,4234.8,0.0,0.0000,P&L!total_revenues_keur,result.periods[i].revenue_keur,exact,
Revenue,Electricity Revenue,Python,5,Y03H2,4234.8,4234.8,0.0,0.0000,P&L!total_revenues_keur,result.periods[i].revenue_keur,exact,
Revenue,Electricity Revenue,Delta,5,Y03H2,4234.8,4234.8,0.0,0.0000,P&L!total_revenues_keur,result.periods[i].revenue_keur,exact,
Revenue,Electricity Revenue,Excel,6,Y04H1,4237.9,4237.9,0.0,0.0000,P&L!total_revenues_keur,result.periods[i].revenue_keur,exact,
Revenue,Electricity Revenue,Python,6,Y04H1,4237.9,4237.9,0.0,0.0000,P&L!total_revenues_keur,result.periods[i].revenue_keur,exact,
Revenue,Electricity Revenue,Delta,6,Y04H1,4237.9,4237.9,0.0,0.0000,P&L!total_revenues_keur,result.periods[i].revenue_keur,exact,
Revenue,Electricity Revenue,Excel,7,Y04H2,4308.2,4308.2,0.0,0.0000,P&L!total_revenues_keur,result.periods[i].revenue_keur,exact,
Revenue,Electricity Revenue,Python,7,Y04H2,4308.2,4308.2,0.0,0.0000,P&L!total_revenues_keur,result.periods[i].revenue_keur,exact,
Revenue,Electricity Revenue,Delta,7,Y04H2,4308.2,4308.2,0.0,0.0000,P&L!total_revenues_keur,result.periods[i].revenue_keur,exact,
Revenue,Electricity Revenue,Excel,8,Y05H1,4292.6,4292.6,0.0,0.0000,P&L!total_revenues_keur,result.periods[i].revenue_keur,exact,
Revenue,Electricity Revenue,Python,8,Y05H1,4292.6,4292.6,0.0,0.0000,P&L!total_revenues_keur,result.periods[i].revenue_keur,exact,
Revenue,Electricity Revenue,Delta,8,Y05H1,4292.6,4292.6,0.0,0.0000,P&L!total_revenues_keur,result.periods[i].revenue_keur,exact,
Revenue,Electricity Revenue,Excel,9,Y05H2,4363.8,4363.8,0.0,0.0000,P&L!total_revenues_keur,result.periods[i].revenue_keur,exact,
Revenue,Electricity Revenue,Python,9,Y05H2,4363.8,4363.8,0.0,0.0000,P&L!total_revenues_keur,result.periods[i].revenue_keur,exact,
Revenue,Electricity Revenue,Delta,9,Y05H2,4363.8,4363.8,0.0,0.0000,P&L!total_revenues_keur,result.periods[i].revenue_keur,exact,
Revenue,Electricity Revenue,Excel,10,Y06H1,4379.3,4379.3,0.0,0.0000,P&L!total_revenues_keur,result.periods[i].revenue_keur,exact,
Revenue,Electricity Revenue,Python,10,Y06H1,4379.3,4379.3,0.0,0.0000,P&L!total_revenues_keur,result.periods[i].revenue_keur,exact,
Revenue,Electricity Revenue,Delta,10,Y06H1,4379.3,4379.3,0.0,0.0000,P&L!total_revenues_keur,result.periods[i].revenue_keur,exact,
Revenue,Electricity Revenue,Excel,11,Y06H2,4451.8,4451.8,0.0,0.0000,P&L!total_revenues_keur,result.periods[i].revenue_keur,exact,
Revenue,Electricity Revenue,Python,11,Y06H2,4451.8,4451.8,0.0,0.0000,P&L!total_revenues_keur,result.periods[i].revenue_keur,exact,
Revenue,Electricity Revenue,Delta,11,Y06H2,4451.8,4451.8,0.0,0.0000,P&L!total_revenues_keur,result.periods[i].revenue_keur,exact,
Revenue,Electricity Revenue,Excel,12,Y07H1,4476.6,4476.6,0.0,0.0000,P&L!total_revenues_keur,result.periods[i].revenue_keur,exact,
Revenue,Electricity Revenue,Python,12,Y07H1,4476.6,4476.6,0.0,0.0000,P&L!total_revenues_keur,result.periods[i].revenue_keur,exact,
Revenue,Electricity Revenue,Delta,12,Y07H1,4476.6,4476.6,0.0,0.0000,P&L!total_revenues_keur,result.periods[i].revenue_keur,exact,
Revenue,Electricity Revenue,Excel,13,Y07H2,4525.8,4525.8,0.0,0.0000,P&L!total_revenues_keur,result.periods[i].revenue_keur,exact,
Revenue,Electricity Revenue,Python,13,Y07H2,4525.8,4525.8,0.0,0.0000,P&L!total_revenues_keur,result.periods[i].revenue_keur,exact,
Revenue,Electricity Revenue,Delta,13,Y07H2,4525.8,4525.8,0.0,0.0000,P&L!total_revenues_keur,result.periods[i].revenue_keur,exact,
Revenue,Electricity Revenue,Excel,14,Y08H1,4554.6,4554.6,0.0,0.0000,P&L!total_revenues_keur,result.periods[i].revenue_keur,exact,
Revenue,Electricity Revenue,Python,14,Y08H1,4554.6,4554.6,0.0,0.0000,P&L!total_revenues_keur,result.periods[i].revenue_keur,exact,
Revenue,Electricity Revenue,Delta,14,Y08H1,4554.6,4554.6,0.0,0.0000,P&L!total_revenues_keur,result.periods[i].revenue_keur,exact,
Revenue,Electricity Revenue,Excel,15,Y08H2,4630.1,4630.1,0.0,0.0000,P&L!total_revenues_keur,result.periods[i].revenue_keur,exact,
Revenue,Electricity Revenue,Python,15,Y08H2,4630.1,4630.1,0.0,0.0000,P&L!total_revenues_keur,result.periods[i].revenue_keur,exact,
Revenue,Electricity Revenue,Delta,15,Y08H2,4630.1,4630.1,0.0,0.0000,P&L!total_revenues_keur,result.periods[i].revenue_keur,exact,
Revenue,Electricity Revenue,Excel,16,Y09H1,4650.6,4650.6,0.0,0.0000,P&L!total_revenues_keur,result.periods[i].revenue_keur,exact,
Revenue,Electricity Revenue,Python,16,Y09H1,4650.6,4650.6,0.0,0.0000,P&L!total_revenues_keur,result.periods[i].revenue_keur,exact,
Revenue,Electricity Revenue,Delta,16,Y09H1,4650.6,4650.6,0.0,0.0000,P&L!total_revenues_keur,result.periods[i].revenue_keur,exact,
Revenue,Electricity Revenue,Excel,17,Y09H2,4727.7,4727.7,0.0,0.0000,P&L!total_revenues_keur,result.periods[i].revenue_keur,exact,
Revenue,Electricity Revenue,Python,17,Y09H2,4727.7,4727.7,0.0,0.0000,P&L!total_revenues_keur,result.periods[i].revenue_keur,exact,
Revenue,Electricity Revenue,Delta,17,Y09H2,4727.7,4727.7,0.0,0.0000,P&L!total_revenues_keur,result.periods[i].revenue_keur,exact,
Revenue,Electricity Revenue,Excel,18,Y10H1,4745.0,4745.0,0.0,0.0000,P&L!total_revenues_keur,result.periods[i].revenue_keur,exact,
Revenue,Electricity Revenue,Python,18,Y10H1,4745.0,4745.0,0.0,0.0000,P&L!total_revenues_keur,result.periods[i].revenue_keur,exact,
Revenue,Electricity Revenue,Delta,18,Y10H1,4745.0,4745.0,0.0,0.0000,P&L!total_revenues_keur,result.periods[i].revenue_keur,exact,
Revenue,Electricity Revenue,Excel,19,Y10H2,4823.6,4823.6,0.0,0.0000,P&L!total_revenues_keur,result.periods[i].revenue_keur,exact,
Revenue,Electricity Revenue,Python,19,Y10H2,4823.6,4823.6,0.0,0.0000,P&L!total_revenues_keur,result.periods[i].revenue_keur,exact,
Revenue,Electricity Revenue,Delta,19,Y10H2,4823.6,4823.6,0.0,0.0000,P&L!total_revenues_keur,result.periods[i].revenue_keur,exact,
Revenue,Electricity Revenue,Excel,20,Y11H1,4851.2,4851.2,0.0,0.0000,P&L!total_revenues_keur,result.periods[i].revenue_keur,exact,
Revenue,Electricity Revenue,Python,20,Y11H1,4851.2,4851.2,0.0,0.0000,P&L!total_revenues_keur,result.periods[i].revenue_keur,exact,
Revenue,Electricity Revenue,Delta,20,Y11H1,4851.2,4851.2,0.0,0.0000,P&L!total_revenues_keur,result.periods[i].revenue_keur,exact,
Revenue,Electricity Revenue,Excel,21,Y11H2,4904.5,4904.5,0.0,0.0000,P&L!total_revenues_keur,result.periods[i].revenue_keur,exact,
Revenue,Electricity Revenue,Python,21,Y11H2,4904.5,4904.5,0.0,0.0000,P&L!total_revenues_keur,result.periods[i].revenue_keur,exact,
Revenue,Electricity Revenue,Delta,21,Y11H2,4904.5,4904.5,0.0,0.0000,P&L!total_revenues_keur,result.periods[i].revenue_keur,exact,
Revenue,Electricity Revenue,Excel,22,Y12H1,4936.3,4936.3,0.0,0.0000,P&L!total_revenues_keur,result.periods[i].revenue_keur,exact,
Revenue,Electricity Revenue,Python,22,Y12H1,4936.3,4936.3,0.0,0.0000,P&L!total_revenues_keur,result.periods[i].revenue_keur,exact,
Revenue,Electricity Revenue,Delta,22,Y12H1,4936.3,4936.3,0.0,0.0000,P&L!total_revenues_keur,result.periods[i].revenue_keur,exact,
Revenue,Electricity Revenue,Excel,23,Y12H2,5018.1,5018.1,0.0,0.0000,P&L!total_revenues_keur,result.periods[i].revenue_keur,exact,
Revenue,Electricity Revenue,Python,23,Y12H2,5018.1,5018.1,0.0,0.0000,P&L!total_revenues_keur,result.periods[i].revenue_keur,exact,
Revenue,Electricity Revenue,Delta,23,Y12H2,5018.1,5018.1,0.0,0.0000,P&L!total_revenues_keur,result.periods[i].revenue_keur,exact,
Revenue,Electricity Revenue,Excel,24,Y13H1,7438.6,7438.6,-0.0,0.0000,P&L!total_revenues_keur,result.periods[i].revenue_keur,exact,
Revenue,Electricity Revenue,Python,24,Y13H1,7438.6,7438.6,-0.0,0.0000,P&L!total_revenues_keur,result.periods[i].revenue_keur,exact,
Revenue,Electricity Revenue,Delta,24,Y13H1,7438.6,7438.6,-0.0,-0.0000,P&L!total_revenues_keur,result.periods[i].revenue_keur,exact,
Revenue,Electricity Revenue,Excel,25,Y13H2,7561.9,7561.9,-0.0,0.0000,P&L!total_revenues_keur,result.periods[i].revenue_keur,exact,
Revenue,Electricity Revenue,Python,25,Y13H2,7561.9,7561.9,-0.0,0.0000,P&L!total_revenues_keur,result.periods[i].revenue_keur,exact,
Revenue,Electricity Revenue,Delta,25,Y13H2,7561.9,7561.9,-0.0,-0.0000,P&L!total_revenues_keur,result.periods[i].revenue_keur,exact,
Revenue,Electricity Revenue,Excel,26,Y14H1,7444.2,7444.2,0.0,0.0000,P&L!total_revenues_keur,result.periods[i].revenue_keur,exact,
Revenue,Electricity Revenue,Python,26,Y14H1,7444.2,7444.2,0.0,0.0000,P&L!total_revenues_keur,result.periods[i].revenue_keur,exact,
Revenue,Electricity Revenue,Delta,26,Y14H1,7444.2,7444.2,0.0,0.0000,P&L!total_revenues_keur,result.periods[i].revenue_keur,exact,
Revenue,Electricity Revenue,Excel,27,Y14H2,7567.6,7567.6,0.0,0.0000,P&L!total_revenues_keur,result.periods[i].revenue_keur,exact,
Revenue,Electricity Revenue,Python,27,Y14H2,7567.6,7567.6,0.0,0.0000,P&L!total_revenues_keur,result.periods[i].revenue_keur,exact,
Revenue,Electricity Revenue,Delta,27,Y14H2,7567.6,7567.6,0.0,0.0000,P&L!total_revenues_keur,result.periods[i].revenue_keur,exact,
Revenue,Electricity Revenue,Excel,28,Y15H1,7551.8,7551.8,0.0,0.0000,P&L!total_revenues_keur,result.periods[i].revenue_keur,exact,
Revenue,Electricity Revenue,Python,28,Y15H1,7551.8,7551.8,0.0,0.0000,P&L!total_revenues_keur,result.periods[i].revenue_keur,exact,
Revenue,Electricity Revenue,Delta,28,Y15H1,7551.8,7551.8,0.0,0.0000,P&L!total_revenues_keur,result.periods[i].revenue_keur,exact,
Revenue,Electricity Revenue,Excel,29,Y15H2,7634.7,7634.7,0.0,0.0000,P&L!total_revenues_keur,result.periods[i].revenue_keur,exact,
Revenue,Electricity Revenue,Python,29,Y15H2,7634.7,7634.7,0.0,0.0000,P&L!total_revenues_keur,result.periods[i].revenue_keur,exact,
Revenue,Electricity Revenue,Delta,29,Y15H2,7634.7,7634.7,0.0,0.0000,P&L!total_revenues_keur,result.periods[i].revenue_keur,exact,
Revenue,Electricity Revenue,Excel,30,Y16H1,7614.2,7614.2,0.0,0.0000,P&L!total_revenues_keur,result.periods[i].revenue_keur,exact,
Revenue,Electricity Revenue,Python,30,Y16H1,7614.2,7614.2,0.0,0.0000,P&L!total_revenues_keur,result.periods[i].revenue_keur,exact,
Revenue,Electricity Revenue,Delta,30,Y16H1,7614.2,7614.2,0.0,0.0000,P&L!total_revenues_keur,result.periods[i].revenue_keur,exact,
Revenue,Electricity Revenue,Excel,31,Y16H2,7740.4,7740.4,-0.0,0.0000,P&L!total_revenues_keur,result.periods[i].revenue_keur,exact,
Revenue,Electricity Revenue,Python,31,Y16H2,7740.4,7740.4,-0.0,0.0000,P&L!total_revenues_keur,result.periods[i].revenue_keur,exact,
Revenue,Electricity Revenue,Delta,31,Y16H2,7740.4,7740.4,-0.0,-0.0000,P&L!total_revenues_keur,result.periods[i].revenue_keur,exact,
Revenue,Electricity Revenue,Excel,32,Y17H1,7845.1,7845.1,0.0,0.0000,P&L!total_revenues_keur,result.periods[i].revenue_keur,exact,
Revenue,Electricity Revenue,Python,32,Y17H1,7845.1,7845.1,0.0,0.0000,P&L!total_revenues_keur,result.periods[i].revenue_keur,exact,
Revenue,Electricity Revenue,Delta,32,Y17H1,7845.1,7845.1,0.0,0.0000,P&L!total_revenues_keur,result.periods[i].revenue_keur,exact,
Revenue,Electricity Revenue,Excel,33,Y17H2,7975.1,7975.1,0.0,0.0000,P&L!total_revenues_keur,result.periods[i].revenue_keur,exact,
Revenue,Electricity Revenue,Python,33,Y17H2,7975.1,7975.1,0.0,0.0000,P&L!total_revenues_keur,result.periods[i].revenue_keur,exact,
Revenue,Electricity Revenue,Delta,33,Y17H2,7975.1,7975.1,0.0,0.0000,P&L!total_revenues_keur,result.periods[i].revenue_keur,exact,
Revenue,Electricity Revenue,Excel,34,Y18H1,8030.1,8030.1,-0.0,0.0000,P&L!total_revenues_keur,result.periods[i].revenue_keur,exact,
Revenue,Electricity Revenue,Python,34,Y18H1,8030.1,8030.1,-0.0,0.0000,P&L!total_revenues_keur,result.periods[i].revenue_keur,exact,
Revenue,Electricity Revenue,Delta,34,Y18H1,8030.1,8030.1,-0.0,-0.0000,P&L!total_revenues_keur,result.periods[i].revenue_keur,exact,
Revenue,Electricity Revenue,Excel,35,Y18H2,8163.2,8163.2,0.0,0.0000,P&L!total_revenues_keur,result.periods[i].revenue_keur,exact,
Revenue,Electricity Revenue,Python,35,Y18H2,8163.2,8163.2,0.0,0.0000,P&L!total_revenues_keur,result.periods[i].revenue_keur,exact,
Revenue,Electricity Revenue,Delta,35,Y18H2,8163.2,8163.2,0.0,0.0000,P&L!total_revenues_keur,result.periods[i].revenue_keur,exact,
Revenue,Electricity Revenue,Excel,36,Y19H1,8235.1,8235.1,0.0,0.0000,P&L!total_revenues_keur,result.periods[i].revenue_keur,exact,
Revenue,Electricity Revenue,Python,36,Y19H1,8235.1,8235.1,0.0,0.0000,P&L!total_revenues_keur,result.periods[i].revenue_keur,exact,
Revenue,Electricity Revenue,Delta,36,Y19H1,8235.1,8235.1,0.0,0.0000,P&L!total_revenues_keur,result.periods[i].revenue_keur,exact,
Revenue,Electricity Revenue,Excel,37,Y19H2,8325.6,8325.6,0.0,0.0000,P&L!total_revenues_keur,result.periods[i].revenue_keur,exact,
Revenue,Electricity Revenue,Python,37,Y19H2,8325.6,8325.6,0.0,0.0000,P&L!total_revenues_keur,result.periods[i].revenue_keur,exact,
Revenue,Electricity Revenue,Delta,37,Y19H2,8325.6,8325.6,0.0,0.0000,P&L!total_revenues_keur,result.periods[i].revenue_keur,exact,
Revenue,Electricity Revenue,Excel,38,Y20H1,8400.0,8400.0,0.0,0.0000,P&L!total_revenues_keur,result.periods[i].revenue_keur,exact,
Revenue,Electricity Revenue,Python,38,Y20H1,8400.0,8400.0,0.0,0.0000,P&L!total_revenues_keur,result.periods[i].revenue_keur,exact,
Revenue,Electricity Revenue,Delta,38,Y20H1,8400.0,8400.0,0.0,0.0000,P&L!total_revenues_keur,result.periods[i].revenue_keur,exact,
Revenue,Electricity Revenue,Excel,39,Y20H2,8539.2,8539.2,0.0,0.0000,P&L!total_revenues_keur,result.periods[i].revenue_keur,exact,
Revenue,Electricity Revenue,Python,39,Y20H2,8539.2,8539.2,0.0,0.0000,P&L!total_revenues_keur,result.periods[i].revenue_keur,exact,
Revenue,Electricity Revenue,Delta,39,Y20H2,8539.2,8539.2,0.0,0.0000,P&L!total_revenues_keur,result.periods[i].revenue_keur,exact,
Revenue,Electricity Revenue,Excel,40,Y21H1,8587.4,8587.4,0.0,0.0000,P&L!total_revenues_keur,result.periods[i].revenue_keur,exact,
Revenue,Electricity Revenue,Python,40,Y21H1,8587.4,8587.4,0.0,0.0000,P&L!total_revenues_keur,result.periods[i].revenue_keur,exact,
Revenue,Electricity Revenue,Delta,40,Y21H1,8587.4,8587.4,0.0,0.0000,P&L!total_revenues_keur,result.periods[i].revenue_keur,exact,
Revenue,Electricity Revenue,Excel,41,Y21H2,8729.7,8729.7,0.0,0.0000,P&L!total_revenues_keur,result.periods[i].revenue_keur,exact,
Revenue,Electricity Revenue,Python,41,Y21H2,8729.7,8729.7,0.0,0.0000,P&L!total_revenues_keur,result.periods[i].revenue_keur,exact,
Revenue,Electricity Revenue,Delta,41,Y21H2,8729.7,8729.7,0.0,0.0000,P&L!total_revenues_keur,result.periods[i].revenue_keur,exact,
Revenue,Electricity Revenue,Excel,42,Y22H1,8775.6,8775.6,0.0,0.0000,P&L!total_revenues_keur,result.periods[i].revenue_keur,exact,
Revenue,Electricity Revenue,Python,42,Y22H1,8775.6,8775.6,0.0,0.0000,P&L!total_revenues_keur,result.periods[i].revenue_keur,exact,
Revenue,Electricity Revenue,Delta,42,Y22H1,8775.6,8775.6,0.0,0.0000,P&L!total_revenues_keur,result.periods[i].revenue_keur,exact,
Revenue,Electricity Revenue,Excel,43,Y22H2,8921.0,8921.0,0.0,0.0000,P&L!total_revenues_keur,result.periods[i].revenue_keur,exact,
Revenue,Electricity Revenue,Python,43,Y22H2,8921.0,8921.0,0.0,0.0000,P&L!total_revenues_keur,result.periods[i].revenue_keur,exact,
Revenue,Electricity Revenue,Delta,43,Y22H2,8921.0,8921.0,0.0,0.0000,P&L!total_revenues_keur,result.periods[i].revenue_keur,exact,
Revenue,Electricity Revenue,Excel,44,Y23H1,9027.3,9027.3,-0.0,0.0000,P&L!total_revenues_keur,result.periods[i].revenue_keur,exact,
Revenue,Electricity Revenue,Python,44,Y23H1,9027.3,9027.3,-0.0,0.0000,P&L!total_revenues_keur,result.periods[i].revenue_keur,exact,
Revenue,Electricity Revenue,Delta,44,Y23H1,9027.3,9027.3,-0.0,-0.0000,P&L!total_revenues_keur,result.periods[i].revenue_keur,exact,
Revenue,Electricity Revenue,Excel,45,Y23H2,9126.5,9126.5,0.0,0.0000,P&L!total_revenues_keur,result.periods[i].revenue_keur,exact,
Revenue,Electricity Revenue,Python,45,Y23H2,9126.5,9126.5,0.0,0.0000,P&L!total_revenues_keur,result.periods[i].revenue_keur,exact,
Revenue,Electricity Revenue,Delta,45,Y23H2,9126.5,9126.5,0.0,0.0000,P&L!total_revenues_keur,result.periods[i].revenue_keur,exact,
Revenue,Electricity Revenue,Excel,46,Y24H1,9173.4,9173.4,0.0,0.0000,P&L!total_revenues_keur,result.periods[i].revenue_keur,exact,
Revenue,Electricity Revenue,Python,46,Y24H1,9173.4,9173.4,0.0,0.0000,P&L!total_revenues_keur,result.periods[i].revenue_keur,exact,
Revenue,Electricity Revenue,Delta,46,Y24H1,9173.4,9173.4,0.0,0.0000,P&L!total_revenues_keur,result.periods[i].revenue_keur,exact,
Revenue,Electricity Revenue,Excel,47,Y24H2,9325.4,9325.4,0.0,0.0000,P&L!total_revenues_keur,result.periods[i].revenue_keur,exact,
Revenue,Electricity Revenue,Python,47,Y24H2,9325.4,9325.4,0.0,0.0000,P&L!total_revenues_keur,result.periods[i].revenue_keur,exact,
Revenue,Electricity Revenue,Delta,47,Y24H2,9325.4,9325.4,0.0,0.0000,P&L!total_revenues_keur,result.periods[i].revenue_keur,exact,
Revenue,Electricity Revenue,Excel,48,Y25H1,9346.9,9346.9,0.0,0.0000,P&L!total_revenues_keur,result.periods[i].revenue_keur,exact,
Revenue,Electricity Revenue,Python,48,Y25H1,9346.9,9346.9,0.0,0.0000,P&L!total_revenues_keur,result.periods[i].revenue_keur,exact,
Revenue,Electricity Revenue,Delta,48,Y25H1,9346.9,9346.9,0.0,0.0000,P&L!total_revenues_keur,result.periods[i].revenue_keur,exact,
Revenue,Electricity Revenue,Excel,49,Y25H2,9501.9,9501.9,0.0,0.0000,P&L!total_revenues_keur,result.periods[i].revenue_keur,exact,
Revenue,Electricity Revenue,Python,49,Y25H2,9501.9,9501.9,0.0,0.0000,P&L!total_revenues_keur,result.periods[i].revenue_keur,exact,
Revenue,Electricity Revenue,Delta,49,Y25H2,9501.9,9501.9,0.0,0.0000,P&L!total_revenues_keur,result.periods[i].revenue_keur,exact,
Revenue,Electricity Revenue,Excel,50,Y26H1,9578.9,9578.9,0.0,0.0000,P&L!total_revenues_keur,result.periods[i].revenue_keur,exact,
Revenue,Electricity Revenue,Python,50,Y26H1,9578.9,9578.9,0.0,0.0000,P&L!total_revenues_keur,result.periods[i].revenue_keur,exact,
Revenue,Electricity Revenue,Delta,50,Y26H1,9578.9,9578.9,0.0,0.0000,P&L!total_revenues_keur,result.periods[i].revenue_keur,exact,
Revenue,Electricity Revenue,Excel,51,Y26H2,9737.7,9737.7,0.0,0.0000,P&L!total_revenues_keur,result.periods[i].revenue_keur,exact,
Revenue,Electricity Revenue,Python,51,Y26H2,9737.7,9737.7,0.0,0.0000,P&L!total_revenues_keur,result.periods[i].revenue_keur,exact,
Revenue,Electricity Revenue,Delta,51,Y26H2,9737.7,9737.7,0.0,0.0000,P&L!total_revenues_keur,result.periods[i].revenue_keur,exact,
Revenue,Electricity Revenue,Excel,52,Y27H1,9776.2,9776.2,-0.0,0.0000,P&L!total_revenues_keur,result.periods[i].revenue_keur,exact,
Revenue,Electricity Revenue,Python,52,Y27H1,9776.2,9776.2,-0.0,0.0000,P&L!total_revenues_keur,result.periods[i].revenue_keur,exact,
Revenue,Electricity Revenue,Delta,52,Y27H1,9776.2,9776.2,-0.0,-0.0000,P&L!total_revenues_keur,result.periods[i].revenue_keur,exact,
Revenue,Electricity Revenue,Excel,53,Y27H2,9883.6,9883.6,-0.0,0.0000,P&L!total_revenues_keur,result.periods[i].revenue_keur,exact,
Revenue,Electricity Revenue,Python,53,Y27H2,9883.6,9883.6,-0.0,0.0000,P&L!total_revenues_keur,result.periods[i].revenue_keur,exact,
Revenue,Electricity Revenue,Delta,53,Y27H2,9883.6,9883.6,-0.0,-0.0000,P&L!total_revenues_keur,result.periods[i].revenue_keur,exact,
Revenue,Electricity Revenue,Excel,54,Y28H1,9883.0,9883.0,0.0,0.0000,P&L!total_revenues_keur,result.periods[i].revenue_keur,exact,
Revenue,Electricity Revenue,Python,54,Y28H1,9883.0,9883.0,0.0,0.0000,P&L!total_revenues_keur,result.periods[i].revenue_keur,exact,
Revenue,Electricity Revenue,Delta,54,Y28H1,9883.0,9883.0,0.0,0.0000,P&L!total_revenues_keur,result.periods[i].revenue_keur,exact,
Revenue,Electricity Revenue,Excel,55,Y28H2,10046.8,10046.8,0.0,0.0000,P&L!total_revenues_keur,result.periods[i].revenue_keur,exact,
Revenue,Electricity Revenue,Python,55,Y28H2,10046.8,10046.8,0.0,0.0000,P&L!total_revenues_keur,result.periods[i].revenue_keur,exact,
Revenue,Electricity Revenue,Delta,55,Y28H2,10046.8,10046.8,0.0,0.0000,P&L!total_revenues_keur,result.periods[i].revenue_keur,exact,
Revenue,Electricity Revenue,Excel,56,Y29H1,10007.8,10007.8,0.0,0.0000,P&L!total_revenues_keur,result.periods[i].revenue_keur,exact,
Revenue,Electricity Revenue,Python,56,Y29H1,10007.8,10007.8,0.0,0.0000,P&L!total_revenues_keur,result.periods[i].revenue_keur,exact,
Revenue,Electricity Revenue,Delta,56,Y29H1,10007.8,10007.8,0.0,0.0000,P&L!total_revenues_keur,result.periods[i].revenue_keur,exact,
Revenue,Electricity Revenue,Excel,57,Y29H2,10173.6,10173.6,0.0,0.0000,P&L!total_revenues_keur,result.periods[i].revenue_keur,exact,
Revenue,Electricity Revenue,Python,57,Y29H2,10173.6,10173.6,0.0,0.0000,P&L!total_revenues_keur,result.periods[i].revenue_keur,exact,
Revenue,Electricity Revenue,Delta,57,Y29H2,10173.6,10173.6,0.0,0.0000,P&L!total_revenues_keur,result.periods[i].revenue_keur,exact,
Revenue,Electricity Revenue,Excel,58,Y30H1,10077.9,10077.9,0.0,0.0000,P&L!total_revenues_keur,result.periods[i].revenue_keur,exact,
Revenue,Electricity Revenue,Python,58,Y30H1,10077.9,10077.9,0.0,0.0000,P&L!total_revenues_keur,result.periods[i].revenue_keur,exact,
Revenue,Electricity Revenue,Delta,58,Y30H1,10077.9,10077.9,0.0,0.0000,P&L!total_revenues_keur,result.periods[i].revenue_keur,exact,
Revenue,Electricity Revenue,Excel,59,Y30H2,10244.9,10244.9,0.0,0.0000,P&L!total_revenues_keur,result.periods[i].revenue_keur,exact,
Revenue,Electricity Revenue,Python,59,Y30H2,10244.9,10244.9,0.0,0.0000,P&L!total_revenues_keur,result.periods[i].revenue_keur,exact,
Revenue,Electricity Revenue,Delta,59,Y30H2,10244.9,10244.9,0.0,0.0000,P&L!total_revenues_keur,result.periods[i].revenue_keur,exact,
OPEX,Total OPEX,Excel,0,Y01H1,990.8,990.8,-0.0,0.0000,CF!operating_expenses_after_bank_tax_keur,result.periods[i].opex_keur,exact,
OPEX,Total OPEX,Python,0,Y01H1,990.8,990.8,-0.0,0.0000,CF!operating_expenses_after_bank_tax_keur,result.periods[i].opex_keur,exact,
OPEX,Total OPEX,Delta,0,Y01H1,990.8,990.8,-0.0,-0.0000,CF!operating_expenses_after_bank_tax_keur,result.periods[i].opex_keur,exact,
OPEX,Total OPEX,Excel,1,Y01H2,1007.2,1007.2,-0.0,0.0000,CF!operating_expenses_after_bank_tax_keur,result.periods[i].opex_keur,exact,
OPEX,Total OPEX,Python,1,Y01H2,1007.2,1007.2,-0.0,0.0000,CF!operating_expenses_after_bank_tax_keur,result.periods[i].opex_keur,exact,
OPEX,Total OPEX,Delta,1,Y01H2,1007.2,1007.2,-0.0,-0.0000,CF!operating_expenses_after_bank_tax_keur,result.periods[i].opex_keur,exact,
OPEX,Total OPEX,Excel,2,Y02H1,1006.6,1012.9,6.3,0.0000,CF!operating_expenses_after_bank_tax_keur,result.periods[i].opex_keur,exact,
OPEX,Total OPEX,Python,2,Y02H1,1006.6,1012.9,6.3,0.0000,CF!operating_expenses_after_bank_tax_keur,result.periods[i].opex_keur,exact,
OPEX,Total OPEX,Delta,2,Y02H1,1006.6,1012.9,6.3,0.0062,CF!operating_expenses_after_bank_tax_keur,result.periods[i].opex_keur,exact,
OPEX,Total OPEX,Excel,3,Y02H2,1023.3,1029.6,6.4,0.0000,CF!operating_expenses_after_bank_tax_keur,result.periods[i].opex_keur,exact,
OPEX,Total OPEX,Python,3,Y02H2,1023.3,1029.6,6.4,0.0000,CF!operating_expenses_after_bank_tax_keur,result.periods[i].opex_keur,exact,
OPEX,Total OPEX,Delta,3,Y02H2,1023.3,1029.6,6.4,0.0062,CF!operating_expenses_after_bank_tax_keur,result.periods[i].opex_keur,exact,
OPEX,Total OPEX,Excel,4,Y03H1,1067.7,1038.4,-29.3,0.0000,CF!operating_expenses_after_bank_tax_keur,result.periods[i].opex_keur,exact,
OPEX,Total OPEX,Python,4,Y03H1,1067.7,1038.4,-29.3,0.0000,CF!operating_expenses_after_bank_tax_keur,result.periods[i].opex_keur,exact,
OPEX,Total OPEX,Delta,4,Y03H1,1067.7,1038.4,-29.3,-0.0274,CF!operating_expenses_after_bank_tax_keur,result.periods[i].opex_keur,exact,
OPEX,Total OPEX,Excel,5,Y03H2,1079.4,1049.8,-29.6,0.0000,CF!operating_expenses_after_bank_tax_keur,result.periods[i].opex_keur,exact,
OPEX,Total OPEX,Python,5,Y03H2,1079.4,1049.8,-29.6,0.0000,CF!operating_expenses_after_bank_tax_keur,result.periods[i].opex_keur,exact,
OPEX,Total OPEX,Delta,5,Y03H2,1079.4,1049.8,-29.6,-0.0274,CF!operating_expenses_after_bank_tax_keur,result.periods[i].opex_keur,exact,
OPEX,Total OPEX,Excel,6,Y04H1,1081.1,1058.7,-22.4,0.0000,CF!operating_expenses_after_bank_tax_keur,result.periods[i].opex_keur,exact,
OPEX,Total OPEX,Python,6,Y04H1,1081.1,1058.7,-22.4,0.0000,CF!operating_expenses_after_bank_tax_keur,result.periods[i].opex_keur,exact,
OPEX,Total OPEX,Delta,6,Y04H1,1081.1,1058.7,-22.4,-0.0207,CF!operating_expenses_after_bank_tax_keur,result.periods[i].opex_keur,exact,
OPEX,Total OPEX,Excel,7,Y04H2,1099.0,1076.3,-22.8,0.0000,CF!operating_expenses_after_bank_tax_keur,result.periods[i].opex_keur,exact,
OPEX,Total OPEX,Python,7,Y04H2,1099.0,1076.3,-22.8,0.0000,CF!operating_expenses_after_bank_tax_keur,result.periods[i].opex_keur,exact,
OPEX,Total OPEX,Delta,7,Y04H2,1099.0,1076.3,-22.8,-0.0207,CF!operating_expenses_after_bank_tax_keur,result.periods[i].opex_keur,exact,
OPEX,Total OPEX,Excel,8,Y05H1,1097.8,1082.6,-15.3,0.0000,CF!operating_expenses_after_bank_tax_keur,result.periods[i].opex_keur,exact,
OPEX,Total OPEX,Python,8,Y05H1,1097.8,1082.6,-15.3,0.0000,CF!operating_expenses_after_bank_tax_keur,result.periods[i].opex_keur,exact,
OPEX,Total OPEX,Delta,8,Y05H1,1097.8,1082.6,-15.3,-0.0139,CF!operating_expenses_after_bank_tax_keur,result.periods[i].opex_keur,exact,
OPEX,Total OPEX,Excel,9,Y05H2,1116.0,1100.5,-15.5,0.0000,CF!operating_expenses_after_bank_tax_keur,result.periods[i].opex_keur,exact,
OPEX,Total OPEX,Python,9,Y05H2,1116.0,1100.5,-15.5,0.0000,CF!operating_expenses_after_bank_tax_keur,result.periods[i].opex_keur,exact,
OPEX,Total OPEX,Delta,9,Y05H2,1116.0,1100.5,-15.5,-0.0139,CF!operating_expenses_after_bank_tax_keur,result.periods[i].opex_keur,exact,
OPEX,Total OPEX,Excel,10,Y06H1,1179.2,1107.0,-72.2,0.0000,CF!operating_expenses_after_bank_tax_keur,result.periods[i].opex_keur,exact,
OPEX,Total OPEX,Python,10,Y06H1,1179.2,1107.0,-72.2,0.0000,CF!operating_expenses_after_bank_tax_keur,result.periods[i].opex_keur,exact,
OPEX,Total OPEX,Delta,10,Y06H1,1179.2,1107.0,-72.2,-0.0612,CF!operating_expenses_after_bank_tax_keur,result.periods[i].opex_keur,exact,
OPEX,Total OPEX,Excel,11,Y06H2,1198.8,1125.4,-73.4,0.0000,CF!operating_expenses_after_bank_tax_keur,result.periods[i].opex_keur,exact,
OPEX,Total OPEX,Python,11,Y06H2,1198.8,1125.4,-73.4,0.0000,CF!operating_expenses_after_bank_tax_keur,result.periods[i].opex_keur,exact,
OPEX,Total OPEX,Delta,11,Y06H2,1198.8,1125.4,-73.4,-0.0612,CF!operating_expenses_after_bank_tax_keur,result.periods[i].opex_keur,exact,
OPEX,Total OPEX,Excel,12,Y07H1,1200.0,1135.3,-64.6,0.0000,CF!operating_expenses_after_bank_tax_keur,result.periods[i].opex_keur,exact,
OPEX,Total OPEX,Python,12,Y07H1,1200.0,1135.3,-64.6,0.0000,CF!operating_expenses_after_bank_tax_keur,result.periods[i].opex_keur,exact,
OPEX,Total OPEX,Delta,12,Y07H1,1200.0,1135.3,-64.6,-0.0539,CF!operating_expenses_after_bank_tax_keur,result.periods[i].opex_keur,exact,
OPEX,Total OPEX,Excel,13,Y07H2,1213.1,1147.8,-65.3,0.0000,CF!operating_expenses_after_bank_tax_keur,result.periods[i].opex_keur,exact,
OPEX,Total OPEX,Python,13,Y07H2,1213.1,1147.8,-65.3,0.0000,CF!operating_expenses_after_bank_tax_keur,result.periods[i].opex_keur,exact,
OPEX,Total OPEX,Delta,13,Y07H2,1213.1,1147.8,-65.3,-0.0539,CF!operating_expenses_after_bank_tax_keur,result.periods[i].opex_keur,exact,
OPEX,Total OPEX,Excel,14,Y08H1,1214.4,1158.0,-56.4,0.0000,CF!operating_expenses_after_bank_tax_keur,result.periods[i].opex_keur,exact,
OPEX,Total OPEX,Python,14,Y08H1,1214.4,1158.0,-56.4,0.0000,CF!operating_expenses_after_bank_tax_keur,result.periods[i].opex_keur,exact,
OPEX,Total OPEX,Delta,14,Y08H1,1214.4,1158.0,-56.4,-0.0464,CF!operating_expenses_after_bank_tax_keur,result.periods[i].opex_keur,exact,
OPEX,Total OPEX,Excel,15,Y08H2,1234.5,1177.2,-57.3,0.0000,CF!operating_expenses_after_bank_tax_keur,result.periods[i].opex_keur,exact,
OPEX,Total OPEX,Python,15,Y08H2,1234.5,1177.2,-57.3,0.0000,CF!operating_expenses_after_bank_tax_keur,result.periods[i].opex_keur,exact,
OPEX,Total OPEX,Delta,15,Y08H2,1234.5,1177.2,-57.3,-0.0464,CF!operating_expenses_after_bank_tax_keur,result.periods[i].opex_keur,exact,
OPEX,Total OPEX,Excel,16,Y09H1,1232.5,1184.5,-47.9,0.0000,CF!operating_expenses_after_bank_tax_keur,result.periods[i].opex_keur,exact,
OPEX,Total OPEX,Python,16,Y09H1,1232.5,1184.5,-47.9,0.0000,CF!operating_expenses_after_bank_tax_keur,result.periods[i].opex_keur,exact,
OPEX,Total OPEX,Delta,16,Y09H1,1232.5,1184.5,-47.9,-0.0389,CF!operating_expenses_after_bank_tax_keur,result.periods[i].opex_keur,exact,
OPEX,Total OPEX,Excel,17,Y09H2,1252.9,1204.2,-48.7,0.0000,CF!operating_expenses_after_bank_tax_keur,result.periods[i].opex_keur,exact,
OPEX,Total OPEX,Python,17,Y09H2,1252.9,1204.2,-48.7,0.0000,CF!operating_expenses_after_bank_tax_keur,result.periods[i].opex_keur,exact,
OPEX,Total OPEX,Delta,17,Y09H2,1252.9,1204.2,-48.7,-0.0389,CF!operating_expenses_after_bank_tax_keur,result.periods[i].opex_keur,exact,
OPEX,Total OPEX,Excel,18,Y10H1,1251.0,1211.8,-39.1,0.0000,CF!operating_expenses_after_bank_tax_keur,result.periods[i].opex_keur,exact,
OPEX,Total OPEX,Python,18,Y10H1,1251.0,1211.8,-39.1,0.0000,CF!operating_expenses_after_bank_tax_keur,result.periods[i].opex_keur,exact,
OPEX,Total OPEX,Delta,18,Y10H1,1251.0,1211.8,-39.1,-0.0313,CF!operating_expenses_after_bank_tax_keur,result.periods[i].opex_keur,exact,
OPEX,Total OPEX,Excel,19,Y10H2,1271.7,1231.9,-39.8,0.0000,CF!operating_expenses_after_bank_tax_keur,result.periods[i].opex_keur,exact,
OPEX,Total OPEX,Python,19,Y10H2,1271.7,1231.9,-39.8,0.0000,CF!operating_expenses_after_bank_tax_keur,result.periods[i].opex_keur,exact,
OPEX,Total OPEX,Delta,19,Y10H2,1271.7,1231.9,-39.8,-0.0313,CF!operating_expenses_after_bank_tax_keur,result.periods[i].opex_keur,exact,
OPEX,Total OPEX,Excel,20,Y11H1,1294.4,1243.3,-51.1,0.0000,CF!operating_expenses_after_bank_tax_keur,result.periods[i].opex_keur,exact,
OPEX,Total OPEX,Python,20,Y11H1,1294.4,1243.3,-51.1,0.0000,CF!operating_expenses_after_bank_tax_keur,result.periods[i].opex_keur,exact,
OPEX,Total OPEX,Delta,20,Y11H1,1294.4,1243.3,-51.1,-0.0395,CF!operating_expenses_after_bank_tax_keur,result.periods[i].opex_keur,exact,
OPEX,Total OPEX,Excel,21,Y11H2,1308.6,1256.9,-51.7,0.0000,CF!operating_expenses_after_bank_tax_keur,result.periods[i].opex_keur,exact,
OPEX,Total OPEX,Python,21,Y11H2,1308.6,1256.9,-51.7,0.0000,CF!operating_expenses_after_bank_tax_keur,result.periods[i].opex_keur,exact,
OPEX,Total OPEX,Delta,21,Y11H2,1308.6,1256.9,-51.7,-0.0395,CF!operating_expenses_after_bank_tax_keur,result.periods[i].opex_keur,exact,
OPEX,Total OPEX,Excel,22,Y12H1,1310.0,1268.7,-41.4,0.0000,CF!operating_expenses_after_bank_tax_keur,result.periods[i].opex_keur,exact,
OPEX,Total OPEX,Python,22,Y12H1,1310.0,1268.7,-41.4,0.0000,CF!operating_expenses_after_bank_tax_keur,result.periods[i].opex_keur,exact,
OPEX,Total OPEX,Delta,22,Y12H1,1310.0,1268.7,-41.4,-0.0316,CF!operating_expenses_after_bank_tax_keur,result.periods[i].opex_keur,exact,
OPEX,Total OPEX,Excel,23,Y12H2,1331.8,1289.7,-42.1,0.0000,CF!operating_expenses_after_bank_tax_keur,result.periods[i].opex_keur,exact,
OPEX,Total OPEX,Python,23,Y12H2,1331.8,1289.7,-42.1,0.0000,CF!operating_expenses_after_bank_tax_keur,result.periods[i].opex_keur,exact,
OPEX,Total OPEX,Delta,23,Y12H2,1331.8,1289.7,-42.1,-0.0316,CF!operating_expenses_after_bank_tax_keur,result.periods[i].opex_keur,exact,
OPEX,Total OPEX,Excel,24,Y13H1,1329.6,1298.3,-31.3,0.0000,CF!operating_expenses_after_bank_tax_keur,result.periods[i].opex_keur,exact,
OPEX,Total OPEX,Python,24,Y13H1,1329.6,1298.3,-31.3,0.0000,CF!operating_expenses_after_bank_tax_keur,result.periods[i].opex_keur,exact,
OPEX,Total OPEX,Delta,24,Y13H1,1329.6,1298.3,-31.3,-0.0236,CF!operating_expenses_after_bank_tax_keur,result.periods[i].opex_keur,exact,
OPEX,Total OPEX,Excel,25,Y13H2,1351.7,1319.8,-31.9,0.0000,CF!operating_expenses_after_bank_tax_keur,result.periods[i].opex_keur,exact,
OPEX,Total OPEX,Python,25,Y13H2,1351.7,1319.8,-31.9,0.0000,CF!operating_expenses_after_bank_tax_keur,result.periods[i].opex_keur,exact,
OPEX,Total OPEX,Delta,25,Y13H2,1351.7,1319.8,-31.9,-0.0236,CF!operating_expenses_after_bank_tax_keur,result.periods[i].opex_keur,exact,
OPEX,Total OPEX,Excel,26,Y14H1,1349.6,1328.8,-20.9,0.0000,CF!operating_expenses_after_bank_tax_keur,result.periods[i].opex_keur,exact,
OPEX,Total OPEX,Python,26,Y14H1,1349.6,1328.8,-20.9,0.0000,CF!operating_expenses_after_bank_tax_keur,result.periods[i].opex_keur,exact,
OPEX,Total OPEX,Delta,26,Y14H1,1349.6,1328.8,-20.9,-0.0155,CF!operating_expenses_after_bank_tax_keur,result.periods[i].opex_keur,exact,
OPEX,Total OPEX,Excel,27,Y14H2,1372.0,1350.8,-21.2,0.0000,CF!operating_expenses_after_bank_tax_keur,result.periods[i].opex_keur,exact,
OPEX,Total OPEX,Python,27,Y14H2,1372.0,1350.8,-21.2,0.0000,CF!operating_expenses_after_bank_tax_keur,result.periods[i].opex_keur,exact,
OPEX,Total OPEX,Delta,27,Y14H2,1372.0,1350.8,-21.2,-0.0155,CF!operating_expenses_after_bank_tax_keur,result.periods[i].opex_keur,exact,
OPEX,Total OPEX,Excel,28,Y15H1,1359.9,1363.9,4.0,0.0000,CF!operating_expenses_after_bank_tax_keur,result.periods[i].opex_keur,exact,
OPEX,Total OPEX,Python,28,Y15H1,1359.9,1363.9,4.0,0.0000,CF!operating_expenses_after_bank_tax_keur,result.periods[i].opex_keur,exact,
OPEX,Total OPEX,Delta,28,Y15H1,1359.9,1363.9,4.0,0.0029,CF!operating_expenses_after_bank_tax_keur,result.periods[i].opex_keur,exact,
OPEX,Total OPEX,Excel,29,Y15H2,1374.9,1378.9,4.0,0.0000,CF!operating_expenses_after_bank_tax_keur,result.periods[i].opex_keur,exact,
OPEX,Total OPEX,Python,29,Y15H2,1374.9,1378.9,4.0,0.0000,CF!operating_expenses_after_bank_tax_keur,result.periods[i].opex_keur,exact,
OPEX,Total OPEX,Delta,29,Y15H2,1374.9,1378.9,4.0,0.0029,CF!operating_expenses_after_bank_tax_keur,result.periods[i].opex_keur,exact,
OPEX,Total OPEX,Excel,30,Y16H1,1401.9,1392.4,-9.5,0.0000,CF!operating_expenses_after_bank_tax_keur,result.periods[i].opex_keur,exact,
OPEX,Total OPEX,Python,30,Y16H1,1401.9,1392.4,-9.5,0.0000,CF!operating_expenses_after_bank_tax_keur,result.periods[i].opex_keur,exact,
OPEX,Total OPEX,Delta,30,Y16H1,1401.9,1392.4,-9.5,-0.0068,CF!operating_expenses_after_bank_tax_keur,result.periods[i].opex_keur,exact,
OPEX,Total OPEX,Excel,31,Y16H2,1425.1,1415.5,-9.7,0.0000,CF!operating_expenses_after_bank_tax_keur,result.periods[i].opex_keur,exact,
OPEX,Total OPEX,Python,31,Y16H2,1425.1,1415.5,-9.7,0.0000,CF!operating_expenses_after_bank_tax_keur,result.periods[i].opex_keur,exact,
OPEX,Total OPEX,Delta,31,Y16H2,1425.1,1415.5,-9.7,-0.0068,CF!operating_expenses_after_bank_tax_keur,result.periods[i].opex_keur,exact,
OPEX,Total OPEX,Excel,32,Y17H1,1422.8,1425.6,2.8,0.0000,CF!operating_expenses_after_bank_tax_keur,result.periods[i].opex_keur,exact,
OPEX,Total OPEX,Python,32,Y17H1,1422.8,1425.6,2.8,0.0000,CF!operating_expenses_after_bank_tax_keur,result.periods[i].opex_keur,exact,
OPEX,Total OPEX,Delta,32,Y17H1,1422.8,1425.6,2.8,0.0020,CF!operating_expenses_after_bank_tax_keur,result.periods[i].opex_keur,exact,
OPEX,Total OPEX,Excel,33,Y17H2,1446.4,1449.3,2.8,0.0000,CF!operating_expenses_after_bank_tax_keur,result.periods[i].opex_keur,exact,
OPEX,Total OPEX,Python,33,Y17H2,1446.4,1449.3,2.8,0.0000,CF!operating_expenses_after_bank_tax_keur,result.periods[i].opex_keur,exact,
OPEX,Total OPEX,Delta,33,Y17H2,1446.4,1449.3,2.8,0.0020,CF!operating_expenses_after_bank_tax_keur,result.periods[i].opex_keur,exact,
OPEX,Total OPEX,Excel,34,Y18H1,1444.2,1459.8,15.7,0.0000,CF!operating_expenses_after_bank_tax_keur,result.periods[i].opex_keur,exact,
OPEX,Total OPEX,Python,34,Y18H1,1444.2,1459.8,15.7,0.0000,CF!operating_expenses_after_bank_tax_keur,result.periods[i].opex_keur,exact,
OPEX,Total OPEX,Delta,34,Y18H1,1444.2,1459.8,15.7,0.0108,CF!operating_expenses_after_bank_tax_keur,result.periods[i].opex_keur,exact,
OPEX,Total OPEX,Excel,35,Y18H2,1468.1,1484.0,15.9,0.0000,CF!operating_expenses_after_bank_tax_keur,result.periods[i].opex_keur,exact,
OPEX,Total OPEX,Python,35,Y18H2,1468.1,1484.0,15.9,0.0000,CF!operating_expenses_after_bank_tax_keur,result.periods[i].opex_keur,exact,
OPEX,Total OPEX,Delta,35,Y18H2,1468.1,1484.0,15.9,0.0108,CF!operating_expenses_after_bank_tax_keur,result.periods[i].opex_keur,exact,
OPEX,Total OPEX,Excel,36,Y19H1,1470.0,1499.2,29.2,0.0000,CF!operating_expenses_after_bank_tax_keur,result.periods[i].opex_keur,exact,
OPEX,Total OPEX,Python,36,Y19H1,1470.0,1499.2,29.2,0.0000,CF!operating_expenses_after_bank_tax_keur,result.periods[i].opex_keur,exact,
OPEX,Total OPEX,Delta,36,Y19H1,1470.0,1499.2,29.2,0.0199,CF!operating_expenses_after_bank_tax_keur,result.periods[i].opex_keur,exact,
OPEX,Total OPEX,Excel,37,Y19H2,1486.2,1515.7,29.5,0.0000,CF!operating_expenses_after_bank_tax_keur,result.periods[i].opex_keur,exact,
OPEX,Total OPEX,Python,37,Y19H2,1486.2,1515.7,29.5,0.0000,CF!operating_expenses_after_bank_tax_keur,result.periods[i].opex_keur,exact,
OPEX,Total OPEX,Delta,37,Y19H2,1486.2,1515.7,29.5,0.0199,CF!operating_expenses_after_bank_tax_keur,result.periods[i].opex_keur,exact,
OPEX,Total OPEX,Excel,38,Y20H1,1488.2,1531.4,43.2,0.0000,CF!operating_expenses_after_bank_tax_keur,result.periods[i].opex_keur,exact,
OPEX,Total OPEX,Python,38,Y20H1,1488.2,1531.4,43.2,0.0000,CF!operating_expenses_after_bank_tax_keur,result.periods[i].opex_keur,exact,
OPEX,Total OPEX,Delta,38,Y20H1,1488.2,1531.4,43.2,0.0290,CF!operating_expenses_after_bank_tax_keur,result.periods[i].opex_keur,exact,
OPEX,Total OPEX,Excel,39,Y20H2,1512.8,1556.8,43.9,0.0000,CF!operating_expenses_after_bank_tax_keur,result.periods[i].opex_keur,exact,
OPEX,Total OPEX,Python,39,Y20H2,1512.8,1556.8,43.9,0.0000,CF!operating_expenses_after_bank_tax_keur,result.periods[i].opex_keur,exact,
OPEX,Total OPEX,Delta,39,Y20H2,1512.8,1556.8,43.9,0.0290,CF!operating_expenses_after_bank_tax_keur,result.periods[i].opex_keur,exact,
OPEX,Total OPEX,Excel,40,Y21H1,1552.9,1568.8,15.9,0.0000,CF!operating_expenses_after_bank_tax_keur,result.periods[i].opex_keur,exact,
OPEX,Total OPEX,Python,40,Y21H1,1552.9,1568.8,15.9,0.0000,CF!operating_expenses_after_bank_tax_keur,result.periods[i].opex_keur,exact,
OPEX,Total OPEX,Delta,40,Y21H1,1552.9,1568.8,15.9,0.0102,CF!operating_expenses_after_bank_tax_keur,result.periods[i].opex_keur,exact,
OPEX,Total OPEX,Excel,41,Y21H2,1578.6,1594.8,16.2,0.0000,CF!operating_expenses_after_bank_tax_keur,result.periods[i].opex_keur,exact,
OPEX,Total OPEX,Python,41,Y21H2,1578.6,1594.8,16.2,0.0000,CF!operating_expenses_after_bank_tax_keur,result.periods[i].opex_keur,exact,
OPEX,Total OPEX,Delta,41,Y21H2,1578.6,1594.8,16.2,0.0102,CF!operating_expenses_after_bank_tax_keur,result.periods[i].opex_keur,exact,
OPEX,Total OPEX,Excel,42,Y22H1,1576.0,1607.4,31.4,0.0000,CF!operating_expenses_after_bank_tax_keur,result.periods[i].opex_keur,exact,
OPEX,Total OPEX,Python,42,Y22H1,1576.0,1607.4,31.4,0.0000,CF!operating_expenses_after_bank_tax_keur,result.periods[i].opex_keur,exact,
OPEX,Total OPEX,Delta,42,Y22H1,1576.0,1607.4,31.4,0.0199,CF!operating_expenses_after_bank_tax_keur,result.periods[i].opex_keur,exact,
OPEX,Total OPEX,Excel,43,Y22H2,1602.1,1634.0,31.9,0.0000,CF!operating_expenses_after_bank_tax_keur,result.periods[i].opex_keur,exact,
OPEX,Total OPEX,Python,43,Y22H2,1602.1,1634.0,31.9,0.0000,CF!operating_expenses_after_bank_tax_keur,result.periods[i].opex_keur,exact,
OPEX,Total OPEX,Delta,43,Y22H2,1602.1,1634.0,31.9,0.0199,CF!operating_expenses_after_bank_tax_keur,result.periods[i].opex_keur,exact,
OPEX,Total OPEX,Excel,44,Y23H1,1604.0,1651.7,47.7,0.0000,CF!operating_expenses_after_bank_tax_keur,result.periods[i].opex_keur,exact,
OPEX,Total OPEX,Python,44,Y23H1,1604.0,1651.7,47.7,0.0000,CF!operating_expenses_after_bank_tax_keur,result.periods[i].opex_keur,exact,
OPEX,Total OPEX,Delta,44,Y23H1,1604.0,1651.7,47.7,0.0297,CF!operating_expenses_after_bank_tax_keur,result.periods[i].opex_keur,exact,
OPEX,Total OPEX,Excel,45,Y23H2,1621.6,1669.9,48.2,0.0000,CF!operating_expenses_after_bank_tax_keur,result.periods[i].opex_keur,exact,
OPEX,Total OPEX,Python,45,Y23H2,1621.6,1669.9,48.2,0.0000,CF!operating_expenses_after_bank_tax_keur,result.periods[i].opex_keur,exact,
OPEX,Total OPEX,Delta,45,Y23H2,1621.6,1669.9,48.2,0.0297,CF!operating_expenses_after_bank_tax_keur,result.periods[i].opex_keur,exact,
OPEX,Total OPEX,Excel,46,Y24H1,1623.6,1688.2,64.6,0.0000,CF!operating_expenses_after_bank_tax_keur,result.periods[i].opex_keur,exact,
OPEX,Total OPEX,Python,46,Y24H1,1623.6,1688.2,64.6,0.0000,CF!operating_expenses_after_bank_tax_keur,result.periods[i].opex_keur,exact,
OPEX,Total OPEX,Delta,46,Y24H1,1623.6,1688.2,64.6,0.0398,CF!operating_expenses_after_bank_tax_keur,result.periods[i].opex_keur,exact,
OPEX,Total OPEX,Excel,47,Y24H2,1650.5,1716.1,65.6,0.0000,CF!operating_expenses_after_bank_tax_keur,result.periods[i].opex_keur,exact,
OPEX,Total OPEX,Python,47,Y24H2,1650.5,1716.1,65.6,0.0000,CF!operating_expenses_after_bank_tax_keur,result.periods[i].opex_keur,exact,
OPEX,Total OPEX,Delta,47,Y24H2,1650.5,1716.1,65.6,0.0398,CF!operating_expenses_after_bank_tax_keur,result.periods[i].opex_keur,exact,
OPEX,Total OPEX,Excel,48,Y25H1,1648.1,1730.5,82.4,0.0000,CF!operating_expenses_after_bank_tax_keur,result.periods[i].opex_keur,exact,
OPEX,Total OPEX,Python,48,Y25H1,1648.1,1730.5,82.4,0.0000,CF!operating_expenses_after_bank_tax_keur,result.periods[i].opex_keur,exact,
OPEX,Total OPEX,Delta,48,Y25H1,1648.1,1730.5,82.4,0.0500,CF!operating_expenses_after_bank_tax_keur,result.periods[i].opex_keur,exact,
OPEX,Total OPEX,Excel,49,Y25H2,1675.4,1759.2,83.7,0.0000,CF!operating_expenses_after_bank_tax_keur,result.periods[i].opex_keur,exact,
OPEX,Total OPEX,Python,49,Y25H2,1675.4,1759.2,83.7,0.0000,CF!operating_expenses_after_bank_tax_keur,result.periods[i].opex_keur,exact,
OPEX,Total OPEX,Delta,49,Y25H2,1675.4,1759.2,83.7,0.0500,CF!operating_expenses_after_bank_tax_keur,result.periods[i].opex_keur,exact,
OPEX,Total OPEX,Excel,50,Y26H1,1711.0,1774.2,63.2,0.0000,CF!operating_expenses_after_bank_tax_keur,result.periods[i].opex_keur,exact,
OPEX,Total OPEX,Python,50,Y26H1,1711.0,1774.2,63.2,0.0000,CF!operating_expenses_after_bank_tax_keur,result.periods[i].opex_keur,exact,
OPEX,Total OPEX,Delta,50,Y26H1,1711.0,1774.2,63.2,0.0369,CF!operating_expenses_after_bank_tax_keur,result.periods[i].opex_keur,exact,
OPEX,Total OPEX,Excel,51,Y26H2,1739.3,1803.6,64.2,0.0000,CF!operating_expenses_after_bank_tax_keur,result.periods[i].opex_keur,exact,
OPEX,Total OPEX,Python,51,Y26H2,1739.3,1803.6,64.2,0.0000,CF!operating_expenses_after_bank_tax_keur,result.periods[i].opex_keur,exact,
OPEX,Total OPEX,Delta,51,Y26H2,1739.3,1803.6,64.2,0.0369,CF!operating_expenses_after_bank_tax_keur,result.periods[i].opex_keur,exact,
OPEX,Total OPEX,Excel,52,Y27H1,1741.3,1824.4,83.0,0.0000,CF!operating_expenses_after_bank_tax_keur,result.periods[i].opex_keur,exact,
OPEX,Total OPEX,Python,52,Y27H1,1741.3,1824.4,83.0,0.0000,CF!operating_expenses_after_bank_tax_keur,result.periods[i].opex_keur,exact,
OPEX,Total OPEX,Delta,52,Y27H1,1741.3,1824.4,83.0,0.0477,CF!operating_expenses_after_bank_tax_keur,result.periods[i].opex_keur,exact,
OPEX,Total OPEX,Excel,53,Y27H2,1760.5,1844.4,83.9,0.0000,CF!operating_expenses_after_bank_tax_keur,result.periods[i].opex_keur,exact,
OPEX,Total OPEX,Python,53,Y27H2,1760.5,1844.4,83.9,0.0000,CF!operating_expenses_after_bank_tax_keur,result.periods[i].opex_keur,exact,
OPEX,Total OPEX,Delta,53,Y27H2,1760.5,1844.4,83.9,0.0477,CF!operating_expenses_after_bank_tax_keur,result.periods[i].opex_keur,exact,
OPEX,Total OPEX,Excel,54,Y28H1,1762.5,1865.9,103.4,0.0000,CF!operating_expenses_after_bank_tax_keur,result.periods[i].opex_keur,exact,
OPEX,Total OPEX,Python,54,Y28H1,1762.5,1865.9,103.4,0.0000,CF!operating_expenses_after_bank_tax_keur,result.periods[i].opex_keur,exact,
OPEX,Total OPEX,Delta,54,Y28H1,1762.5,1865.9,103.4,0.0586,CF!operating_expenses_after_bank_tax_keur,result.periods[i].opex_keur,exact,
OPEX,Total OPEX,Excel,55,Y28H2,1791.7,1896.8,105.1,0.0000,CF!operating_expenses_after_bank_tax_keur,result.periods[i].opex_keur,exact,
OPEX,Total OPEX,Python,55,Y28H2,1791.7,1896.8,105.1,0.0000,CF!operating_expenses_after_bank_tax_keur,result.periods[i].opex_keur,exact,
OPEX,Total OPEX,Delta,55,Y28H2,1791.7,1896.8,105.1,0.0586,CF!operating_expenses_after_bank_tax_keur,result.periods[i].opex_keur,exact,
OPEX,Total OPEX,Excel,56,Y29H1,1789.1,1914.0,125.0,0.0000,CF!operating_expenses_after_bank_tax_keur,result.periods[i].opex_keur,exact,
OPEX,Total OPEX,Python,56,Y29H1,1789.1,1914.0,125.0,0.0000,CF!operating_expenses_after_bank_tax_keur,result.periods[i].opex_keur,exact,
OPEX,Total OPEX,Delta,56,Y29H1,1789.1,1914.0,125.0,0.0698,CF!operating_expenses_after_bank_tax_keur,result.periods[i].opex_keur,exact,
OPEX,Total OPEX,Excel,57,Y29H2,1818.7,1945.7,127.0,0.0000,CF!operating_expenses_after_bank_tax_keur,result.periods[i].opex_keur,exact,
OPEX,Total OPEX,Python,57,Y29H2,1818.7,1945.7,127.0,0.0000,CF!operating_expenses_after_bank_tax_keur,result.periods[i].opex_keur,exact,
OPEX,Total OPEX,Delta,57,Y29H2,1818.7,1945.7,127.0,0.0698,CF!operating_expenses_after_bank_tax_keur,result.periods[i].opex_keur,exact,
OPEX,Total OPEX,Excel,58,Y30H1,1816.1,1963.8,147.6,0.0000,CF!operating_expenses_after_bank_tax_keur,result.periods[i].opex_keur,exact,
OPEX,Total OPEX,Python,58,Y30H1,1816.1,1963.8,147.6,0.0000,CF!operating_expenses_after_bank_tax_keur,result.periods[i].opex_keur,exact,
OPEX,Total OPEX,Delta,58,Y30H1,1816.1,1963.8,147.6,0.0813,CF!operating_expenses_after_bank_tax_keur,result.periods[i].opex_keur,exact,
OPEX,Total OPEX,Excel,59,Y30H2,1846.3,1996.3,150.1,0.0000,CF!operating_expenses_after_bank_tax_keur,result.periods[i].opex_keur,exact,
OPEX,Total OPEX,Python,59,Y30H2,1846.3,1996.3,150.1,0.0000,CF!operating_expenses_after_bank_tax_keur,result.periods[i].opex_keur,exact,
OPEX,Total OPEX,Delta,59,Y30H2,1846.3,1996.3,150.1,0.0813,CF!operating_expenses_after_bank_tax_keur,result.periods[i].opex_keur,exact,
EBITDA,EBITDA,Excel,0,Y01H1,3070.2,3070.2,0.0,0.0000,CF!ebitda_keur,result.periods[i].ebitda_keur,exact,
EBITDA,EBITDA,Python,0,Y01H1,3070.2,3070.2,0.0,0.0000,CF!ebitda_keur,result.periods[i].ebitda_keur,exact,
EBITDA,EBITDA,Delta,0,Y01H1,3070.2,3070.2,0.0,0.0000,CF!ebitda_keur,result.periods[i].ebitda_keur,exact,
EBITDA,EBITDA,Excel,1,Y01H2,3121.1,3121.1,0.0,0.0000,CF!ebitda_keur,result.periods[i].ebitda_keur,exact,
EBITDA,EBITDA,Python,1,Y01H2,3121.1,3121.1,0.0,0.0000,CF!ebitda_keur,result.periods[i].ebitda_keur,exact,
EBITDA,EBITDA,Delta,1,Y01H2,3121.1,3121.1,0.0,0.0000,CF!ebitda_keur,result.periods[i].ebitda_keur,exact,
EBITDA,EBITDA,Excel,2,Y02H1,3111.6,3105.4,-6.3,0.0000,CF!ebitda_keur,result.periods[i].ebitda_keur,exact,
EBITDA,EBITDA,Python,2,Y02H1,3111.6,3105.4,-6.3,0.0000,CF!ebitda_keur,result.periods[i].ebitda_keur,exact,
EBITDA,EBITDA,Delta,2,Y02H1,3111.6,3105.4,-6.3,-0.0020,CF!ebitda_keur,result.periods[i].ebitda_keur,exact,
EBITDA,EBITDA,Excel,3,Y02H2,3163.2,3156.8,-6.4,0.0000,CF!ebitda_keur,result.periods[i].ebitda_keur,exact,
EBITDA,EBITDA,Python,3,Y02H2,3163.2,3156.8,-6.4,0.0000,CF!ebitda_keur,result.periods[i].ebitda_keur,exact,
EBITDA,EBITDA,Delta,3,Y02H2,3163.2,3156.8,-6.4,-0.0020,CF!ebitda_keur,result.periods[i].ebitda_keur,exact,
EBITDA,EBITDA,Excel,4,Y03H1,3121.1,3150.4,29.3,0.0000,CF!ebitda_keur,result.periods[i].ebitda_keur,exact,
EBITDA,EBITDA,Python,4,Y03H1,3121.1,3150.4,29.3,0.0000,CF!ebitda_keur,result.periods[i].ebitda_keur,exact,
EBITDA,EBITDA,Delta,4,Y03H1,3121.1,3150.4,29.3,0.0094,CF!ebitda_keur,result.periods[i].ebitda_keur,exact,
EBITDA,EBITDA,Excel,5,Y03H2,3155.4,3185.1,29.6,0.0000,CF!ebitda_keur,result.periods[i].ebitda_keur,exact,
EBITDA,EBITDA,Python,5,Y03H2,3155.4,3185.1,29.6,0.0000,CF!ebitda_keur,result.periods[i].ebitda_keur,exact,
EBITDA,EBITDA,Delta,5,Y03H2,3155.4,3185.1,29.6,0.0094,CF!ebitda_keur,result.periods[i].ebitda_keur,exact,
EBITDA,EBITDA,Excel,6,Y04H1,3156.8,3179.2,22.4,0.0000,CF!ebitda_keur,result.periods[i].ebitda_keur,exact,
EBITDA,EBITDA,Python,6,Y04H1,3156.8,3179.2,22.4,0.0000,CF!ebitda_keur,result.periods[i].ebitda_keur,exact,
EBITDA,EBITDA,Delta,6,Y04H1,3156.8,3179.2,22.4,0.0071,CF!ebitda_keur,result.periods[i].ebitda_keur,exact,
EBITDA,EBITDA,Excel,7,Y04H2,3209.2,3231.9,22.8,0.0000,CF!ebitda_keur,result.periods[i].ebitda_keur,exact,
EBITDA,EBITDA,Python,7,Y04H2,3209.2,3231.9,22.8,0.0000,CF!ebitda_keur,result.periods[i].ebitda_keur,exact,
EBITDA,EBITDA,Delta,7,Y04H2,3209.2,3231.9,22.8,0.0071,CF!ebitda_keur,result.periods[i].ebitda_keur,exact,
EBITDA,EBITDA,Excel,8,Y05H1,3194.8,3210.0,15.3,0.0000,CF!ebitda_keur,result.periods[i].ebitda_keur,exact,
EBITDA,EBITDA,Python,8,Y05H1,3194.8,3210.0,15.3,0.0000,CF!ebitda_keur,result.periods[i].ebitda_keur,exact,
EBITDA,EBITDA,Delta,8,Y05H1,3194.8,3210.0,15.3,0.0048,CF!ebitda_keur,result.periods[i].ebitda_keur,exact,
EBITDA,EBITDA,Excel,9,Y05H2,3247.7,3263.2,15.5,0.0000,CF!ebitda_keur,result.periods[i].ebitda_keur,exact,
EBITDA,EBITDA,Python,9,Y05H2,3247.7,3263.2,15.5,0.0000,CF!ebitda_keur,result.periods[i].ebitda_keur,exact,
EBITDA,EBITDA,Delta,9,Y05H2,3247.7,3263.2,15.5,0.0048,CF!ebitda_keur,result.periods[i].ebitda_keur,exact,
EBITDA,EBITDA,Excel,10,Y06H1,3200.0,3272.2,72.2,0.0000,CF!ebitda_keur,result.periods[i].ebitda_keur,exact,
EBITDA,EBITDA,Python,10,Y06H1,3200.0,3272.2,72.2,0.0000,CF!ebitda_keur,result.periods[i].ebitda_keur,exact,
EBITDA,EBITDA,Delta,10,Y06H1,3200.0,3272.2,72.2,0.0226,CF!ebitda_keur,result.periods[i].ebitda_keur,exact,
EBITDA,EBITDA,Excel,11,Y06H2,3253.1,3326.4,73.4,0.0000,CF!ebitda_keur,result.periods[i].ebitda_keur,exact,
EBITDA,EBITDA,Python,11,Y06H2,3253.1,3326.4,73.4,0.0000,CF!ebitda_keur,result.periods[i].ebitda_keur,exact,
EBITDA,EBITDA,Delta,11,Y06H2,3253.1,3326.4,73.4,0.0226,CF!ebitda_keur,result.periods[i].ebitda_keur,exact,
EBITDA,EBITDA,Excel,12,Y07H1,3276.6,3341.2,64.6,0.0000,CF!ebitda_keur,result.periods[i].ebitda_keur,exact,
EBITDA,EBITDA,Python,12,Y07H1,3276.6,3341.2,64.6,0.0000,CF!ebitda_keur,result.periods[i].ebitda_keur,exact,
EBITDA,EBITDA,Delta,12,Y07H1,3276.6,3341.2,64.6,0.0197,CF!ebitda_keur,result.periods[i].ebitda_keur,exact,
EBITDA,EBITDA,Excel,13,Y07H2,3312.6,3377.9,65.3,0.0000,CF!ebitda_keur,result.periods[i].ebitda_keur,exact,
EBITDA,EBITDA,Python,13,Y07H2,3312.6,3377.9,65.3,0.0000,CF!ebitda_keur,result.periods[i].ebitda_keur,exact,
EBITDA,EBITDA,Delta,13,Y07H2,3312.6,3377.9,65.3,0.0197,CF!ebitda_keur,result.periods[i].ebitda_keur,exact,
EBITDA,EBITDA,Excel,14,Y08H1,3340.2,3396.6,56.4,0.0000,CF!ebitda_keur,result.periods[i].ebitda_keur,exact,
EBITDA,EBITDA,Python,14,Y08H1,3340.2,3396.6,56.4,0.0000,CF!ebitda_keur,result.periods[i].ebitda_keur,exact,
EBITDA,EBITDA,Delta,14,Y08H1,3340.2,3396.6,56.4,0.0169,CF!ebitda_keur,result.periods[i].ebitda_keur,exact,
EBITDA,EBITDA,Excel,15,Y08H2,3395.6,3452.9,57.3,0.0000,CF!ebitda_keur,result.periods[i].ebitda_keur,exact,
EBITDA,EBITDA,Python,15,Y08H2,3395.6,3452.9,57.3,0.0000,CF!ebitda_keur,result.periods[i].ebitda_keur,exact,
EBITDA,EBITDA,Delta,15,Y08H2,3395.6,3452.9,57.3,0.0169,CF!ebitda_keur,result.periods[i].ebitda_keur,exact,
EBITDA,EBITDA,Excel,16,Y09H1,3418.1,3466.1,47.9,0.0000,CF!ebitda_keur,result.periods[i].ebitda_keur,exact,
EBITDA,EBITDA,Python,16,Y09H1,3418.1,3466.1,47.9,0.0000,CF!ebitda_keur,result.periods[i].ebitda_keur,exact,
EBITDA,EBITDA,Delta,16,Y09H1,3418.1,3466.1,47.9,0.0140,CF!ebitda_keur,result.periods[i].ebitda_keur,exact,
EBITDA,EBITDA,Excel,17,Y09H2,3474.8,3523.5,48.7,0.0000,CF!ebitda_keur,result.periods[i].ebitda_keur,exact,
EBITDA,EBITDA,Python,17,Y09H2,3474.8,3523.5,48.7,0.0000,CF!ebitda_keur,result.periods[i].ebitda_keur,exact,
EBITDA,EBITDA,Delta,17,Y09H2,3474.8,3523.5,48.7,0.0140,CF!ebitda_keur,result.periods[i].ebitda_keur,exact,
EBITDA,EBITDA,Excel,18,Y10H1,3494.0,3533.2,39.1,0.0000,CF!ebitda_keur,result.periods[i].ebitda_keur,exact,
EBITDA,EBITDA,Python,18,Y10H1,3494.0,3533.2,39.1,0.0000,CF!ebitda_keur,result.periods[i].ebitda_keur,exact,
EBITDA,EBITDA,Delta,18,Y10H1,3494.0,3533.2,39.1,0.0112,CF!ebitda_keur,result.periods[i].ebitda_keur,exact,
EBITDA,EBITDA,Excel,19,Y10H2,3551.9,3591.7,39.8,0.0000,CF!ebitda_keur,result.periods[i].ebitda_keur,exact,
EBITDA,EBITDA,Python,19,Y10H2,3551.9,3591.7,39.8,0.0000,CF!ebitda_keur,result.periods[i].ebitda_keur,exact,
EBITDA,EBITDA,Delta,19,Y10H2,3551.9,3591.7,39.8,0.0112,CF!ebitda_keur,result.periods[i].ebitda_keur,exact,
EBITDA,EBITDA,Excel,20,Y11H1,3556.8,3608.0,51.1,0.0000,CF!ebitda_keur,result.periods[i].ebitda_keur,exact,
EBITDA,EBITDA,Python,20,Y11H1,3556.8,3608.0,51.1,0.0000,CF!ebitda_keur,result.periods[i].ebitda_keur,exact,
EBITDA,EBITDA,Delta,20,Y11H1,3556.8,3608.0,51.1,0.0144,CF!ebitda_keur,result.periods[i].ebitda_keur,exact,
EBITDA,EBITDA,Excel,21,Y11H2,3595.9,3647.6,51.7,0.0000,CF!ebitda_keur,result.periods[i].ebitda_keur,exact,
EBITDA,EBITDA,Python,21,Y11H2,3595.9,3647.6,51.7,0.0000,CF!ebitda_keur,result.periods[i].ebitda_keur,exact,
EBITDA,EBITDA,Delta,21,Y11H2,3595.9,3647.6,51.7,0.0144,CF!ebitda_keur,result.periods[i].ebitda_keur,exact,
EBITDA,EBITDA,Excel,22,Y12H1,3626.3,3667.6,41.4,0.0000,CF!ebitda_keur,result.periods[i].ebitda_keur,exact,
EBITDA,EBITDA,Python,22,Y12H1,3626.3,3667.6,41.4,0.0000,CF!ebitda_keur,result.periods[i].ebitda_keur,exact,
EBITDA,EBITDA,Delta,22,Y12H1,3626.3,3667.6,41.4,0.0114,CF!ebitda_keur,result.periods[i].ebitda_keur,exact,
EBITDA,EBITDA,Excel,23,Y12H2,3686.4,3728.4,42.1,0.0000,CF!ebitda_keur,result.periods[i].ebitda_keur,exact,
EBITDA,EBITDA,Python,23,Y12H2,3686.4,3728.4,42.1,0.0000,CF!ebitda_keur,result.periods[i].ebitda_keur,exact,
EBITDA,EBITDA,Delta,23,Y12H2,3686.4,3728.4,42.1,0.0114,CF!ebitda_keur,result.periods[i].ebitda_keur,exact,
EBITDA,EBITDA,Excel,24,Y13H1,6108.9,6140.3,31.3,0.0000,CF!ebitda_keur,result.periods[i].ebitda_keur,exact,
EBITDA,EBITDA,Python,24,Y13H1,6108.9,6140.3,31.3,0.0000,CF!ebitda_keur,result.periods[i].ebitda_keur,exact,
EBITDA,EBITDA,Delta,24,Y13H1,6108.9,6140.3,31.3,0.0051,CF!ebitda_keur,result.periods[i].ebitda_keur,exact,
EBITDA,EBITDA,Excel,25,Y13H2,6210.2,6242.1,31.9,0.0000,CF!ebitda_keur,result.periods[i].ebitda_keur,exact,
EBITDA,EBITDA,Python,25,Y13H2,6210.2,6242.1,31.9,0.0000,CF!ebitda_keur,result.periods[i].ebitda_keur,exact,
EBITDA,EBITDA,Delta,25,Y13H2,6210.2,6242.1,31.9,0.0051,CF!ebitda_keur,result.periods[i].ebitda_keur,exact,
EBITDA,EBITDA,Excel,26,Y14H1,6094.6,6115.5,20.9,0.0000,CF!ebitda_keur,result.periods[i].ebitda_keur,exact,
EBITDA,EBITDA,Python,26,Y14H1,6094.6,6115.5,20.9,0.0000,CF!ebitda_keur,result.periods[i].ebitda_keur,exact,
EBITDA,EBITDA,Delta,26,Y14H1,6094.6,6115.5,20.9,0.0034,CF!ebitda_keur,result.periods[i].ebitda_keur,exact,
EBITDA,EBITDA,Excel,27,Y14H2,6195.6,6216.8,21.2,0.0000,CF!ebitda_keur,result.periods[i].ebitda_keur,exact,
EBITDA,EBITDA,Python,27,Y14H2,6195.6,6216.8,21.2,0.0000,CF!ebitda_keur,result.periods[i].ebitda_keur,exact,
EBITDA,EBITDA,Delta,27,Y14H2,6195.6,6216.8,21.2,0.0034,CF!ebitda_keur,result.periods[i].ebitda_keur,exact,
EBITDA,EBITDA,Excel,28,Y15H1,6191.8,6187.8,-4.0,0.0000,CF!ebitda_keur,result.periods[i].ebitda_keur,exact,
EBITDA,EBITDA,Python,28,Y15H1,6191.8,6187.8,-4.0,0.0000,CF!ebitda_keur,result.periods[i].ebitda_keur,exact,
EBITDA,EBITDA,Delta,28,Y15H1,6191.8,6187.8,-4.0,-0.0006,CF!ebitda_keur,result.periods[i].ebitda_keur,exact,
EBITDA,EBITDA,Excel,29,Y15H2,6259.9,6255.8,-4.0,0.0000,CF!ebitda_keur,result.periods[i].ebitda_keur,exact,
EBITDA,EBITDA,Python,29,Y15H2,6259.9,6255.8,-4.0,0.0000,CF!ebitda_keur,result.periods[i].ebitda_keur,exact,
EBITDA,EBITDA,Delta,29,Y15H2,6259.9,6255.8,-4.0,-0.0006,CF!ebitda_keur,result.periods[i].ebitda_keur,exact,
EBITDA,EBITDA,Excel,30,Y16H1,6212.3,6221.8,9.5,0.0000,CF!ebitda_keur,result.periods[i].ebitda_keur,exact,
EBITDA,EBITDA,Python,30,Y16H1,6212.3,6221.8,9.5,0.0000,CF!ebitda_keur,result.periods[i].ebitda_keur,exact,
EBITDA,EBITDA,Delta,30,Y16H1,6212.3,6221.8,9.5,0.0015,CF!ebitda_keur,result.periods[i].ebitda_keur,exact,
EBITDA,EBITDA,Excel,31,Y16H2,6315.3,6324.9,9.7,0.0000,CF!ebitda_keur,result.periods[i].ebitda_keur,exact,
EBITDA,EBITDA,Python,31,Y16H2,6315.3,6324.9,9.7,0.0000,CF!ebitda_keur,result.periods[i].ebitda_keur,exact,
EBITDA,EBITDA,Delta,31,Y16H2,6315.3,6324.9,9.7,0.0015,CF!ebitda_keur,result.periods[i].ebitda_keur,exact,
EBITDA,EBITDA,Excel,32,Y17H1,6422.3,6419.5,-2.8,0.0000,CF!ebitda_keur,result.periods[i].ebitda_keur,exact,
EBITDA,EBITDA,Python,32,Y17H1,6422.3,6419.5,-2.8,0.0000,CF!ebitda_keur,result.periods[i].ebitda_keur,exact,
EBITDA,EBITDA,Delta,32,Y17H1,6422.3,6419.5,-2.8,-0.0004,CF!ebitda_keur,result.periods[i].ebitda_keur,exact,
EBITDA,EBITDA,Excel,33,Y17H2,6528.7,6525.9,-2.8,0.0000,CF!ebitda_keur,result.periods[i].ebitda_keur,exact,
EBITDA,EBITDA,Python,33,Y17H2,6528.7,6525.9,-2.8,0.0000,CF!ebitda_keur,result.periods[i].ebitda_keur,exact,
EBITDA,EBITDA,Delta,33,Y17H2,6528.7,6525.9,-2.8,-0.0004,CF!ebitda_keur,result.periods[i].ebitda_keur,exact,
EBITDA,EBITDA,Excel,34,Y18H1,6585.9,6570.3,-15.7,0.0000,CF!ebitda_keur,result.periods[i].ebitda_keur,exact,
EBITDA,EBITDA,Python,34,Y18H1,6585.9,6570.3,-15.7,0.0000,CF!ebitda_keur,result.periods[i].ebitda_keur,exact,
EBITDA,EBITDA,Delta,34,Y18H1,6585.9,6570.3,-15.7,-0.0024,CF!ebitda_keur,result.periods[i].ebitda_keur,exact,
EBITDA,EBITDA,Excel,35,Y18H2,6695.1,6679.2,-15.9,0.0000,CF!ebitda_keur,result.periods[i].ebitda_keur,exact,
EBITDA,EBITDA,Python,35,Y18H2,6695.1,6679.2,-15.9,0.0000,CF!ebitda_keur,result.periods[i].ebitda_keur,exact,
EBITDA,EBITDA,Delta,35,Y18H2,6695.1,6679.2,-15.9,-0.0024,CF!ebitda_keur,result.periods[i].ebitda_keur,exact,
EBITDA,EBITDA,Excel,36,Y19H1,6765.1,6735.9,-29.2,0.0000,CF!ebitda_keur,result.periods[i].ebitda_keur,exact,
EBITDA,EBITDA,Python,36,Y19H1,6765.1,6735.9,-29.2,0.0000,CF!ebitda_keur,result.periods[i].ebitda_keur,exact,
EBITDA,EBITDA,Delta,36,Y19H1,6765.1,6735.9,-29.2,-0.0043,CF!ebitda_keur,result.periods[i].ebitda_keur,exact,
EBITDA,EBITDA,Excel,37,Y19H2,6839.4,6809.9,-29.5,0.0000,CF!ebitda_keur,result.periods[i].ebitda_keur,exact,
EBITDA,EBITDA,Python,37,Y19H2,6839.4,6809.9,-29.5,0.0000,CF!ebitda_keur,result.periods[i].ebitda_keur,exact,
EBITDA,EBITDA,Delta,37,Y19H2,6839.4,6809.9,-29.5,-0.0043,CF!ebitda_keur,result.periods[i].ebitda_keur,exact,
EBITDA,EBITDA,Excel,38,Y20H1,6911.8,6868.6,-43.2,0.0000,CF!ebitda_keur,result.periods[i].ebitda_keur,exact,
EBITDA,EBITDA,Python,38,Y20H1,6911.8,6868.6,-43.2,0.0000,CF!ebitda_keur,result.periods[i].ebitda_keur,exact,
EBITDA,EBITDA,Delta,38,Y20H1,6911.8,6868.6,-43.2,-0.0063,CF!ebitda_keur,result.periods[i].ebitda_keur,exact,
EBITDA,EBITDA,Excel,39,Y20H2,7026.4,6982.5,-43.9,0.0000,CF!ebitda_keur,result.periods[i].ebitda_keur,exact,
EBITDA,EBITDA,Python,39,Y20H2,7026.4,6982.5,-43.9,0.0000,CF!ebitda_keur,result.periods[i].ebitda_keur,exact,
EBITDA,EBITDA,Delta,39,Y20H2,7026.4,6982.5,-43.9,-0.0063,CF!ebitda_keur,result.periods[i].ebitda_keur,exact,
EBITDA,EBITDA,Excel,40,Y21H1,7034.5,7018.6,-15.9,0.0000,CF!ebitda_keur,result.periods[i].ebitda_keur,exact,
EBITDA,EBITDA,Python,40,Y21H1,7034.5,7018.6,-15.9,0.0000,CF!ebitda_keur,result.periods[i].ebitda_keur,exact,
EBITDA,EBITDA,Delta,40,Y21H1,7034.5,7018.6,-15.9,-0.0023,CF!ebitda_keur,result.periods[i].ebitda_keur,exact,
EBITDA,EBITDA,Excel,41,Y21H2,7151.1,7134.9,-16.2,0.0000,CF!ebitda_keur,result.periods[i].ebitda_keur,exact,
EBITDA,EBITDA,Python,41,Y21H2,7151.1,7134.9,-16.2,0.0000,CF!ebitda_keur,result.periods[i].ebitda_keur,exact,
EBITDA,EBITDA,Delta,41,Y21H2,7151.1,7134.9,-16.2,-0.0023,CF!ebitda_keur,result.periods[i].ebitda_keur,exact,
EBITDA,EBITDA,Excel,42,Y22H1,7199.6,7168.2,-31.4,0.0000,CF!ebitda_keur,result.periods[i].ebitda_keur,exact,
EBITDA,EBITDA,Python,42,Y22H1,7199.6,7168.2,-31.4,0.0000,CF!ebitda_keur,result.periods[i].ebitda_keur,exact,
EBITDA,EBITDA,Delta,42,Y22H1,7199.6,7168.2,-31.4,-0.0044,CF!ebitda_keur,result.periods[i].ebitda_keur,exact,
EBITDA,EBITDA,Excel,43,Y22H2,7318.9,7287.0,-31.9,0.0000,CF!ebitda_keur,result.periods[i].ebitda_keur,exact,
EBITDA,EBITDA,Python,43,Y22H2,7318.9,7287.0,-31.9,0.0000,CF!ebitda_keur,result.periods[i].ebitda_keur,exact,
EBITDA,EBITDA,Delta,43,Y22H2,7318.9,7287.0,-31.9,-0.0044,CF!ebitda_keur,result.periods[i].ebitda_keur,exact,
EBITDA,EBITDA,Excel,44,Y23H1,7423.3,7375.6,-47.7,0.0000,CF!ebitda_keur,result.periods[i].ebitda_keur,exact,
EBITDA,EBITDA,Python,44,Y23H1,7423.3,7375.6,-47.7,0.0000,CF!ebitda_keur,result.periods[i].ebitda_keur,exact,
EBITDA,EBITDA,Delta,44,Y23H1,7423.3,7375.6,-47.7,-0.0064,CF!ebitda_keur,result.periods[i].ebitda_keur,exact,
EBITDA,EBITDA,Excel,45,Y23H2,7504.9,7456.6,-48.2,0.0000,CF!ebitda_keur,result.periods[i].ebitda_keur,exact,
EBITDA,EBITDA,Python,45,Y23H2,7504.9,7456.6,-48.2,0.0000,CF!ebitda_keur,result.periods[i].ebitda_keur,exact,
EBITDA,EBITDA,Delta,45,Y23H2,7504.9,7456.6,-48.2,-0.0064,CF!ebitda_keur,result.periods[i].ebitda_keur,exact,
EBITDA,EBITDA,Excel,46,Y24H1,7549.8,7485.2,-64.6,0.0000,CF!ebitda_keur,result.periods[i].ebitda_keur,exact,
EBITDA,EBITDA,Python,46,Y24H1,7549.8,7485.2,-64.6,0.0000,CF!ebitda_keur,result.periods[i].ebitda_keur,exact,
EBITDA,EBITDA,Delta,46,Y24H1,7549.8,7485.2,-64.6,-0.0086,CF!ebitda_keur,result.periods[i].ebitda_keur,exact,
EBITDA,EBITDA,Excel,47,Y24H2,7674.9,7609.3,-65.6,0.0000,CF!ebitda_keur,result.periods[i].ebitda_keur,exact,
EBITDA,EBITDA,Python,47,Y24H2,7674.9,7609.3,-65.6,0.0000,CF!ebitda_keur,result.periods[i].ebitda_keur,exact,
EBITDA,EBITDA,Delta,47,Y24H2,7674.9,7609.3,-65.6,-0.0086,CF!ebitda_keur,result.periods[i].ebitda_keur,exact,
EBITDA,EBITDA,Excel,48,Y25H1,7698.8,7616.4,-82.4,0.0000,CF!ebitda_keur,result.periods[i].ebitda_keur,exact,
EBITDA,EBITDA,Python,48,Y25H1,7698.8,7616.4,-82.4,0.0000,CF!ebitda_keur,result.periods[i].ebitda_keur,exact,
EBITDA,EBITDA,Delta,48,Y25H1,7698.8,7616.4,-82.4,-0.0107,CF!ebitda_keur,result.periods[i].ebitda_keur,exact,
EBITDA,EBITDA,Excel,49,Y25H2,7826.4,7742.7,-83.7,0.0000,CF!ebitda_keur,result.periods[i].ebitda_keur,exact,
EBITDA,EBITDA,Python,49,Y25H2,7826.4,7742.7,-83.7,0.0000,CF!ebitda_keur,result.periods[i].ebitda_keur,exact,
EBITDA,EBITDA,Delta,49,Y25H2,7826.4,7742.7,-83.7,-0.0107,CF!ebitda_keur,result.periods[i].ebitda_keur,exact,
EBITDA,EBITDA,Excel,50,Y26H1,7867.9,7804.7,-63.2,0.0000,CF!ebitda_keur,result.periods[i].ebitda_keur,exact,
EBITDA,EBITDA,Python,50,Y26H1,7867.9,7804.7,-63.2,0.0000,CF!ebitda_keur,result.periods[i].ebitda_keur,exact,
EBITDA,EBITDA,Delta,50,Y26H1,7867.9,7804.7,-63.2,-0.0080,CF!ebitda_keur,result.periods[i].ebitda_keur,exact,
EBITDA,EBITDA,Excel,51,Y26H2,7998.3,7934.1,-64.2,0.0000,CF!ebitda_keur,result.periods[i].ebitda_keur,exact,
EBITDA,EBITDA,Python,51,Y26H2,7998.3,7934.1,-64.2,0.0000,CF!ebitda_keur,result.periods[i].ebitda_keur,exact,
EBITDA,EBITDA,Delta,51,Y26H2,7998.3,7934.1,-64.2,-0.0080,CF!ebitda_keur,result.periods[i].ebitda_keur,exact,
EBITDA,EBITDA,Excel,52,Y27H1,8034.8,7951.8,-83.0,0.0000,CF!ebitda_keur,result.periods[i].ebitda_keur,exact,
EBITDA,EBITDA,Python,52,Y27H1,8034.8,7951.8,-83.0,0.0000,CF!ebitda_keur,result.periods[i].ebitda_keur,exact,
EBITDA,EBITDA,Delta,52,Y27H1,8034.8,7951.8,-83.0,-0.0103,CF!ebitda_keur,result.periods[i].ebitda_keur,exact,
EBITDA,EBITDA,Excel,53,Y27H2,8123.1,8039.2,-83.9,0.0000,CF!ebitda_keur,result.periods[i].ebitda_keur,exact,
EBITDA,EBITDA,Python,53,Y27H2,8123.1,8039.2,-83.9,0.0000,CF!ebitda_keur,result.periods[i].ebitda_keur,exact,
EBITDA,EBITDA,Delta,53,Y27H2,8123.1,8039.2,-83.9,-0.0103,CF!ebitda_keur,result.periods[i].ebitda_keur,exact,
EBITDA,EBITDA,Excel,54,Y28H1,8120.4,8017.1,-103.4,0.0000,CF!ebitda_keur,result.periods[i].ebitda_keur,exact,
EBITDA,EBITDA,Python,54,Y28H1,8120.4,8017.1,-103.4,0.0000,CF!ebitda_keur,result.periods[i].ebitda_keur,exact,
EBITDA,EBITDA,Delta,54,Y28H1,8120.4,8017.1,-103.4,-0.0127,CF!ebitda_keur,result.periods[i].ebitda_keur,exact,
EBITDA,EBITDA,Excel,55,Y28H2,8255.0,8149.9,-105.1,0.0000,CF!ebitda_keur,result.periods[i].ebitda_keur,exact,
EBITDA,EBITDA,Python,55,Y28H2,8255.0,8149.9,-105.1,0.0000,CF!ebitda_keur,result.periods[i].ebitda_keur,exact,
EBITDA,EBITDA,Delta,55,Y28H2,8255.0,8149.9,-105.1,-0.0127,CF!ebitda_keur,result.periods[i].ebitda_keur,exact,
EBITDA,EBITDA,Excel,56,Y29H1,8218.7,8093.7,-125.0,0.0000,CF!ebitda_keur,result.periods[i].ebitda_keur,exact,
EBITDA,EBITDA,Python,56,Y29H1,8218.7,8093.7,-125.0,0.0000,CF!ebitda_keur,result.periods[i].ebitda_keur,exact,
EBITDA,EBITDA,Delta,56,Y29H1,8218.7,8093.7,-125.0,-0.0152,CF!ebitda_keur,result.periods[i].ebitda_keur,exact,
EBITDA,EBITDA,Excel,57,Y29H2,8354.9,8227.9,-127.0,0.0000,CF!ebitda_keur,result.periods[i].ebitda_keur,exact,
EBITDA,EBITDA,Python,57,Y29H2,8354.9,8227.9,-127.0,0.0000,CF!ebitda_keur,result.periods[i].ebitda_keur,exact,
EBITDA,EBITDA,Delta,57,Y29H2,8354.9,8227.9,-127.0,-0.0152,CF!ebitda_keur,result.periods[i].ebitda_keur,exact,
EBITDA,EBITDA,Excel,58,Y30H1,8261.7,8114.1,-147.6,0.0000,CF!ebitda_keur,result.periods[i].ebitda_keur,exact,
EBITDA,EBITDA,Python,58,Y30H1,8261.7,8114.1,-147.6,0.0000,CF!ebitda_keur,result.periods[i].ebitda_keur,exact,
EBITDA,EBITDA,Delta,58,Y30H1,8261.7,8114.1,-147.6,-0.0179,CF!ebitda_keur,result.periods[i].ebitda_keur,exact,
EBITDA,EBITDA,Excel,59,Y30H2,8398.6,8248.6,-150.1,0.0000,CF!ebitda_keur,result.periods[i].ebitda_keur,exact,
EBITDA,EBITDA,Python,59,Y30H2,8398.6,8248.6,-150.1,0.0000,CF!ebitda_keur,result.periods[i].ebitda_keur,exact,
EBITDA,EBITDA,Delta,59,Y30H2,8398.6,8248.6,-150.1,-0.0179,CF!ebitda_keur,result.periods[i].ebitda_keur,exact,
Free Cash Flow,FCF for Banks,Excel,0,Y01H1,3070.2,3070.2,0.0,0.0000,CF!free_cash_flow_for_banks_keur,result.periods[i].cf_after_tax_keur,approximate,Python uses cf_after_tax_keur as proxy
Free Cash Flow,FCF for Banks,Python,0,Y01H1,3070.2,3070.2,0.0,0.0000,CF!free_cash_flow_for_banks_keur,result.periods[i].cf_after_tax_keur,approximate,Python uses cf_after_tax_keur as proxy
Free Cash Flow,FCF for Banks,Delta,0,Y01H1,3070.2,3070.2,0.0,0.0000,CF!free_cash_flow_for_banks_keur,result.periods[i].cf_after_tax_keur,approximate,Python uses cf_after_tax_keur as proxy
Free Cash Flow,FCF for Banks,Excel,1,Y01H2,3121.1,3121.1,0.0,0.0000,CF!free_cash_flow_for_banks_keur,result.periods[i].cf_after_tax_keur,approximate,Python uses cf_after_tax_keur as proxy
Free Cash Flow,FCF for Banks,Python,1,Y01H2,3121.1,3121.1,0.0,0.0000,CF!free_cash_flow_for_banks_keur,result.periods[i].cf_after_tax_keur,approximate,Python uses cf_after_tax_keur as proxy
Free Cash Flow,FCF for Banks,Delta,1,Y01H2,3121.1,3121.1,0.0,0.0000,CF!free_cash_flow_for_banks_keur,result.periods[i].cf_after_tax_keur,approximate,Python uses cf_after_tax_keur as proxy
Free Cash Flow,FCF for Banks,Excel,2,Y02H1,3111.6,3105.4,-6.3,0.0000,CF!free_cash_flow_for_banks_keur,result.periods[i].cf_after_tax_keur,approximate,Python uses cf_after_tax_keur as proxy
Free Cash Flow,FCF for Banks,Python,2,Y02H1,3111.6,3105.4,-6.3,0.0000,CF!free_cash_flow_for_banks_keur,result.periods[i].cf_after_tax_keur,approximate,Python uses cf_after_tax_keur as proxy
Free Cash Flow,FCF for Banks,Delta,2,Y02H1,3111.6,3105.4,-6.3,-0.0020,CF!free_cash_flow_for_banks_keur,result.periods[i].cf_after_tax_keur,approximate,Python uses cf_after_tax_keur as proxy
Free Cash Flow,FCF for Banks,Excel,3,Y02H2,3163.2,3156.8,-6.4,0.0000,CF!free_cash_flow_for_banks_keur,result.periods[i].cf_after_tax_keur,approximate,Python uses cf_after_tax_keur as proxy
Free Cash Flow,FCF for Banks,Python,3,Y02H2,3163.2,3156.8,-6.4,0.0000,CF!free_cash_flow_for_banks_keur,result.periods[i].cf_after_tax_keur,approximate,Python uses cf_after_tax_keur as proxy
Free Cash Flow,FCF for Banks,Delta,3,Y02H2,3163.2,3156.8,-6.4,-0.0020,CF!free_cash_flow_for_banks_keur,result.periods[i].cf_after_tax_keur,approximate,Python uses cf_after_tax_keur as proxy
Free Cash Flow,FCF for Banks,Excel,4,Y03H1,3121.1,3150.4,29.3,0.0000,CF!free_cash_flow_for_banks_keur,result.periods[i].cf_after_tax_keur,approximate,Python uses cf_after_tax_keur as proxy
Free Cash Flow,FCF for Banks,Python,4,Y03H1,3121.1,3150.4,29.3,0.0000,CF!free_cash_flow_for_banks_keur,result.periods[i].cf_after_tax_keur,approximate,Python uses cf_after_tax_keur as proxy
Free Cash Flow,FCF for Banks,Delta,4,Y03H1,3121.1,3150.4,29.3,0.0094,CF!free_cash_flow_for_banks_keur,result.periods[i].cf_after_tax_keur,approximate,Python uses cf_after_tax_keur as proxy
Free Cash Flow,FCF for Banks,Excel,5,Y03H2,3155.4,3185.1,29.6,0.0000,CF!free_cash_flow_for_banks_keur,result.periods[i].cf_after_tax_keur,approximate,Python uses cf_after_tax_keur as proxy
Free Cash Flow,FCF for Banks,Python,5,Y03H2,3155.4,3185.1,29.6,0.0000,CF!free_cash_flow_for_banks_keur,result.periods[i].cf_after_tax_keur,approximate,Python uses cf_after_tax_keur as proxy
Free Cash Flow,FCF for Banks,Delta,5,Y03H2,3155.4,3185.1,29.6,0.0094,CF!free_cash_flow_for_banks_keur,result.periods[i].cf_after_tax_keur,approximate,Python uses cf_after_tax_keur as proxy
Free Cash Flow,FCF for Banks,Excel,6,Y04H1,3156.8,3179.2,22.4,0.0000,CF!free_cash_flow_for_banks_keur,result.periods[i].cf_after_tax_keur,approximate,Python uses cf_after_tax_keur as proxy
Free Cash Flow,FCF for Banks,Python,6,Y04H1,3156.8,3179.2,22.4,0.0000,CF!free_cash_flow_for_banks_keur,result.periods[i].cf_after_tax_keur,approximate,Python uses cf_after_tax_keur as proxy
Free Cash Flow,FCF for Banks,Delta,6,Y04H1,3156.8,3179.2,22.4,0.0071,CF!free_cash_flow_for_banks_keur,result.periods[i].cf_after_tax_keur,approximate,Python uses cf_after_tax_keur as proxy
Free Cash Flow,FCF for Banks,Excel,7,Y04H2,3209.2,3231.9,22.8,0.0000,CF!free_cash_flow_for_banks_keur,result.periods[i].cf_after_tax_keur,approximate,Python uses cf_after_tax_keur as proxy
Free Cash Flow,FCF for Banks,Python,7,Y04H2,3209.2,3231.9,22.8,0.0000,CF!free_cash_flow_for_banks_keur,result.periods[i].cf_after_tax_keur,approximate,Python uses cf_after_tax_keur as proxy
Free Cash Flow,FCF for Banks,Delta,7,Y04H2,3209.2,3231.9,22.8,0.0071,CF!free_cash_flow_for_banks_keur,result.periods[i].cf_after_tax_keur,approximate,Python uses cf_after_tax_keur as proxy
Free Cash Flow,FCF for Banks,Excel,8,Y05H1,3194.8,3210.0,15.3,0.0000,CF!free_cash_flow_for_banks_keur,result.periods[i].cf_after_tax_keur,approximate,Python uses cf_after_tax_keur as proxy
Free Cash Flow,FCF for Banks,Python,8,Y05H1,3194.8,3210.0,15.3,0.0000,CF!free_cash_flow_for_banks_keur,result.periods[i].cf_after_tax_keur,approximate,Python uses cf_after_tax_keur as proxy
Free Cash Flow,FCF for Banks,Delta,8,Y05H1,3194.8,3210.0,15.3,0.0048,CF!free_cash_flow_for_banks_keur,result.periods[i].cf_after_tax_keur,approximate,Python uses cf_after_tax_keur as proxy
Free Cash Flow,FCF for Banks,Excel,9,Y05H2,3247.7,3263.2,15.5,0.0000,CF!free_cash_flow_for_banks_keur,result.periods[i].cf_after_tax_keur,approximate,Python uses cf_after_tax_keur as proxy
Free Cash Flow,FCF for Banks,Python,9,Y05H2,3247.7,3263.2,15.5,0.0000,CF!free_cash_flow_for_banks_keur,result.periods[i].cf_after_tax_keur,approximate,Python uses cf_after_tax_keur as proxy
Free Cash Flow,FCF for Banks,Delta,9,Y05H2,3247.7,3263.2,15.5,0.0048,CF!free_cash_flow_for_banks_keur,result.periods[i].cf_after_tax_keur,approximate,Python uses cf_after_tax_keur as proxy
Free Cash Flow,FCF for Banks,Excel,10,Y06H1,3200.0,3272.2,72.2,0.0000,CF!free_cash_flow_for_banks_keur,result.periods[i].cf_after_tax_keur,approximate,Python uses cf_after_tax_keur as proxy
Free Cash Flow,FCF for Banks,Python,10,Y06H1,3200.0,3272.2,72.2,0.0000,CF!free_cash_flow_for_banks_keur,result.periods[i].cf_after_tax_keur,approximate,Python uses cf_after_tax_keur as proxy
Free Cash Flow,FCF for Banks,Delta,10,Y06H1,3200.0,3272.2,72.2,0.0226,CF!free_cash_flow_for_banks_keur,result.periods[i].cf_after_tax_keur,approximate,Python uses cf_after_tax_keur as proxy
Free Cash Flow,FCF for Banks,Excel,11,Y06H2,3253.1,3326.4,73.4,0.0000,CF!free_cash_flow_for_banks_keur,result.periods[i].cf_after_tax_keur,approximate,Python uses cf_after_tax_keur as proxy
Free Cash Flow,FCF for Banks,Python,11,Y06H2,3253.1,3326.4,73.4,0.0000,CF!free_cash_flow_for_banks_keur,result.periods[i].cf_after_tax_keur,approximate,Python uses cf_after_tax_keur as proxy
Free Cash Flow,FCF for Banks,Delta,11,Y06H2,3253.1,3326.4,73.4,0.0226,CF!free_cash_flow_for_banks_keur,result.periods[i].cf_after_tax_keur,approximate,Python uses cf_after_tax_keur as proxy
Free Cash Flow,FCF for Banks,Excel,12,Y07H1,3276.6,3341.2,64.6,0.0000,CF!free_cash_flow_for_banks_keur,result.periods[i].cf_after_tax_keur,approximate,Python uses cf_after_tax_keur as proxy
Free Cash Flow,FCF for Banks,Python,12,Y07H1,3276.6,3341.2,64.6,0.0000,CF!free_cash_flow_for_banks_keur,result.periods[i].cf_after_tax_keur,approximate,Python uses cf_after_tax_keur as proxy
Free Cash Flow,FCF for Banks,Delta,12,Y07H1,3276.6,3341.2,64.6,0.0197,CF!free_cash_flow_for_banks_keur,result.periods[i].cf_after_tax_keur,approximate,Python uses cf_after_tax_keur as proxy
Free Cash Flow,FCF for Banks,Excel,13,Y07H2,3312.6,3377.9,65.3,0.0000,CF!free_cash_flow_for_banks_keur,result.periods[i].cf_after_tax_keur,approximate,Python uses cf_after_tax_keur as proxy
Free Cash Flow,FCF for Banks,Python,13,Y07H2,3312.6,3377.9,65.3,0.0000,CF!free_cash_flow_for_banks_keur,result.periods[i].cf_after_tax_keur,approximate,Python uses cf_after_tax_keur as proxy
Free Cash Flow,FCF for Banks,Delta,13,Y07H2,3312.6,3377.9,65.3,0.0197,CF!free_cash_flow_for_banks_keur,result.periods[i].cf_after_tax_keur,approximate,Python uses cf_after_tax_keur as proxy
Free Cash Flow,FCF for Banks,Excel,14,Y08H1,3340.2,3396.6,56.4,0.0000,CF!free_cash_flow_for_banks_keur,result.periods[i].cf_after_tax_keur,approximate,Python uses cf_after_tax_keur as proxy
Free Cash Flow,FCF for Banks,Python,14,Y08H1,3340.2,3396.6,56.4,0.0000,CF!free_cash_flow_for_banks_keur,result.periods[i].cf_after_tax_keur,approximate,Python uses cf_after_tax_keur as proxy
Free Cash Flow,FCF for Banks,Delta,14,Y08H1,3340.2,3396.6,56.4,0.0169,CF!free_cash_flow_for_banks_keur,result.periods[i].cf_after_tax_keur,approximate,Python uses cf_after_tax_keur as proxy
Free Cash Flow,FCF for Banks,Excel,15,Y08H2,3395.6,3452.9,57.3,0.0000,CF!free_cash_flow_for_banks_keur,result.periods[i].cf_after_tax_keur,approximate,Python uses cf_after_tax_keur as proxy
Free Cash Flow,FCF for Banks,Python,15,Y08H2,3395.6,3452.9,57.3,0.0000,CF!free_cash_flow_for_banks_keur,result.periods[i].cf_after_tax_keur,approximate,Python uses cf_after_tax_keur as proxy
Free Cash Flow,FCF for Banks,Delta,15,Y08H2,3395.6,3452.9,57.3,0.0169,CF!free_cash_flow_for_banks_keur,result.periods[i].cf_after_tax_keur,approximate,Python uses cf_after_tax_keur as proxy
Free Cash Flow,FCF for Banks,Excel,16,Y09H1,3418.1,3466.1,47.9,0.0000,CF!free_cash_flow_for_banks_keur,result.periods[i].cf_after_tax_keur,approximate,Python uses cf_after_tax_keur as proxy
Free Cash Flow,FCF for Banks,Python,16,Y09H1,3418.1,3466.1,47.9,0.0000,CF!free_cash_flow_for_banks_keur,result.periods[i].cf_after_tax_keur,approximate,Python uses cf_after_tax_keur as proxy
Free Cash Flow,FCF for Banks,Delta,16,Y09H1,3418.1,3466.1,47.9,0.0140,CF!free_cash_flow_for_banks_keur,result.periods[i].cf_after_tax_keur,approximate,Python uses cf_after_tax_keur as proxy
Free Cash Flow,FCF for Banks,Excel,17,Y09H2,3474.8,3523.5,48.7,0.0000,CF!free_cash_flow_for_banks_keur,result.periods[i].cf_after_tax_keur,approximate,Python uses cf_after_tax_keur as proxy
Free Cash Flow,FCF for Banks,Python,17,Y09H2,3474.8,3523.5,48.7,0.0000,CF!free_cash_flow_for_banks_keur,result.periods[i].cf_after_tax_keur,approximate,Python uses cf_after_tax_keur as proxy
Free Cash Flow,FCF for Banks,Delta,17,Y09H2,3474.8,3523.5,48.7,0.0140,CF!free_cash_flow_for_banks_keur,result.periods[i].cf_after_tax_keur,approximate,Python uses cf_after_tax_keur as proxy
Free Cash Flow,FCF for Banks,Excel,18,Y10H1,3494.0,3533.2,39.1,0.0000,CF!free_cash_flow_for_banks_keur,result.periods[i].cf_after_tax_keur,approximate,Python uses cf_after_tax_keur as proxy
Free Cash Flow,FCF for Banks,Python,18,Y10H1,3494.0,3533.2,39.1,0.0000,CF!free_cash_flow_for_banks_keur,result.periods[i].cf_after_tax_keur,approximate,Python uses cf_after_tax_keur as proxy
Free Cash Flow,FCF for Banks,Delta,18,Y10H1,3494.0,3533.2,39.1,0.0112,CF!free_cash_flow_for_banks_keur,result.periods[i].cf_after_tax_keur,approximate,Python uses cf_after_tax_keur as proxy
Free Cash Flow,FCF for Banks,Excel,19,Y10H2,3551.9,3591.7,39.8,0.0000,CF!free_cash_flow_for_banks_keur,result.periods[i].cf_after_tax_keur,approximate,Python uses cf_after_tax_keur as proxy
Free Cash Flow,FCF for Banks,Python,19,Y10H2,3551.9,3591.7,39.8,0.0000,CF!free_cash_flow_for_banks_keur,result.periods[i].cf_after_tax_keur,approximate,Python uses cf_after_tax_keur as proxy
Free Cash Flow,FCF for Banks,Delta,19,Y10H2,3551.9,3591.7,39.8,0.0112,CF!free_cash_flow_for_banks_keur,result.periods[i].cf_after_tax_keur,approximate,Python uses cf_after_tax_keur as proxy
Free Cash Flow,FCF for Banks,Excel,20,Y11H1,3556.8,3608.0,51.1,0.0000,CF!free_cash_flow_for_banks_keur,result.periods[i].cf_after_tax_keur,approximate,Python uses cf_after_tax_keur as proxy
Free Cash Flow,FCF for Banks,Python,20,Y11H1,3556.8,3608.0,51.1,0.0000,CF!free_cash_flow_for_banks_keur,result.periods[i].cf_after_tax_keur,approximate,Python uses cf_after_tax_keur as proxy
Free Cash Flow,FCF for Banks,Delta,20,Y11H1,3556.8,3608.0,51.1,0.0144,CF!free_cash_flow_for_banks_keur,result.periods[i].cf_after_tax_keur,approximate,Python uses cf_after_tax_keur as proxy
Free Cash Flow,FCF for Banks,Excel,21,Y11H2,3595.9,3647.6,51.7,0.0000,CF!free_cash_flow_for_banks_keur,result.periods[i].cf_after_tax_keur,approximate,Python uses cf_after_tax_keur as proxy
Free Cash Flow,FCF for Banks,Python,21,Y11H2,3595.9,3647.6,51.7,0.0000,CF!free_cash_flow_for_banks_keur,result.periods[i].cf_after_tax_keur,approximate,Python uses cf_after_tax_keur as proxy
Free Cash Flow,FCF for Banks,Delta,21,Y11H2,3595.9,3647.6,51.7,0.0144,CF!free_cash_flow_for_banks_keur,result.periods[i].cf_after_tax_keur,approximate,Python uses cf_after_tax_keur as proxy
Free Cash Flow,FCF for Banks,Excel,22,Y12H1,3626.3,3667.6,41.4,0.0000,CF!free_cash_flow_for_banks_keur,result.periods[i].cf_after_tax_keur,approximate,Python uses cf_after_tax_keur as proxy
Free Cash Flow,FCF for Banks,Python,22,Y12H1,3626.3,3667.6,41.4,0.0000,CF!free_cash_flow_for_banks_keur,result.periods[i].cf_after_tax_keur,approximate,Python uses cf_after_tax_keur as proxy
Free Cash Flow,FCF for Banks,Delta,22,Y12H1,3626.3,3667.6,41.4,0.0114,CF!free_cash_flow_for_banks_keur,result.periods[i].cf_after_tax_keur,approximate,Python uses cf_after_tax_keur as proxy
Free Cash Flow,FCF for Banks,Excel,23,Y12H2,3686.4,3728.4,42.1,0.0000,CF!free_cash_flow_for_banks_keur,result.periods[i].cf_after_tax_keur,approximate,Python uses cf_after_tax_keur as proxy
Free Cash Flow,FCF for Banks,Python,23,Y12H2,3686.4,3728.4,42.1,0.0000,CF!free_cash_flow_for_banks_keur,result.periods[i].cf_after_tax_keur,approximate,Python uses cf_after_tax_keur as proxy
Free Cash Flow,FCF for Banks,Delta,23,Y12H2,3686.4,3728.4,42.1,0.0114,CF!free_cash_flow_for_banks_keur,result.periods[i].cf_after_tax_keur,approximate,Python uses cf_after_tax_keur as proxy
Free Cash Flow,FCF for Banks,Excel,24,Y13H1,6108.9,6140.3,31.3,0.0000,CF!free_cash_flow_for_banks_keur,result.periods[i].cf_after_tax_keur,approximate,Python uses cf_after_tax_keur as proxy
Free Cash Flow,FCF for Banks,Python,24,Y13H1,6108.9,6140.3,31.3,0.0000,CF!free_cash_flow_for_banks_keur,result.periods[i].cf_after_tax_keur,approximate,Python uses cf_after_tax_keur as proxy
Free Cash Flow,FCF for Banks,Delta,24,Y13H1,6108.9,6140.3,31.3,0.0051,CF!free_cash_flow_for_banks_keur,result.periods[i].cf_after_tax_keur,approximate,Python uses cf_after_tax_keur as proxy
Free Cash Flow,FCF for Banks,Excel,25,Y13H2,6090.0,4761.5,-1328.5,0.0000,CF!free_cash_flow_for_banks_keur,result.periods[i].cf_after_tax_keur,approximate,Python uses cf_after_tax_keur as proxy
Free Cash Flow,FCF for Banks,Python,25,Y13H2,6090.0,4761.5,-1328.5,0.0000,CF!free_cash_flow_for_banks_keur,result.periods[i].cf_after_tax_keur,approximate,Python uses cf_after_tax_keur as proxy
Free Cash Flow,FCF for Banks,Delta,25,Y13H2,6090.0,4761.5,-1328.5,-0.2181,CF!free_cash_flow_for_banks_keur,result.periods[i].cf_after_tax_keur,approximate,Python uses cf_after_tax_keur as proxy
Free Cash Flow,FCF for Banks,Excel,26,Y14H1,6094.6,6115.5,20.9,0.0000,CF!free_cash_flow_for_banks_keur,result.periods[i].cf_after_tax_keur,approximate,Python uses cf_after_tax_keur as proxy
Free Cash Flow,FCF for Banks,Python,26,Y14H1,6094.6,6115.5,20.9,0.0000,CF!free_cash_flow_for_banks_keur,result.periods[i].cf_after_tax_keur,approximate,Python uses cf_after_tax_keur as proxy
Free Cash Flow,FCF for Banks,Delta,26,Y14H1,6094.6,6115.5,20.9,0.0034,CF!free_cash_flow_for_banks_keur,result.periods[i].cf_after_tax_keur,approximate,Python uses cf_after_tax_keur as proxy
Free Cash Flow,FCF for Banks,Excel,27,Y14H2,5240.4,4636.8,-603.6,0.0000,CF!free_cash_flow_for_banks_keur,result.periods[i].cf_after_tax_keur,approximate,Python uses cf_after_tax_keur as proxy
Free Cash Flow,FCF for Banks,Python,27,Y14H2,5240.4,4636.8,-603.6,0.0000,CF!free_cash_flow_for_banks_keur,result.periods[i].cf_after_tax_keur,approximate,Python uses cf_after_tax_keur as proxy
Free Cash Flow,FCF for Banks,Delta,27,Y14H2,5240.4,4636.8,-603.6,-0.1152,CF!free_cash_flow_for_banks_keur,result.periods[i].cf_after_tax_keur,approximate,Python uses cf_after_tax_keur as proxy
Free Cash Flow,FCF for Banks,Excel,28,Y15H1,6191.8,6187.8,-4.0,0.0000,CF!free_cash_flow_for_banks_keur,result.periods[i].cf_after_tax_keur,approximate,Python uses cf_after_tax_keur as proxy
Free Cash Flow,FCF for Banks,Python,28,Y15H1,6191.8,6187.8,-4.0,0.0000,CF!free_cash_flow_for_banks_keur,result.periods[i].cf_after_tax_keur,approximate,Python uses cf_after_tax_keur as proxy
Free Cash Flow,FCF for Banks,Delta,28,Y15H1,6191.8,6187.8,-4.0,-0.0006,CF!free_cash_flow_for_banks_keur,result.periods[i].cf_after_tax_keur,approximate,Python uses cf_after_tax_keur as proxy
Free Cash Flow,FCF for Banks,Excel,29,Y15H2,5175.3,4549.0,-626.3,0.0000,CF!free_cash_flow_for_banks_keur,result.periods[i].cf_after_tax_keur,approximate,Python uses cf_after_tax_keur as proxy
Free Cash Flow,FCF for Banks,Python,29,Y15H2,5175.3,4549.0,-626.3,0.0000,CF!free_cash_flow_for_banks_keur,result.periods[i].cf_after_tax_keur,approximate,Python uses cf_after_tax_keur as proxy
Free Cash Flow,FCF for Banks,Delta,29,Y15H2,5175.3,4549.0,-626.3,-0.1210,CF!free_cash_flow_for_banks_keur,result.periods[i].cf_after_tax_keur,approximate,Python uses cf_after_tax_keur as proxy
Free Cash Flow,FCF for Banks,Excel,30,Y16H1,6212.3,6221.8,9.5,0.0000,CF!free_cash_flow_for_banks_keur,result.periods[i].cf_after_tax_keur,approximate,Python uses cf_after_tax_keur as proxy
Free Cash Flow,FCF for Banks,Python,30,Y16H1,6212.3,6221.8,9.5,0.0000,CF!free_cash_flow_for_banks_keur,result.periods[i].cf_after_tax_keur,approximate,Python uses cf_after_tax_keur as proxy
Free Cash Flow,FCF for Banks,Delta,30,Y16H1,6212.3,6221.8,9.5,0.0015,CF!free_cash_flow_for_banks_keur,result.periods[i].cf_after_tax_keur,approximate,Python uses cf_after_tax_keur as proxy
Free Cash Flow,FCF for Banks,Excel,31,Y16H2,5090.8,4473.2,-617.5,0.0000,CF!free_cash_flow_for_banks_keur,result.periods[i].cf_after_tax_keur,approximate,Python uses cf_after_tax_keur as proxy
Free Cash Flow,FCF for Banks,Python,31,Y16H2,5090.8,4473.2,-617.5,0.0000,CF!free_cash_flow_for_banks_keur,result.periods[i].cf_after_tax_keur,approximate,Python uses cf_after_tax_keur as proxy
Free Cash Flow,FCF for Banks,Delta,31,Y16H2,5090.8,4473.2,-617.5,-0.1213,CF!free_cash_flow_for_banks_keur,result.periods[i].cf_after_tax_keur,approximate,Python uses cf_after_tax_keur as proxy
Free Cash Flow,FCF for Banks,Excel,32,Y17H1,6422.3,6419.5,-2.8,0.0000,CF!free_cash_flow_for_banks_keur,result.periods[i].cf_after_tax_keur,approximate,Python uses cf_after_tax_keur as proxy
Free Cash Flow,FCF for Banks,Python,32,Y17H1,6422.3,6419.5,-2.8,0.0000,CF!free_cash_flow_for_banks_keur,result.periods[i].cf_after_tax_keur,approximate,Python uses cf_after_tax_keur as proxy
Free Cash Flow,FCF for Banks,Delta,32,Y17H1,6422.3,6419.5,-2.8,-0.0004,CF!free_cash_flow_for_banks_keur,result.periods[i].cf_after_tax_keur,approximate,Python uses cf_after_tax_keur as proxy
Free Cash Flow,FCF for Banks,Excel,33,Y17H2,5092.5,4466.9,-625.6,0.0000,CF!free_cash_flow_for_banks_keur,result.periods[i].cf_after_tax_keur,approximate,Python uses cf_after_tax_keur as proxy
Free Cash Flow,FCF for Banks,Python,33,Y17H2,5092.5,4466.9,-625.6,0.0000,CF!free_cash_flow_for_banks_keur,result.periods[i].cf_after_tax_keur,approximate,Python uses cf_after_tax_keur as proxy
Free Cash Flow,FCF for Banks,Delta,33,Y17H2,5092.5,4466.9,-625.6,-0.1228,CF!free_cash_flow_for_banks_keur,result.periods[i].cf_after_tax_keur,approximate,Python uses cf_after_tax_keur as proxy
Free Cash Flow,FCF for Banks,Excel,34,Y18H1,6585.9,6570.3,-15.7,0.0000,CF!free_cash_flow_for_banks_keur,result.periods[i].cf_after_tax_keur,approximate,Python uses cf_after_tax_keur as proxy
Free Cash Flow,FCF for Banks,Python,34,Y18H1,6585.9,6570.3,-15.7,0.0000,CF!free_cash_flow_for_banks_keur,result.periods[i].cf_after_tax_keur,approximate,Python uses cf_after_tax_keur as proxy
Free Cash Flow,FCF for Banks,Delta,34,Y18H1,6585.9,6570.3,-15.7,-0.0024,CF!free_cash_flow_for_banks_keur,result.periods[i].cf_after_tax_keur,approximate,Python uses cf_after_tax_keur as proxy
Free Cash Flow,FCF for Banks,Excel,35,Y18H2,5050.2,4416.2,-634.0,0.0000,CF!free_cash_flow_for_banks_keur,result.periods[i].cf_after_tax_keur,approximate,Python uses cf_after_tax_keur as proxy
Free Cash Flow,FCF for Banks,Python,35,Y18H2,5050.2,4416.2,-634.0,0.0000,CF!free_cash_flow_for_banks_keur,result.periods[i].cf_after_tax_keur,approximate,Python uses cf_after_tax_keur as proxy
Free Cash Flow,FCF for Banks,Delta,35,Y18H2,5050.2,4416.2,-634.0,-0.1255,CF!free_cash_flow_for_banks_keur,result.periods[i].cf_after_tax_keur,approximate,Python uses cf_after_tax_keur as proxy
Free Cash Flow,FCF for Banks,Excel,36,Y19H1,6765.1,6735.9,-29.2,0.0000,CF!free_cash_flow_for_banks_keur,result.periods[i].cf_after_tax_keur,approximate,Python uses cf_after_tax_keur as proxy
Free Cash Flow,FCF for Banks,Python,36,Y19H1,6765.1,6735.9,-29.2,0.0000,CF!free_cash_flow_for_banks_keur,result.periods[i].cf_after_tax_keur,approximate,Python uses cf_after_tax_keur as proxy
Free Cash Flow,FCF for Banks,Delta,36,Y19H1,6765.1,6735.9,-29.2,-0.0043,CF!free_cash_flow_for_banks_keur,result.periods[i].cf_after_tax_keur,approximate,Python uses cf_after_tax_keur as proxy
Free Cash Flow,FCF for Banks,Excel,37,Y19H2,5028.2,4385.5,-642.7,0.0000,CF!free_cash_flow_for_banks_keur,result.periods[i].cf_after_tax_keur,approximate,Python uses cf_after_tax_keur as proxy
Free Cash Flow,FCF for Banks,Python,37,Y19H2,5028.2,4385.5,-642.7,0.0000,CF!free_cash_flow_for_banks_keur,result.periods[i].cf_after_tax_keur,approximate,Python uses cf_after_tax_keur as proxy
Free Cash Flow,FCF for Banks,Delta,37,Y19H2,5028.2,4385.5,-642.7,-0.1278,CF!free_cash_flow_for_banks_keur,result.periods[i].cf_after_tax_keur,approximate,Python uses cf_after_tax_keur as proxy
Free Cash Flow,FCF for Banks,Excel,38,Y20H1,6911.8,6868.6,-43.2,0.0000,CF!free_cash_flow_for_banks_keur,result.periods[i].cf_after_tax_keur,approximate,Python uses cf_after_tax_keur as proxy
Free Cash Flow,FCF for Banks,Python,38,Y20H1,6911.8,6868.6,-43.2,0.0000,CF!free_cash_flow_for_banks_keur,result.periods[i].cf_after_tax_keur,approximate,Python uses cf_after_tax_keur as proxy
Free Cash Flow,FCF for Banks,Delta,38,Y20H1,6911.8,6868.6,-43.2,-0.0063,CF!free_cash_flow_for_banks_keur,result.periods[i].cf_after_tax_keur,approximate,Python uses cf_after_tax_keur as proxy
Free Cash Flow,FCF for Banks,Excel,39,Y20H2,5155.1,4503.1,-652.0,0.0000,CF!free_cash_flow_for_banks_keur,result.periods[i].cf_after_tax_keur,approximate,Python uses cf_after_tax_keur as proxy
Free Cash Flow,FCF for Banks,Python,39,Y20H2,5155.1,4503.1,-652.0,0.0000,CF!free_cash_flow_for_banks_keur,result.periods[i].cf_after_tax_keur,approximate,Python uses cf_after_tax_keur as proxy
Free Cash Flow,FCF for Banks,Delta,39,Y20H2,5155.1,4503.1,-652.0,-0.1265,CF!free_cash_flow_for_banks_keur,result.periods[i].cf_after_tax_keur,approximate,Python uses cf_after_tax_keur as proxy
Free Cash Flow,FCF for Banks,Excel,40,Y21H1,7037.2,7018.6,-18.6,0.0000,CF!free_cash_flow_for_banks_keur,result.periods[i].cf_after_tax_keur,approximate,Python uses cf_after_tax_keur as proxy
Free Cash Flow,FCF for Banks,Python,40,Y21H1,7037.2,7018.6,-18.6,0.0000,CF!free_cash_flow_for_banks_keur,result.periods[i].cf_after_tax_keur,approximate,Python uses cf_after_tax_keur as proxy
Free Cash Flow,FCF for Banks,Delta,40,Y21H1,7037.2,7018.6,-18.6,-0.0026,CF!free_cash_flow_for_banks_keur,result.periods[i].cf_after_tax_keur,approximate,Python uses cf_after_tax_keur as proxy
Free Cash Flow,FCF for Banks,Excel,41,Y21H2,4599.5,4601.1,1.6,0.0000,CF!free_cash_flow_for_banks_keur,result.periods[i].cf_after_tax_keur,approximate,Python uses cf_after_tax_keur as proxy
Free Cash Flow,FCF for Banks,Python,41,Y21H2,4599.5,4601.1,1.6,0.0000,CF!free_cash_flow_for_banks_keur,result.periods[i].cf_after_tax_keur,approximate,Python uses cf_after_tax_keur as proxy
Free Cash Flow,FCF for Banks,Delta,41,Y21H2,4599.5,4601.1,1.6,0.0004,CF!free_cash_flow_for_banks_keur,result.periods[i].cf_after_tax_keur,approximate,Python uses cf_after_tax_keur as proxy
Free Cash Flow,FCF for Banks,Excel,42,Y22H1,7202.3,7168.2,-34.1,0.0000,CF!free_cash_flow_for_banks_keur,result.periods[i].cf_after_tax_keur,approximate,Python uses cf_after_tax_keur as proxy
Free Cash Flow,FCF for Banks,Python,42,Y22H1,7202.3,7168.2,-34.1,0.0000,CF!free_cash_flow_for_banks_keur,result.periods[i].cf_after_tax_keur,approximate,Python uses cf_after_tax_keur as proxy
Free Cash Flow,FCF for Banks,Delta,42,Y22H1,7202.3,7168.2,-34.1,-0.0047,CF!free_cash_flow_for_banks_keur,result.periods[i].cf_after_tax_keur,approximate,Python uses cf_after_tax_keur as proxy
Free Cash Flow,FCF for Banks,Excel,43,Y22H2,4707.4,4698.9,-8.5,0.0000,CF!free_cash_flow_for_banks_keur,result.periods[i].cf_after_tax_keur,approximate,Python uses cf_after_tax_keur as proxy
Free Cash Flow,FCF for Banks,Python,43,Y22H2,4707.4,4698.9,-8.5,0.0000,CF!free_cash_flow_for_banks_keur,result.periods[i].cf_after_tax_keur,approximate,Python uses cf_after_tax_keur as proxy
Free Cash Flow,FCF for Banks,Delta,43,Y22H2,4707.4,4698.9,-8.5,-0.0018,CF!free_cash_flow_for_banks_keur,result.periods[i].cf_after_tax_keur,approximate,Python uses cf_after_tax_keur as proxy
Free Cash Flow,FCF for Banks,Excel,44,Y23H1,7426.0,7375.6,-50.4,0.0000,CF!free_cash_flow_for_banks_keur,result.periods[i].cf_after_tax_keur,approximate,Python uses cf_after_tax_keur as proxy
Free Cash Flow,FCF for Banks,Python,44,Y23H1,7426.0,7375.6,-50.4,0.0000,CF!free_cash_flow_for_banks_keur,result.periods[i].cf_after_tax_keur,approximate,Python uses cf_after_tax_keur as proxy
Free Cash Flow,FCF for Banks,Delta,44,Y23H1,7426.0,7375.6,-50.4,-0.0068,CF!free_cash_flow_for_banks_keur,result.periods[i].cf_after_tax_keur,approximate,Python uses cf_after_tax_keur as proxy
Free Cash Flow,FCF for Banks,Excel,45,Y23H2,4819.6,4800.7,-18.9,0.0000,CF!free_cash_flow_for_banks_keur,result.periods[i].cf_after_tax_keur,approximate,Python uses cf_after_tax_keur as proxy
Free Cash Flow,FCF for Banks,Python,45,Y23H2,4819.6,4800.7,-18.9,0.0000,CF!free_cash_flow_for_banks_keur,result.periods[i].cf_after_tax_keur,approximate,Python uses cf_after_tax_keur as proxy
Free Cash Flow,FCF for Banks,Delta,45,Y23H2,4819.6,4800.7,-18.9,-0.0039,CF!free_cash_flow_for_banks_keur,result.periods[i].cf_after_tax_keur,approximate,Python uses cf_after_tax_keur as proxy
Free Cash Flow,FCF for Banks,Excel,46,Y24H1,7552.5,7485.2,-67.3,0.0000,CF!free_cash_flow_for_banks_keur,result.periods[i].cf_after_tax_keur,approximate,Python uses cf_after_tax_keur as proxy
Free Cash Flow,FCF for Banks,Python,46,Y24H1,7552.5,7485.2,-67.3,0.0000,CF!free_cash_flow_for_banks_keur,result.periods[i].cf_after_tax_keur,approximate,Python uses cf_after_tax_keur as proxy
Free Cash Flow,FCF for Banks,Delta,46,Y24H1,7552.5,7485.2,-67.3,-0.0089,CF!free_cash_flow_for_banks_keur,result.periods[i].cf_after_tax_keur,approximate,Python uses cf_after_tax_keur as proxy
Free Cash Flow,FCF for Banks,Excel,47,Y24H2,4936.2,4906.1,-30.2,0.0000,CF!free_cash_flow_for_banks_keur,result.periods[i].cf_after_tax_keur,approximate,Python uses cf_after_tax_keur as proxy
Free Cash Flow,FCF for Banks,Python,47,Y24H2,4936.2,4906.1,-30.2,0.0000,CF!free_cash_flow_for_banks_keur,result.periods[i].cf_after_tax_keur,approximate,Python uses cf_after_tax_keur as proxy
Free Cash Flow,FCF for Banks,Delta,47,Y24H2,4936.2,4906.1,-30.2,-0.0061,CF!free_cash_flow_for_banks_keur,result.periods[i].cf_after_tax_keur,approximate,Python uses cf_after_tax_keur as proxy
Free Cash Flow,FCF for Banks,Excel,48,Y25H1,7701.5,7616.4,-85.1,0.0000,CF!free_cash_flow_for_banks_keur,result.periods[i].cf_after_tax_keur,approximate,Python uses cf_after_tax_keur as proxy
Free Cash Flow,FCF for Banks,Python,48,Y25H1,7701.5,7616.4,-85.1,0.0000,CF!free_cash_flow_for_banks_keur,result.periods[i].cf_after_tax_keur,approximate,Python uses cf_after_tax_keur as proxy
Free Cash Flow,FCF for Banks,Delta,48,Y25H1,7701.5,7616.4,-85.1,-0.0110,CF!free_cash_flow_for_banks_keur,result.periods[i].cf_after_tax_keur,approximate,Python uses cf_after_tax_keur as proxy
Free Cash Flow,FCF for Banks,Excel,49,Y25H2,5033.7,4991.9,-41.8,0.0000,CF!free_cash_flow_for_banks_keur,result.periods[i].cf_after_tax_keur,approximate,Python uses cf_after_tax_keur as proxy
Free Cash Flow,FCF for Banks,Python,49,Y25H2,5033.7,4991.9,-41.8,0.0000,CF!free_cash_flow_for_banks_keur,result.periods[i].cf_after_tax_keur,approximate,Python uses cf_after_tax_keur as proxy
Free Cash Flow,FCF for Banks,Delta,49,Y25H2,5033.7,4991.9,-41.8,-0.0083,CF!free_cash_flow_for_banks_keur,result.periods[i].cf_after_tax_keur,approximate,Python uses cf_after_tax_keur as proxy
Free Cash Flow,FCF for Banks,Excel,50,Y26H1,7870.7,7804.7,-65.9,0.0000,CF!free_cash_flow_for_banks_keur,result.periods[i].cf_after_tax_keur,approximate,Python uses cf_after_tax_keur as proxy
Free Cash Flow,FCF for Banks,Python,50,Y26H1,7870.7,7804.7,-65.9,0.0000,CF!free_cash_flow_for_banks_keur,result.periods[i].cf_after_tax_keur,approximate,Python uses cf_after_tax_keur as proxy
Free Cash Flow,FCF for Banks,Delta,50,Y26H1,7870.7,7804.7,-65.9,-0.0084,CF!free_cash_flow_for_banks_keur,result.periods[i].cf_after_tax_keur,approximate,Python uses cf_after_tax_keur as proxy
Free Cash Flow,FCF for Banks,Excel,51,Y26H2,5144.2,5114.9,-29.3,0.0000,CF!free_cash_flow_for_banks_keur,result.periods[i].cf_after_tax_keur,approximate,Python uses cf_after_tax_keur as proxy
Free Cash Flow,FCF for Banks,Python,51,Y26H2,5144.2,5114.9,-29.3,0.0000,CF!free_cash_flow_for_banks_keur,result.periods[i].cf_after_tax_keur,approximate,Python uses cf_after_tax_keur as proxy
Free Cash Flow,FCF for Banks,Delta,51,Y26H2,5144.2,5114.9,-29.3,-0.0057,CF!free_cash_flow_for_banks_keur,result.periods[i].cf_after_tax_keur,approximate,Python uses cf_after_tax_keur as proxy
Free Cash Flow,FCF for Banks,Excel,52,Y27H1,8037.6,7951.8,-85.8,0.0000,CF!free_cash_flow_for_banks_keur,result.periods[i].cf_after_tax_keur,approximate,Python uses cf_after_tax_keur as proxy
Free Cash Flow,FCF for Banks,Python,52,Y27H1,8037.6,7951.8,-85.8,0.0000,CF!free_cash_flow_for_banks_keur,result.periods[i].cf_after_tax_keur,approximate,Python uses cf_after_tax_keur as proxy
Free Cash Flow,FCF for Banks,Delta,52,Y27H1,8037.6,7951.8,-85.8,-0.0107,CF!free_cash_flow_for_banks_keur,result.periods[i].cf_after_tax_keur,approximate,Python uses cf_after_tax_keur as proxy
Free Cash Flow,FCF for Banks,Excel,53,Y27H2,5216.5,5174.6,-41.8,0.0000,CF!free_cash_flow_for_banks_keur,result.periods[i].cf_after_tax_keur,approximate,Python uses cf_after_tax_keur as proxy
Free Cash Flow,FCF for Banks,Python,53,Y27H2,5216.5,5174.6,-41.8,0.0000,CF!free_cash_flow_for_banks_keur,result.periods[i].cf_after_tax_keur,approximate,Python uses cf_after_tax_keur as proxy
Free Cash Flow,FCF for Banks,Delta,53,Y27H2,5216.5,5174.6,-41.8,-0.0080,CF!free_cash_flow_for_banks_keur,result.periods[i].cf_after_tax_keur,approximate,Python uses cf_after_tax_keur as proxy
Free Cash Flow,FCF for Banks,Excel,54,Y28H1,8123.2,8017.1,-106.1,0.0000,CF!free_cash_flow_for_banks_keur,result.periods[i].cf_after_tax_keur,approximate,Python uses cf_after_tax_keur as proxy
Free Cash Flow,FCF for Banks,Python,54,Y28H1,8123.2,8017.1,-106.1,0.0000,CF!free_cash_flow_for_banks_keur,result.periods[i].cf_after_tax_keur,approximate,Python uses cf_after_tax_keur as proxy
Free Cash Flow,FCF for Banks,Delta,54,Y28H1,8123.2,8017.1,-106.1,-0.0131,CF!free_cash_flow_for_banks_keur,result.periods[i].cf_after_tax_keur,approximate,Python uses cf_after_tax_keur as proxy
Free Cash Flow,FCF for Banks,Excel,55,Y28H2,5309.2,5253.7,-55.5,0.0000,CF!free_cash_flow_for_banks_keur,result.periods[i].cf_after_tax_keur,approximate,Python uses cf_after_tax_keur as proxy
Free Cash Flow,FCF for Banks,Python,55,Y28H2,5309.2,5253.7,-55.5,0.0000,CF!free_cash_flow_for_banks_keur,result.periods[i].cf_after_tax_keur,approximate,Python uses cf_after_tax_keur as proxy
Free Cash Flow,FCF for Banks,Delta,55,Y28H2,5309.2,5253.7,-55.5,-0.0105,CF!free_cash_flow_for_banks_keur,result.periods[i].cf_after_tax_keur,approximate,Python uses cf_after_tax_keur as proxy
Free Cash Flow,FCF for Banks,Excel,56,Y29H1,8221.4,8093.7,-127.7,0.0000,CF!free_cash_flow_for_banks_keur,result.periods[i].cf_after_tax_keur,approximate,Python uses cf_after_tax_keur as proxy
Free Cash Flow,FCF for Banks,Python,56,Y29H1,8221.4,8093.7,-127.7,0.0000,CF!free_cash_flow_for_banks_keur,result.periods[i].cf_after_tax_keur,approximate,Python uses cf_after_tax_keur as proxy
Free Cash Flow,FCF for Banks,Delta,56,Y29H1,8221.4,8093.7,-127.7,-0.0155,CF!free_cash_flow_for_banks_keur,result.periods[i].cf_after_tax_keur,approximate,Python uses cf_after_tax_keur as proxy
Free Cash Flow,FCF for Banks,Excel,57,Y29H2,5373.4,5303.8,-69.6,0.0000,CF!free_cash_flow_for_banks_keur,result.periods[i].cf_after_tax_keur,approximate,Python uses cf_after_tax_keur as proxy
Free Cash Flow,FCF for Banks,Python,57,Y29H2,5373.4,5303.8,-69.6,0.0000,CF!free_cash_flow_for_banks_keur,result.periods[i].cf_after_tax_keur,approximate,Python uses cf_after_tax_keur as proxy
Free Cash Flow,FCF for Banks,Delta,57,Y29H2,5373.4,5303.8,-69.6,-0.0130,CF!free_cash_flow_for_banks_keur,result.periods[i].cf_after_tax_keur,approximate,Python uses cf_after_tax_keur as proxy
Free Cash Flow,FCF for Banks,Excel,58,Y30H1,8264.4,8114.1,-150.3,0.0000,CF!free_cash_flow_for_banks_keur,result.periods[i].cf_after_tax_keur,approximate,Python uses cf_after_tax_keur as proxy
Free Cash Flow,FCF for Banks,Python,58,Y30H1,8264.4,8114.1,-150.3,0.0000,CF!free_cash_flow_for_banks_keur,result.periods[i].cf_after_tax_keur,approximate,Python uses cf_after_tax_keur as proxy
Free Cash Flow,FCF for Banks,Delta,58,Y30H1,8264.4,8114.1,-150.3,-0.0182,CF!free_cash_flow_for_banks_keur,result.periods[i].cf_after_tax_keur,approximate,Python uses cf_after_tax_keur as proxy
Free Cash Flow,FCF for Banks,Excel,59,Y30H2,5401.6,5317.1,-84.5,0.0000,CF!free_cash_flow_for_banks_keur,result.periods[i].cf_after_tax_keur,approximate,Python uses cf_after_tax_keur as proxy
Free Cash Flow,FCF for Banks,Python,59,Y30H2,5401.6,5317.1,-84.5,0.0000,CF!free_cash_flow_for_banks_keur,result.periods[i].cf_after_tax_keur,approximate,Python uses cf_after_tax_keur as proxy
Free Cash Flow,FCF for Banks,Delta,59,Y30H2,5401.6,5317.1,-84.5,-0.0156,CF!free_cash_flow_for_banks_keur,result.periods[i].cf_after_tax_keur,approximate,Python uses cf_after_tax_keur as proxy
Free Cash Flow,FCF for Distribution,Excel,0,Y01H1,953.8,1081.1,127.3,0.0000,CF!free_cash_flow_for_distribution_keur,result.periods[i].r98_distribution_account_keur,approximate,
Free Cash Flow,FCF for Distribution,Python,0,Y01H1,953.8,1081.1,127.3,0.0000,CF!free_cash_flow_for_distribution_keur,result.periods[i].r98_distribution_account_keur,approximate,
Free Cash Flow,FCF for Distribution,Delta,0,Y01H1,953.8,1081.1,127.3,0.1334,CF!free_cash_flow_for_distribution_keur,result.periods[i].r98_distribution_account_keur,approximate,
Free Cash Flow,FCF for Distribution,Excel,1,Y01H2,969.6,1099.0,129.4,0.0000,CF!free_cash_flow_for_distribution_keur,result.periods[i].r98_distribution_account_keur,approximate,
Free Cash Flow,FCF for Distribution,Python,1,Y01H2,969.6,1099.0,129.4,0.0000,CF!free_cash_flow_for_distribution_keur,result.periods[i].r98_distribution_account_keur,approximate,
Free Cash Flow,FCF for Distribution,Delta,1,Y01H2,969.6,1099.0,129.4,0.1334,CF!free_cash_flow_for_distribution_keur,result.periods[i].r98_distribution_account_keur,approximate,
Free Cash Flow,FCF for Distribution,Excel,2,Y02H1,967.0,1093.5,126.5,0.0000,CF!free_cash_flow_for_distribution_keur,result.periods[i].r98_distribution_account_keur,approximate,
Free Cash Flow,FCF for Distribution,Python,2,Y02H1,967.0,1093.5,126.5,0.0000,CF!free_cash_flow_for_distribution_keur,result.periods[i].r98_distribution_account_keur,approximate,
Free Cash Flow,FCF for Distribution,Delta,2,Y02H1,967.0,1093.5,126.5,0.1308,CF!free_cash_flow_for_distribution_keur,result.periods[i].r98_distribution_account_keur,approximate,
Free Cash Flow,FCF for Distribution,Excel,3,Y02H2,983.0,1111.6,128.6,0.0000,CF!free_cash_flow_for_distribution_keur,result.periods[i].r98_distribution_account_keur,approximate,
Free Cash Flow,FCF for Distribution,Python,3,Y02H2,983.0,1111.6,128.6,0.0000,CF!free_cash_flow_for_distribution_keur,result.periods[i].r98_distribution_account_keur,approximate,
Free Cash Flow,FCF for Distribution,Delta,3,Y02H2,983.0,1111.6,128.6,0.1308,CF!free_cash_flow_for_distribution_keur,result.periods[i].r98_distribution_account_keur,approximate,
Free Cash Flow,FCF for Distribution,Excel,4,Y03H1,976.2,1109.3,133.1,0.0000,CF!free_cash_flow_for_distribution_keur,result.periods[i].r98_distribution_account_keur,approximate,
Free Cash Flow,FCF for Distribution,Python,4,Y03H1,976.2,1109.3,133.1,0.0000,CF!free_cash_flow_for_distribution_keur,result.periods[i].r98_distribution_account_keur,approximate,
Free Cash Flow,FCF for Distribution,Delta,4,Y03H1,976.2,1109.3,133.1,0.1364,CF!free_cash_flow_for_distribution_keur,result.periods[i].r98_distribution_account_keur,approximate,
Free Cash Flow,FCF for Distribution,Excel,5,Y03H2,987.0,1121.5,134.6,0.0000,CF!free_cash_flow_for_distribution_keur,result.periods[i].r98_distribution_account_keur,approximate,
Free Cash Flow,FCF for Distribution,Python,5,Y03H2,987.0,1121.5,134.6,0.0000,CF!free_cash_flow_for_distribution_keur,result.periods[i].r98_distribution_account_keur,approximate,
Free Cash Flow,FCF for Distribution,Delta,5,Y03H2,987.0,1121.5,134.6,0.1364,CF!free_cash_flow_for_distribution_keur,result.periods[i].r98_distribution_account_keur,approximate,
Free Cash Flow,FCF for Distribution,Excel,6,Y04H1,987.5,1119.5,132.0,0.0000,CF!free_cash_flow_for_distribution_keur,result.periods[i].r98_distribution_account_keur,approximate,
Free Cash Flow,FCF for Distribution,Python,6,Y04H1,987.5,1119.5,132.0,0.0000,CF!free_cash_flow_for_distribution_keur,result.periods[i].r98_distribution_account_keur,approximate,
Free Cash Flow,FCF for Distribution,Delta,6,Y04H1,987.5,1119.5,132.0,0.1336,CF!free_cash_flow_for_distribution_keur,result.periods[i].r98_distribution_account_keur,approximate,
Free Cash Flow,FCF for Distribution,Excel,7,Y04H2,1003.9,1138.0,134.1,0.0000,CF!free_cash_flow_for_distribution_keur,result.periods[i].r98_distribution_account_keur,approximate,
Free Cash Flow,FCF for Distribution,Python,7,Y04H2,1003.9,1138.0,134.1,0.0000,CF!free_cash_flow_for_distribution_keur,result.periods[i].r98_distribution_account_keur,approximate,
Free Cash Flow,FCF for Distribution,Delta,7,Y04H2,1003.9,1138.0,134.1,0.1336,CF!free_cash_flow_for_distribution_keur,result.periods[i].r98_distribution_account_keur,approximate,
Free Cash Flow,FCF for Distribution,Excel,8,Y05H1,999.8,1130.3,130.5,0.0000,CF!free_cash_flow_for_distribution_keur,result.periods[i].r98_distribution_account_keur,approximate,
Free Cash Flow,FCF for Distribution,Python,8,Y05H1,999.8,1130.3,130.5,0.0000,CF!free_cash_flow_for_distribution_keur,result.periods[i].r98_distribution_account_keur,approximate,
Free Cash Flow,FCF for Distribution,Delta,8,Y05H1,999.8,1130.3,130.5,0.1306,CF!free_cash_flow_for_distribution_keur,result.periods[i].r98_distribution_account_keur,approximate,
Free Cash Flow,FCF for Distribution,Excel,9,Y05H2,1016.4,1149.1,132.7,0.0000,CF!free_cash_flow_for_distribution_keur,result.periods[i].r98_distribution_account_keur,approximate,
Free Cash Flow,FCF for Distribution,Python,9,Y05H2,1016.4,1149.1,132.7,0.0000,CF!free_cash_flow_for_distribution_keur,result.periods[i].r98_distribution_account_keur,approximate,
Free Cash Flow,FCF for Distribution,Delta,9,Y05H2,1016.4,1149.1,132.7,0.1306,CF!free_cash_flow_for_distribution_keur,result.periods[i].r98_distribution_account_keur,approximate,
Free Cash Flow,FCF for Distribution,Excel,10,Y06H1,1010.1,1152.2,142.1,0.0000,CF!free_cash_flow_for_distribution_keur,result.periods[i].r98_distribution_account_keur,approximate,
Free Cash Flow,FCF for Distribution,Python,10,Y06H1,1010.1,1152.2,142.1,0.0000,CF!free_cash_flow_for_distribution_keur,result.periods[i].r98_distribution_account_keur,approximate,
Free Cash Flow,FCF for Distribution,Delta,10,Y06H1,1010.1,1152.2,142.1,0.1407,CF!free_cash_flow_for_distribution_keur,result.periods[i].r98_distribution_account_keur,approximate,
Free Cash Flow,FCF for Distribution,Excel,11,Y06H2,1026.8,1171.3,144.5,0.0000,CF!free_cash_flow_for_distribution_keur,result.periods[i].r98_distribution_account_keur,approximate,
Free Cash Flow,FCF for Distribution,Python,11,Y06H2,1026.8,1171.3,144.5,0.0000,CF!free_cash_flow_for_distribution_keur,result.periods[i].r98_distribution_account_keur,approximate,
Free Cash Flow,FCF for Distribution,Delta,11,Y06H2,1026.8,1171.3,144.5,0.1407,CF!free_cash_flow_for_distribution_keur,result.periods[i].r98_distribution_account_keur,approximate,
Free Cash Flow,FCF for Distribution,Excel,12,Y07H1,1033.5,1176.5,143.1,0.0000,CF!free_cash_flow_for_distribution_keur,result.periods[i].r98_distribution_account_keur,approximate,
Free Cash Flow,FCF for Distribution,Python,12,Y07H1,1033.5,1176.5,143.1,0.0000,CF!free_cash_flow_for_distribution_keur,result.periods[i].r98_distribution_account_keur,approximate,
Free Cash Flow,FCF for Distribution,Delta,12,Y07H1,1033.5,1176.5,143.1,0.1384,CF!free_cash_flow_for_distribution_keur,result.periods[i].r98_distribution_account_keur,approximate,
Free Cash Flow,FCF for Distribution,Excel,13,Y07H2,1044.8,1189.5,144.6,0.0000,CF!free_cash_flow_for_distribution_keur,result.periods[i].r98_distribution_account_keur,approximate,
Free Cash Flow,FCF for Distribution,Python,13,Y07H2,1044.8,1189.5,144.6,0.0000,CF!free_cash_flow_for_distribution_keur,result.periods[i].r98_distribution_account_keur,approximate,
Free Cash Flow,FCF for Distribution,Delta,13,Y07H2,1044.8,1189.5,144.6,0.1384,CF!free_cash_flow_for_distribution_keur,result.periods[i].r98_distribution_account_keur,approximate,
Free Cash Flow,FCF for Distribution,Excel,14,Y08H1,1052.6,1196.0,143.5,0.0000,CF!free_cash_flow_for_distribution_keur,result.periods[i].r98_distribution_account_keur,approximate,
Free Cash Flow,FCF for Distribution,Python,14,Y08H1,1052.6,1196.0,143.5,0.0000,CF!free_cash_flow_for_distribution_keur,result.periods[i].r98_distribution_account_keur,approximate,
Free Cash Flow,FCF for Distribution,Delta,14,Y08H1,1052.6,1196.0,143.5,0.1363,CF!free_cash_flow_for_distribution_keur,result.periods[i].r98_distribution_account_keur,approximate,
Free Cash Flow,FCF for Distribution,Excel,15,Y08H2,1070.0,1215.8,145.8,0.0000,CF!free_cash_flow_for_distribution_keur,result.periods[i].r98_distribution_account_keur,approximate,
Free Cash Flow,FCF for Distribution,Python,15,Y08H2,1070.0,1215.8,145.8,0.0000,CF!free_cash_flow_for_distribution_keur,result.periods[i].r98_distribution_account_keur,approximate,
Free Cash Flow,FCF for Distribution,Delta,15,Y08H2,1070.0,1215.8,145.8,0.1363,CF!free_cash_flow_for_distribution_keur,result.periods[i].r98_distribution_account_keur,approximate,
Free Cash Flow,FCF for Distribution,Excel,16,Y09H1,1076.0,1220.5,144.5,0.0000,CF!free_cash_flow_for_distribution_keur,result.periods[i].r98_distribution_account_keur,approximate,
Free Cash Flow,FCF for Distribution,Python,16,Y09H1,1076.0,1220.5,144.5,0.0000,CF!free_cash_flow_for_distribution_keur,result.periods[i].r98_distribution_account_keur,approximate,
Free Cash Flow,FCF for Distribution,Delta,16,Y09H1,1076.0,1220.5,144.5,0.1343,CF!free_cash_flow_for_distribution_keur,result.periods[i].r98_distribution_account_keur,approximate,
Free Cash Flow,FCF for Distribution,Excel,17,Y09H2,1093.8,1240.7,146.9,0.0000,CF!free_cash_flow_for_distribution_keur,result.periods[i].r98_distribution_account_keur,approximate,
Free Cash Flow,FCF for Distribution,Python,17,Y09H2,1093.8,1240.7,146.9,0.0000,CF!free_cash_flow_for_distribution_keur,result.periods[i].r98_distribution_account_keur,approximate,
Free Cash Flow,FCF for Distribution,Delta,17,Y09H2,1093.8,1240.7,146.9,0.1343,CF!free_cash_flow_for_distribution_keur,result.periods[i].r98_distribution_account_keur,approximate,
Free Cash Flow,FCF for Distribution,Excel,18,Y10H1,1098.9,1244.1,145.2,0.0000,CF!free_cash_flow_for_distribution_keur,result.periods[i].r98_distribution_account_keur,approximate,
Free Cash Flow,FCF for Distribution,Python,18,Y10H1,1098.9,1244.1,145.2,0.0000,CF!free_cash_flow_for_distribution_keur,result.periods[i].r98_distribution_account_keur,approximate,
Free Cash Flow,FCF for Distribution,Delta,18,Y10H1,1098.9,1244.1,145.2,0.1321,CF!free_cash_flow_for_distribution_keur,result.periods[i].r98_distribution_account_keur,approximate,
Free Cash Flow,FCF for Distribution,Excel,19,Y10H2,1117.1,1264.7,147.6,0.0000,CF!free_cash_flow_for_distribution_keur,result.periods[i].r98_distribution_account_keur,approximate,
Free Cash Flow,FCF for Distribution,Python,19,Y10H2,1117.1,1264.7,147.6,0.0000,CF!free_cash_flow_for_distribution_keur,result.periods[i].r98_distribution_account_keur,approximate,
Free Cash Flow,FCF for Distribution,Delta,19,Y10H2,1117.1,1264.7,147.6,0.1321,CF!free_cash_flow_for_distribution_keur,result.periods[i].r98_distribution_account_keur,approximate,
Free Cash Flow,FCF for Distribution,Excel,20,Y11H1,1121.0,1270.4,149.5,0.0000,CF!free_cash_flow_for_distribution_keur,result.periods[i].r98_distribution_account_keur,approximate,
Free Cash Flow,FCF for Distribution,Python,20,Y11H1,1121.0,1270.4,149.5,0.0000,CF!free_cash_flow_for_distribution_keur,result.periods[i].r98_distribution_account_keur,approximate,
Free Cash Flow,FCF for Distribution,Delta,20,Y11H1,1121.0,1270.4,149.5,0.1334,CF!free_cash_flow_for_distribution_keur,result.periods[i].r98_distribution_account_keur,approximate,
Free Cash Flow,FCF for Distribution,Excel,21,Y11H2,1133.3,1284.4,151.1,0.0000,CF!free_cash_flow_for_distribution_keur,result.periods[i].r98_distribution_account_keur,approximate,
Free Cash Flow,FCF for Distribution,Python,21,Y11H2,1133.3,1284.4,151.1,0.0000,CF!free_cash_flow_for_distribution_keur,result.periods[i].r98_distribution_account_keur,approximate,
Free Cash Flow,FCF for Distribution,Delta,21,Y11H2,1133.3,1284.4,151.1,0.1334,CF!free_cash_flow_for_distribution_keur,result.periods[i].r98_distribution_account_keur,approximate,
Free Cash Flow,FCF for Distribution,Excel,22,Y12H1,1141.8,1291.5,149.7,0.0000,CF!free_cash_flow_for_distribution_keur,result.periods[i].r98_distribution_account_keur,approximate,
Free Cash Flow,FCF for Distribution,Python,22,Y12H1,1141.8,1291.5,149.7,0.0000,CF!free_cash_flow_for_distribution_keur,result.periods[i].r98_distribution_account_keur,approximate,
Free Cash Flow,FCF for Distribution,Delta,22,Y12H1,1141.8,1291.5,149.7,0.1311,CF!free_cash_flow_for_distribution_keur,result.periods[i].r98_distribution_account_keur,approximate,
Free Cash Flow,FCF for Distribution,Excel,23,Y12H2,1160.7,1312.9,152.2,0.0000,CF!free_cash_flow_for_distribution_keur,result.periods[i].r98_distribution_account_keur,approximate,
Free Cash Flow,FCF for Distribution,Python,23,Y12H2,1160.7,1312.9,152.2,0.0000,CF!free_cash_flow_for_distribution_keur,result.periods[i].r98_distribution_account_keur,approximate,
Free Cash Flow,FCF for Distribution,Delta,23,Y12H2,1160.7,1312.9,152.2,0.1311,CF!free_cash_flow_for_distribution_keur,result.periods[i].r98_distribution_account_keur,approximate,
Free Cash Flow,FCF for Distribution,Excel,24,Y13H1,3233.6,2760.6,-473.0,0.0000,CF!free_cash_flow_for_distribution_keur,result.periods[i].r98_distribution_account_keur,approximate,
Free Cash Flow,FCF for Distribution,Python,24,Y13H1,3233.6,2760.6,-473.0,0.0000,CF!free_cash_flow_for_distribution_keur,result.periods[i].r98_distribution_account_keur,approximate,
Free Cash Flow,FCF for Distribution,Delta,24,Y13H1,3233.6,2760.6,-473.0,-0.1463,CF!free_cash_flow_for_distribution_keur,result.periods[i].r98_distribution_account_keur,approximate,
Free Cash Flow,FCF for Distribution,Excel,25,Y13H2,3167.0,1325.8,-1841.2,0.0000,CF!free_cash_flow_for_distribution_keur,result.periods[i].r98_distribution_account_keur,approximate,
Free Cash Flow,FCF for Distribution,Python,25,Y13H2,3167.0,1325.8,-1841.2,0.0000,CF!free_cash_flow_for_distribution_keur,result.periods[i].r98_distribution_account_keur,approximate,
Free Cash Flow,FCF for Distribution,Delta,25,Y13H2,3167.0,1325.8,-1841.2,-0.5814,CF!free_cash_flow_for_distribution_keur,result.periods[i].r98_distribution_account_keur,approximate,
Free Cash Flow,FCF for Distribution,Excel,26,Y14H1,3265.3,2749.5,-515.8,0.0000,CF!free_cash_flow_for_distribution_keur,result.periods[i].r98_distribution_account_keur,approximate,
Free Cash Flow,FCF for Distribution,Python,26,Y14H1,3265.3,2749.5,-515.8,0.0000,CF!free_cash_flow_for_distribution_keur,result.periods[i].r98_distribution_account_keur,approximate,
Free Cash Flow,FCF for Distribution,Delta,26,Y14H1,3265.3,2749.5,-515.8,-0.1580,CF!free_cash_flow_for_distribution_keur,result.periods[i].r98_distribution_account_keur,approximate,
Free Cash Flow,FCF for Distribution,Excel,27,Y14H2,2395.6,1215.0,-1180.6,0.0000,CF!free_cash_flow_for_distribution_keur,result.periods[i].r98_distribution_account_keur,approximate,
Free Cash Flow,FCF for Distribution,Python,27,Y14H2,2395.6,1215.0,-1180.6,0.0000,CF!free_cash_flow_for_distribution_keur,result.periods[i].r98_distribution_account_keur,approximate,
Free Cash Flow,FCF for Distribution,Delta,27,Y14H2,2395.6,1215.0,-1180.6,-0.4928,CF!free_cash_flow_for_distribution_keur,result.periods[i].r98_distribution_account_keur,approximate,
Free Cash Flow,FCF for Distribution,Excel,28,Y15H1,6191.8,6187.8,-4.0,0.0000,CF!free_cash_flow_for_distribution_keur,result.periods[i].r98_distribution_account_keur,approximate,
Free Cash Flow,FCF for Distribution,Python,28,Y15H1,6191.8,6187.8,-4.0,0.0000,CF!free_cash_flow_for_distribution_keur,result.periods[i].r98_distribution_account_keur,approximate,
Free Cash Flow,FCF for Distribution,Delta,28,Y15H1,6191.8,6187.8,-4.0,-0.0006,CF!free_cash_flow_for_distribution_keur,result.periods[i].r98_distribution_account_keur,approximate,
Free Cash Flow,FCF for Distribution,Excel,29,Y15H2,5175.3,4549.0,-626.3,0.0000,CF!free_cash_flow_for_distribution_keur,result.periods[i].r98_distribution_account_keur,approximate,
Free Cash Flow,FCF for Distribution,Python,29,Y15H2,5175.3,4549.0,-626.3,0.0000,CF!free_cash_flow_for_distribution_keur,result.periods[i].r98_distribution_account_keur,approximate,
Free Cash Flow,FCF for Distribution,Delta,29,Y15H2,5175.3,4549.0,-626.3,-0.1210,CF!free_cash_flow_for_distribution_keur,result.periods[i].r98_distribution_account_keur,approximate,
Free Cash Flow,FCF for Distribution,Excel,30,Y16H1,6212.3,6221.8,9.5,0.0000,CF!free_cash_flow_for_distribution_keur,result.periods[i].r98_distribution_account_keur,approximate,
Free Cash Flow,FCF for Distribution,Python,30,Y16H1,6212.3,6221.8,9.5,0.0000,CF!free_cash_flow_for_distribution_keur,result.periods[i].r98_distribution_account_keur,approximate,
Free Cash Flow,FCF for Distribution,Delta,30,Y16H1,6212.3,6221.8,9.5,0.0015,CF!free_cash_flow_for_distribution_keur,result.periods[i].r98_distribution_account_keur,approximate,
Free Cash Flow,FCF for Distribution,Excel,31,Y16H2,5090.8,4473.2,-617.5,0.0000,CF!free_cash_flow_for_distribution_keur,result.periods[i].r98_distribution_account_keur,approximate,
Free Cash Flow,FCF for Distribution,Python,31,Y16H2,5090.8,4473.2,-617.5,0.0000,CF!free_cash_flow_for_distribution_keur,result.periods[i].r98_distribution_account_keur,approximate,
Free Cash Flow,FCF for Distribution,Delta,31,Y16H2,5090.8,4473.2,-617.5,-0.1213,CF!free_cash_flow_for_distribution_keur,result.periods[i].r98_distribution_account_keur,approximate,
Free Cash Flow,FCF for Distribution,Excel,32,Y17H1,6422.3,6419.5,-2.8,0.0000,CF!free_cash_flow_for_distribution_keur,result.periods[i].r98_distribution_account_keur,approximate,
Free Cash Flow,FCF for Distribution,Python,32,Y17H1,6422.3,6419.5,-2.8,0.0000,CF!free_cash_flow_for_distribution_keur,result.periods[i].r98_distribution_account_keur,approximate,
Free Cash Flow,FCF for Distribution,Delta,32,Y17H1,6422.3,6419.5,-2.8,-0.0004,CF!free_cash_flow_for_distribution_keur,result.periods[i].r98_distribution_account_keur,approximate,
Free Cash Flow,FCF for Distribution,Excel,33,Y17H2,5092.5,4466.9,-625.6,0.0000,CF!free_cash_flow_for_distribution_keur,result.periods[i].r98_distribution_account_keur,approximate,
Free Cash Flow,FCF for Distribution,Python,33,Y17H2,5092.5,4466.9,-625.6,0.0000,CF!free_cash_flow_for_distribution_keur,result.periods[i].r98_distribution_account_keur,approximate,
Free Cash Flow,FCF for Distribution,Delta,33,Y17H2,5092.5,4466.9,-625.6,-0.1228,CF!free_cash_flow_for_distribution_keur,result.periods[i].r98_distribution_account_keur,approximate,
Free Cash Flow,FCF for Distribution,Excel,34,Y18H1,6585.9,6570.3,-15.7,0.0000,CF!free_cash_flow_for_distribution_keur,result.periods[i].r98_distribution_account_keur,approximate,
Free Cash Flow,FCF for Distribution,Python,34,Y18H1,6585.9,6570.3,-15.7,0.0000,CF!free_cash_flow_for_distribution_keur,result.periods[i].r98_distribution_account_keur,approximate,
Free Cash Flow,FCF for Distribution,Delta,34,Y18H1,6585.9,6570.3,-15.7,-0.0024,CF!free_cash_flow_for_distribution_keur,result.periods[i].r98_distribution_account_keur,approximate,
Free Cash Flow,FCF for Distribution,Excel,35,Y18H2,5050.2,4416.2,-634.0,0.0000,CF!free_cash_flow_for_distribution_keur,result.periods[i].r98_distribution_account_keur,approximate,
Free Cash Flow,FCF for Distribution,Python,35,Y18H2,5050.2,4416.2,-634.0,0.0000,CF!free_cash_flow_for_distribution_keur,result.periods[i].r98_distribution_account_keur,approximate,
Free Cash Flow,FCF for Distribution,Delta,35,Y18H2,5050.2,4416.2,-634.0,-0.1255,CF!free_cash_flow_for_distribution_keur,result.periods[i].r98_distribution_account_keur,approximate,
Free Cash Flow,FCF for Distribution,Excel,36,Y19H1,6765.1,6735.9,-29.2,0.0000,CF!free_cash_flow_for_distribution_keur,result.periods[i].r98_distribution_account_keur,approximate,
Free Cash Flow,FCF for Distribution,Python,36,Y19H1,6765.1,6735.9,-29.2,0.0000,CF!free_cash_flow_for_distribution_keur,result.periods[i].r98_distribution_account_keur,approximate,
Free Cash Flow,FCF for Distribution,Delta,36,Y19H1,6765.1,6735.9,-29.2,-0.0043,CF!free_cash_flow_for_distribution_keur,result.periods[i].r98_distribution_account_keur,approximate,
Free Cash Flow,FCF for Distribution,Excel,37,Y19H2,5028.2,4385.5,-642.7,0.0000,CF!free_cash_flow_for_distribution_keur,result.periods[i].r98_distribution_account_keur,approximate,
Free Cash Flow,FCF for Distribution,Python,37,Y19H2,5028.2,4385.5,-642.7,0.0000,CF!free_cash_flow_for_distribution_keur,result.periods[i].r98_distribution_account_keur,approximate,
Free Cash Flow,FCF for Distribution,Delta,37,Y19H2,5028.2,4385.5,-642.7,-0.1278,CF!free_cash_flow_for_distribution_keur,result.periods[i].r98_distribution_account_keur,approximate,
Free Cash Flow,FCF for Distribution,Excel,38,Y20H1,6911.8,6868.6,-43.2,0.0000,CF!free_cash_flow_for_distribution_keur,result.periods[i].r98_distribution_account_keur,approximate,
Free Cash Flow,FCF for Distribution,Python,38,Y20H1,6911.8,6868.6,-43.2,0.0000,CF!free_cash_flow_for_distribution_keur,result.periods[i].r98_distribution_account_keur,approximate,
Free Cash Flow,FCF for Distribution,Delta,38,Y20H1,6911.8,6868.6,-43.2,-0.0063,CF!free_cash_flow_for_distribution_keur,result.periods[i].r98_distribution_account_keur,approximate,
Free Cash Flow,FCF for Distribution,Excel,39,Y20H2,5155.1,4503.1,-652.0,0.0000,CF!free_cash_flow_for_distribution_keur,result.periods[i].r98_distribution_account_keur,approximate,
Free Cash Flow,FCF for Distribution,Python,39,Y20H2,5155.1,4503.1,-652.0,0.0000,CF!free_cash_flow_for_distribution_keur,result.periods[i].r98_distribution_account_keur,approximate,
Free Cash Flow,FCF for Distribution,Delta,39,Y20H2,5155.1,4503.1,-652.0,-0.1265,CF!free_cash_flow_for_distribution_keur,result.periods[i].r98_distribution_account_keur,approximate,
Free Cash Flow,FCF for Distribution,Excel,40,Y21H1,7037.2,7018.6,-18.6,0.0000,CF!free_cash_flow_for_distribution_keur,result.periods[i].r98_distribution_account_keur,approximate,
Free Cash Flow,FCF for Distribution,Python,40,Y21H1,7037.2,7018.6,-18.6,0.0000,CF!free_cash_flow_for_distribution_keur,result.periods[i].r98_distribution_account_keur,approximate,
Free Cash Flow,FCF for Distribution,Delta,40,Y21H1,7037.2,7018.6,-18.6,-0.0026,CF!free_cash_flow_for_distribution_keur,result.periods[i].r98_distribution_account_keur,approximate,
Free Cash Flow,FCF for Distribution,Excel,41,Y21H2,4599.5,4601.1,1.6,0.0000,CF!free_cash_flow_for_distribution_keur,result.periods[i].r98_distribution_account_keur,approximate,
Free Cash Flow,FCF for Distribution,Python,41,Y21H2,4599.5,4601.1,1.6,0.0000,CF!free_cash_flow_for_distribution_keur,result.periods[i].r98_distribution_account_keur,approximate,
Free Cash Flow,FCF for Distribution,Delta,41,Y21H2,4599.5,4601.1,1.6,0.0004,CF!free_cash_flow_for_distribution_keur,result.periods[i].r98_distribution_account_keur,approximate,
Free Cash Flow,FCF for Distribution,Excel,42,Y22H1,7202.3,7168.2,-34.1,0.0000,CF!free_cash_flow_for_distribution_keur,result.periods[i].r98_distribution_account_keur,approximate,
Free Cash Flow,FCF for Distribution,Python,42,Y22H1,7202.3,7168.2,-34.1,0.0000,CF!free_cash_flow_for_distribution_keur,result.periods[i].r98_distribution_account_keur,approximate,
Free Cash Flow,FCF for Distribution,Delta,42,Y22H1,7202.3,7168.2,-34.1,-0.0047,CF!free_cash_flow_for_distribution_keur,result.periods[i].r98_distribution_account_keur,approximate,
Free Cash Flow,FCF for Distribution,Excel,43,Y22H2,4707.4,4698.9,-8.5,0.0000,CF!free_cash_flow_for_distribution_keur,result.periods[i].r98_distribution_account_keur,approximate,
Free Cash Flow,FCF for Distribution,Python,43,Y22H2,4707.4,4698.9,-8.5,0.0000,CF!free_cash_flow_for_distribution_keur,result.periods[i].r98_distribution_account_keur,approximate,
Free Cash Flow,FCF for Distribution,Delta,43,Y22H2,4707.4,4698.9,-8.5,-0.0018,CF!free_cash_flow_for_distribution_keur,result.periods[i].r98_distribution_account_keur,approximate,
Free Cash Flow,FCF for Distribution,Excel,44,Y23H1,7426.0,7375.6,-50.4,0.0000,CF!free_cash_flow_for_distribution_keur,result.periods[i].r98_distribution_account_keur,approximate,
Free Cash Flow,FCF for Distribution,Python,44,Y23H1,7426.0,7375.6,-50.4,0.0000,CF!free_cash_flow_for_distribution_keur,result.periods[i].r98_distribution_account_keur,approximate,
Free Cash Flow,FCF for Distribution,Delta,44,Y23H1,7426.0,7375.6,-50.4,-0.0068,CF!free_cash_flow_for_distribution_keur,result.periods[i].r98_distribution_account_keur,approximate,
Free Cash Flow,FCF for Distribution,Excel,45,Y23H2,4819.6,4800.7,-18.9,0.0000,CF!free_cash_flow_for_distribution_keur,result.periods[i].r98_distribution_account_keur,approximate,
Free Cash Flow,FCF for Distribution,Python,45,Y23H2,4819.6,4800.7,-18.9,0.0000,CF!free_cash_flow_for_distribution_keur,result.periods[i].r98_distribution_account_keur,approximate,
Free Cash Flow,FCF for Distribution,Delta,45,Y23H2,4819.6,4800.7,-18.9,-0.0039,CF!free_cash_flow_for_distribution_keur,result.periods[i].r98_distribution_account_keur,approximate,
Free Cash Flow,FCF for Distribution,Excel,46,Y24H1,7552.5,7485.2,-67.3,0.0000,CF!free_cash_flow_for_distribution_keur,result.periods[i].r98_distribution_account_keur,approximate,
Free Cash Flow,FCF for Distribution,Python,46,Y24H1,7552.5,7485.2,-67.3,0.0000,CF!free_cash_flow_for_distribution_keur,result.periods[i].r98_distribution_account_keur,approximate,
Free Cash Flow,FCF for Distribution,Delta,46,Y24H1,7552.5,7485.2,-67.3,-0.0089,CF!free_cash_flow_for_distribution_keur,result.periods[i].r98_distribution_account_keur,approximate,
Free Cash Flow,FCF for Distribution,Excel,47,Y24H2,4936.2,4906.1,-30.2,0.0000,CF!free_cash_flow_for_distribution_keur,result.periods[i].r98_distribution_account_keur,approximate,
Free Cash Flow,FCF for Distribution,Python,47,Y24H2,4936.2,4906.1,-30.2,0.0000,CF!free_cash_flow_for_distribution_keur,result.periods[i].r98_distribution_account_keur,approximate,
Free Cash Flow,FCF for Distribution,Delta,47,Y24H2,4936.2,4906.1,-30.2,-0.0061,CF!free_cash_flow_for_distribution_keur,result.periods[i].r98_distribution_account_keur,approximate,
Free Cash Flow,FCF for Distribution,Excel,48,Y25H1,7701.5,7616.4,-85.1,0.0000,CF!free_cash_flow_for_distribution_keur,result.periods[i].r98_distribution_account_keur,approximate,
Free Cash Flow,FCF for Distribution,Python,48,Y25H1,7701.5,7616.4,-85.1,0.0000,CF!free_cash_flow_for_distribution_keur,result.periods[i].r98_distribution_account_keur,approximate,
Free Cash Flow,FCF for Distribution,Delta,48,Y25H1,7701.5,7616.4,-85.1,-0.0110,CF!free_cash_flow_for_distribution_keur,result.periods[i].r98_distribution_account_keur,approximate,
Free Cash Flow,FCF for Distribution,Excel,49,Y25H2,5033.7,4991.9,-41.8,0.0000,CF!free_cash_flow_for_distribution_keur,result.periods[i].r98_distribution_account_keur,approximate,
Free Cash Flow,FCF for Distribution,Python,49,Y25H2,5033.7,4991.9,-41.8,0.0000,CF!free_cash_flow_for_distribution_keur,result.periods[i].r98_distribution_account_keur,approximate,
Free Cash Flow,FCF for Distribution,Delta,49,Y25H2,5033.7,4991.9,-41.8,-0.0083,CF!free_cash_flow_for_distribution_keur,result.periods[i].r98_distribution_account_keur,approximate,
Free Cash Flow,FCF for Distribution,Excel,50,Y26H1,7870.7,7804.7,-65.9,0.0000,CF!free_cash_flow_for_distribution_keur,result.periods[i].r98_distribution_account_keur,approximate,
Free Cash Flow,FCF for Distribution,Python,50,Y26H1,7870.7,7804.7,-65.9,0.0000,CF!free_cash_flow_for_distribution_keur,result.periods[i].r98_distribution_account_keur,approximate,
Free Cash Flow,FCF for Distribution,Delta,50,Y26H1,7870.7,7804.7,-65.9,-0.0084,CF!free_cash_flow_for_distribution_keur,result.periods[i].r98_distribution_account_keur,approximate,
Free Cash Flow,FCF for Distribution,Excel,51,Y26H2,5144.2,5114.9,-29.3,0.0000,CF!free_cash_flow_for_distribution_keur,result.periods[i].r98_distribution_account_keur,approximate,
Free Cash Flow,FCF for Distribution,Python,51,Y26H2,5144.2,5114.9,-29.3,0.0000,CF!free_cash_flow_for_distribution_keur,result.periods[i].r98_distribution_account_keur,approximate,
Free Cash Flow,FCF for Distribution,Delta,51,Y26H2,5144.2,5114.9,-29.3,-0.0057,CF!free_cash_flow_for_distribution_keur,result.periods[i].r98_distribution_account_keur,approximate,
Free Cash Flow,FCF for Distribution,Excel,52,Y27H1,8037.6,7951.8,-85.8,0.0000,CF!free_cash_flow_for_distribution_keur,result.periods[i].r98_distribution_account_keur,approximate,
Free Cash Flow,FCF for Distribution,Python,52,Y27H1,8037.6,7951.8,-85.8,0.0000,CF!free_cash_flow_for_distribution_keur,result.periods[i].r98_distribution_account_keur,approximate,
Free Cash Flow,FCF for Distribution,Delta,52,Y27H1,8037.6,7951.8,-85.8,-0.0107,CF!free_cash_flow_for_distribution_keur,result.periods[i].r98_distribution_account_keur,approximate,
Free Cash Flow,FCF for Distribution,Excel,53,Y27H2,5216.5,5174.6,-41.8,0.0000,CF!free_cash_flow_for_distribution_keur,result.periods[i].r98_distribution_account_keur,approximate,
Free Cash Flow,FCF for Distribution,Python,53,Y27H2,5216.5,5174.6,-41.8,0.0000,CF!free_cash_flow_for_distribution_keur,result.periods[i].r98_distribution_account_keur,approximate,
Free Cash Flow,FCF for Distribution,Delta,53,Y27H2,5216.5,5174.6,-41.8,-0.0080,CF!free_cash_flow_for_distribution_keur,result.periods[i].r98_distribution_account_keur,approximate,
Free Cash Flow,FCF for Distribution,Excel,54,Y28H1,8123.2,8017.1,-106.1,0.0000,CF!free_cash_flow_for_distribution_keur,result.periods[i].r98_distribution_account_keur,approximate,
Free Cash Flow,FCF for Distribution,Python,54,Y28H1,8123.2,8017.1,-106.1,0.0000,CF!free_cash_flow_for_distribution_keur,result.periods[i].r98_distribution_account_keur,approximate,
Free Cash Flow,FCF for Distribution,Delta,54,Y28H1,8123.2,8017.1,-106.1,-0.0131,CF!free_cash_flow_for_distribution_keur,result.periods[i].r98_distribution_account_keur,approximate,
Free Cash Flow,FCF for Distribution,Excel,55,Y28H2,5309.2,5253.7,-55.5,0.0000,CF!free_cash_flow_for_distribution_keur,result.periods[i].r98_distribution_account_keur,approximate,
Free Cash Flow,FCF for Distribution,Python,55,Y28H2,5309.2,5253.7,-55.5,0.0000,CF!free_cash_flow_for_distribution_keur,result.periods[i].r98_distribution_account_keur,approximate,
Free Cash Flow,FCF for Distribution,Delta,55,Y28H2,5309.2,5253.7,-55.5,-0.0105,CF!free_cash_flow_for_distribution_keur,result.periods[i].r98_distribution_account_keur,approximate,
Free Cash Flow,FCF for Distribution,Excel,56,Y29H1,8221.4,8093.7,-127.7,0.0000,CF!free_cash_flow_for_distribution_keur,result.periods[i].r98_distribution_account_keur,approximate,
Free Cash Flow,FCF for Distribution,Python,56,Y29H1,8221.4,8093.7,-127.7,0.0000,CF!free_cash_flow_for_distribution_keur,result.periods[i].r98_distribution_account_keur,approximate,
Free Cash Flow,FCF for Distribution,Delta,56,Y29H1,8221.4,8093.7,-127.7,-0.0155,CF!free_cash_flow_for_distribution_keur,result.periods[i].r98_distribution_account_keur,approximate,
Free Cash Flow,FCF for Distribution,Excel,57,Y29H2,5373.4,5303.8,-69.6,0.0000,CF!free_cash_flow_for_distribution_keur,result.periods[i].r98_distribution_account_keur,approximate,
Free Cash Flow,FCF for Distribution,Python,57,Y29H2,5373.4,5303.8,-69.6,0.0000,CF!free_cash_flow_for_distribution_keur,result.periods[i].r98_distribution_account_keur,approximate,
Free Cash Flow,FCF for Distribution,Delta,57,Y29H2,5373.4,5303.8,-69.6,-0.0130,CF!free_cash_flow_for_distribution_keur,result.periods[i].r98_distribution_account_keur,approximate,
Free Cash Flow,FCF for Distribution,Excel,58,Y30H1,8264.4,8114.1,-150.3,0.0000,CF!free_cash_flow_for_distribution_keur,result.periods[i].r98_distribution_account_keur,approximate,
Free Cash Flow,FCF for Distribution,Python,58,Y30H1,8264.4,8114.1,-150.3,0.0000,CF!free_cash_flow_for_distribution_keur,result.periods[i].r98_distribution_account_keur,approximate,
Free Cash Flow,FCF for Distribution,Delta,58,Y30H1,8264.4,8114.1,-150.3,-0.0182,CF!free_cash_flow_for_distribution_keur,result.periods[i].r98_distribution_account_keur,approximate,
Free Cash Flow,FCF for Distribution,Excel,59,Y30H2,5401.6,5317.1,-84.5,0.0000,CF!free_cash_flow_for_distribution_keur,result.periods[i].r98_distribution_account_keur,approximate,
Free Cash Flow,FCF for Distribution,Python,59,Y30H2,5401.6,5317.1,-84.5,0.0000,CF!free_cash_flow_for_distribution_keur,result.periods[i].r98_distribution_account_keur,approximate,
Free Cash Flow,FCF for Distribution,Delta,59,Y30H2,5401.6,5317.1,-84.5,-0.0156,CF!free_cash_flow_for_distribution_keur,result.periods[i].r98_distribution_account_keur,approximate,
Depreciation,Book Depreciation,Excel,0,Y01H1,1845.4,1168.5,-676.9,0.0000,Dep!depreciation_keur,result.periods[i].depreciation_keur,exact,
Depreciation,Book Depreciation,Python,0,Y01H1,1845.4,1168.5,-676.9,0.0000,Dep!depreciation_keur,result.periods[i].depreciation_keur,exact,
Depreciation,Book Depreciation,Delta,0,Y01H1,1845.4,1168.5,-676.9,-0.3668,Dep!depreciation_keur,result.periods[i].depreciation_keur,exact,
Depreciation,Book Depreciation,Excel,1,Y01H2,1876.0,1187.9,-688.2,0.0000,Dep!depreciation_keur,result.periods[i].depreciation_keur,exact,
Depreciation,Book Depreciation,Python,1,Y01H2,1876.0,1187.9,-688.2,0.0000,Dep!depreciation_keur,result.periods[i].depreciation_keur,exact,
Depreciation,Book Depreciation,Delta,1,Y01H2,1876.0,1187.9,-688.2,-0.3668,Dep!depreciation_keur,result.periods[i].depreciation_keur,exact,
Depreciation,Book Depreciation,Excel,2,Y02H1,1845.4,1168.5,-676.9,0.0000,Dep!depreciation_keur,result.periods[i].depreciation_keur,exact,
Depreciation,Book Depreciation,Python,2,Y02H1,1845.4,1168.5,-676.9,0.0000,Dep!depreciation_keur,result.periods[i].depreciation_keur,exact,
Depreciation,Book Depreciation,Delta,2,Y02H1,1845.4,1168.5,-676.9,-0.3668,Dep!depreciation_keur,result.periods[i].depreciation_keur,exact,
Depreciation,Book Depreciation,Excel,3,Y02H2,1876.0,1187.9,-688.2,0.0000,Dep!depreciation_keur,result.periods[i].depreciation_keur,exact,
Depreciation,Book Depreciation,Python,3,Y02H2,1876.0,1187.9,-688.2,0.0000,Dep!depreciation_keur,result.periods[i].depreciation_keur,exact,
Depreciation,Book Depreciation,Delta,3,Y02H2,1876.0,1187.9,-688.2,-0.3668,Dep!depreciation_keur,result.periods[i].depreciation_keur,exact,
Depreciation,Book Depreciation,Excel,4,Y03H1,1850.6,1171.8,-678.8,0.0000,Dep!depreciation_keur,result.periods[i].depreciation_keur,exact,
Depreciation,Book Depreciation,Python,4,Y03H1,1850.6,1171.8,-678.8,0.0000,Dep!depreciation_keur,result.periods[i].depreciation_keur,exact,
Depreciation,Book Depreciation,Delta,4,Y03H1,1850.6,1171.8,-678.8,-0.3668,Dep!depreciation_keur,result.periods[i].depreciation_keur,exact,
Depreciation,Book Depreciation,Excel,5,Y03H2,1870.9,1184.6,-686.3,0.0000,Dep!depreciation_keur,result.periods[i].depreciation_keur,exact,
Depreciation,Book Depreciation,Python,5,Y03H2,1870.9,1184.6,-686.3,0.0000,Dep!depreciation_keur,result.periods[i].depreciation_keur,exact,
Depreciation,Book Depreciation,Delta,5,Y03H2,1870.9,1184.6,-686.3,-0.3668,Dep!depreciation_keur,result.periods[i].depreciation_keur,exact,
Depreciation,Book Depreciation,Excel,6,Y04H1,1845.4,1168.5,-676.9,0.0000,Dep!depreciation_keur,result.periods[i].depreciation_keur,exact,
Depreciation,Book Depreciation,Python,6,Y04H1,1845.4,1168.5,-676.9,0.0000,Dep!depreciation_keur,result.periods[i].depreciation_keur,exact,
Depreciation,Book Depreciation,Delta,6,Y04H1,1845.4,1168.5,-676.9,-0.3668,Dep!depreciation_keur,result.periods[i].depreciation_keur,exact,
Depreciation,Book Depreciation,Excel,7,Y04H2,1876.0,1187.9,-688.2,0.0000,Dep!depreciation_keur,result.periods[i].depreciation_keur,exact,
Depreciation,Book Depreciation,Python,7,Y04H2,1876.0,1187.9,-688.2,0.0000,Dep!depreciation_keur,result.periods[i].depreciation_keur,exact,
Depreciation,Book Depreciation,Delta,7,Y04H2,1876.0,1187.9,-688.2,-0.3668,Dep!depreciation_keur,result.periods[i].depreciation_keur,exact,
Depreciation,Book Depreciation,Excel,8,Y05H1,1845.4,1168.5,-676.9,0.0000,Dep!depreciation_keur,result.periods[i].depreciation_keur,exact,
Depreciation,Book Depreciation,Python,8,Y05H1,1845.4,1168.5,-676.9,0.0000,Dep!depreciation_keur,result.periods[i].depreciation_keur,exact,
Depreciation,Book Depreciation,Delta,8,Y05H1,1845.4,1168.5,-676.9,-0.3668,Dep!depreciation_keur,result.periods[i].depreciation_keur,exact,
Depreciation,Book Depreciation,Excel,9,Y05H2,1876.0,1187.9,-688.2,0.0000,Dep!depreciation_keur,result.periods[i].depreciation_keur,exact,
Depreciation,Book Depreciation,Python,9,Y05H2,1876.0,1187.9,-688.2,0.0000,Dep!depreciation_keur,result.periods[i].depreciation_keur,exact,
Depreciation,Book Depreciation,Delta,9,Y05H2,1876.0,1187.9,-688.2,-0.3668,Dep!depreciation_keur,result.periods[i].depreciation_keur,exact,
Depreciation,Book Depreciation,Excel,10,Y06H1,1845.4,1168.5,-676.9,0.0000,Dep!depreciation_keur,result.periods[i].depreciation_keur,exact,
Depreciation,Book Depreciation,Python,10,Y06H1,1845.4,1168.5,-676.9,0.0000,Dep!depreciation_keur,result.periods[i].depreciation_keur,exact,
Depreciation,Book Depreciation,Delta,10,Y06H1,1845.4,1168.5,-676.9,-0.3668,Dep!depreciation_keur,result.periods[i].depreciation_keur,exact,
Depreciation,Book Depreciation,Excel,11,Y06H2,1876.0,1187.9,-688.2,0.0000,Dep!depreciation_keur,result.periods[i].depreciation_keur,exact,
Depreciation,Book Depreciation,Python,11,Y06H2,1876.0,1187.9,-688.2,0.0000,Dep!depreciation_keur,result.periods[i].depreciation_keur,exact,
Depreciation,Book Depreciation,Delta,11,Y06H2,1876.0,1187.9,-688.2,-0.3668,Dep!depreciation_keur,result.periods[i].depreciation_keur,exact,
Depreciation,Book Depreciation,Excel,12,Y07H1,1850.6,1171.8,-678.8,0.0000,Dep!depreciation_keur,result.periods[i].depreciation_keur,exact,
Depreciation,Book Depreciation,Python,12,Y07H1,1850.6,1171.8,-678.8,0.0000,Dep!depreciation_keur,result.periods[i].depreciation_keur,exact,
Depreciation,Book Depreciation,Delta,12,Y07H1,1850.6,1171.8,-678.8,-0.3668,Dep!depreciation_keur,result.periods[i].depreciation_keur,exact,
Depreciation,Book Depreciation,Excel,13,Y07H2,1870.9,1184.6,-686.3,0.0000,Dep!depreciation_keur,result.periods[i].depreciation_keur,exact,
Depreciation,Book Depreciation,Python,13,Y07H2,1870.9,1184.6,-686.3,0.0000,Dep!depreciation_keur,result.periods[i].depreciation_keur,exact,
Depreciation,Book Depreciation,Delta,13,Y07H2,1870.9,1184.6,-686.3,-0.3668,Dep!depreciation_keur,result.periods[i].depreciation_keur,exact,
Depreciation,Book Depreciation,Excel,14,Y08H1,1845.4,1168.5,-676.9,0.0000,Dep!depreciation_keur,result.periods[i].depreciation_keur,exact,
Depreciation,Book Depreciation,Python,14,Y08H1,1845.4,1168.5,-676.9,0.0000,Dep!depreciation_keur,result.periods[i].depreciation_keur,exact,
Depreciation,Book Depreciation,Delta,14,Y08H1,1845.4,1168.5,-676.9,-0.3668,Dep!depreciation_keur,result.periods[i].depreciation_keur,exact,
Depreciation,Book Depreciation,Excel,15,Y08H2,1876.0,1187.9,-688.2,0.0000,Dep!depreciation_keur,result.periods[i].depreciation_keur,exact,
Depreciation,Book Depreciation,Python,15,Y08H2,1876.0,1187.9,-688.2,0.0000,Dep!depreciation_keur,result.periods[i].depreciation_keur,exact,
Depreciation,Book Depreciation,Delta,15,Y08H2,1876.0,1187.9,-688.2,-0.3668,Dep!depreciation_keur,result.periods[i].depreciation_keur,exact,
Depreciation,Book Depreciation,Excel,16,Y09H1,1845.4,1168.5,-676.9,0.0000,Dep!depreciation_keur,result.periods[i].depreciation_keur,exact,
Depreciation,Book Depreciation,Python,16,Y09H1,1845.4,1168.5,-676.9,0.0000,Dep!depreciation_keur,result.periods[i].depreciation_keur,exact,
Depreciation,Book Depreciation,Delta,16,Y09H1,1845.4,1168.5,-676.9,-0.3668,Dep!depreciation_keur,result.periods[i].depreciation_keur,exact,
Depreciation,Book Depreciation,Excel,17,Y09H2,1876.0,1187.9,-688.2,0.0000,Dep!depreciation_keur,result.periods[i].depreciation_keur,exact,
Depreciation,Book Depreciation,Python,17,Y09H2,1876.0,1187.9,-688.2,0.0000,Dep!depreciation_keur,result.periods[i].depreciation_keur,exact,
Depreciation,Book Depreciation,Delta,17,Y09H2,1876.0,1187.9,-688.2,-0.3668,Dep!depreciation_keur,result.periods[i].depreciation_keur,exact,
Depreciation,Book Depreciation,Excel,18,Y10H1,1845.4,1168.5,-676.9,0.0000,Dep!depreciation_keur,result.periods[i].depreciation_keur,exact,
Depreciation,Book Depreciation,Python,18,Y10H1,1845.4,1168.5,-676.9,0.0000,Dep!depreciation_keur,result.periods[i].depreciation_keur,exact,
Depreciation,Book Depreciation,Delta,18,Y10H1,1845.4,1168.5,-676.9,-0.3668,Dep!depreciation_keur,result.periods[i].depreciation_keur,exact,
Depreciation,Book Depreciation,Excel,19,Y10H2,1876.0,1187.9,-688.2,0.0000,Dep!depreciation_keur,result.periods[i].depreciation_keur,exact,
Depreciation,Book Depreciation,Python,19,Y10H2,1876.0,1187.9,-688.2,0.0000,Dep!depreciation_keur,result.periods[i].depreciation_keur,exact,
Depreciation,Book Depreciation,Delta,19,Y10H2,1876.0,1187.9,-688.2,-0.3668,Dep!depreciation_keur,result.periods[i].depreciation_keur,exact,
Depreciation,Book Depreciation,Excel,20,Y11H1,1850.6,1171.8,-678.8,0.0000,Dep!depreciation_keur,result.periods[i].depreciation_keur,exact,
Depreciation,Book Depreciation,Python,20,Y11H1,1850.6,1171.8,-678.8,0.0000,Dep!depreciation_keur,result.periods[i].depreciation_keur,exact,
Depreciation,Book Depreciation,Delta,20,Y11H1,1850.6,1171.8,-678.8,-0.3668,Dep!depreciation_keur,result.periods[i].depreciation_keur,exact,
Depreciation,Book Depreciation,Excel,21,Y11H2,1870.9,1184.6,-686.3,0.0000,Dep!depreciation_keur,result.periods[i].depreciation_keur,exact,
Depreciation,Book Depreciation,Python,21,Y11H2,1870.9,1184.6,-686.3,0.0000,Dep!depreciation_keur,result.periods[i].depreciation_keur,exact,
Depreciation,Book Depreciation,Delta,21,Y11H2,1870.9,1184.6,-686.3,-0.3668,Dep!depreciation_keur,result.periods[i].depreciation_keur,exact,
Depreciation,Book Depreciation,Excel,22,Y12H1,1845.4,1168.5,-676.9,0.0000,Dep!depreciation_keur,result.periods[i].depreciation_keur,exact,
Depreciation,Book Depreciation,Python,22,Y12H1,1845.4,1168.5,-676.9,0.0000,Dep!depreciation_keur,result.periods[i].depreciation_keur,exact,
Depreciation,Book Depreciation,Delta,22,Y12H1,1845.4,1168.5,-676.9,-0.3668,Dep!depreciation_keur,result.periods[i].depreciation_keur,exact,
Depreciation,Book Depreciation,Excel,23,Y12H2,1876.0,1187.9,-688.2,0.0000,Dep!depreciation_keur,result.periods[i].depreciation_keur,exact,
Depreciation,Book Depreciation,Python,23,Y12H2,1876.0,1187.9,-688.2,0.0000,Dep!depreciation_keur,result.periods[i].depreciation_keur,exact,
Depreciation,Book Depreciation,Delta,23,Y12H2,1876.0,1187.9,-688.2,-0.3668,Dep!depreciation_keur,result.periods[i].depreciation_keur,exact,
Depreciation,Book Depreciation,Excel,24,Y13H1,1756.5,1168.5,-587.9,0.0000,Dep!depreciation_keur,result.periods[i].depreciation_keur,exact,
Depreciation,Book Depreciation,Python,24,Y13H1,1756.5,1168.5,-587.9,0.0000,Dep!depreciation_keur,result.periods[i].depreciation_keur,exact,
Depreciation,Book Depreciation,Delta,24,Y13H1,1756.5,1168.5,-587.9,-0.3347,Dep!depreciation_keur,result.periods[i].depreciation_keur,exact,
Depreciation,Book Depreciation,Excel,25,Y13H2,1785.6,1187.9,-597.7,0.0000,Dep!depreciation_keur,result.periods[i].depreciation_keur,exact,
Depreciation,Book Depreciation,Python,25,Y13H2,1785.6,1187.9,-597.7,0.0000,Dep!depreciation_keur,result.periods[i].depreciation_keur,exact,
Depreciation,Book Depreciation,Delta,25,Y13H2,1785.6,1187.9,-597.7,-0.3347,Dep!depreciation_keur,result.periods[i].depreciation_keur,exact,
Depreciation,Book Depreciation,Excel,26,Y14H1,1756.5,1168.5,-587.9,0.0000,Dep!depreciation_keur,result.periods[i].depreciation_keur,exact,
Depreciation,Book Depreciation,Python,26,Y14H1,1756.5,1168.5,-587.9,0.0000,Dep!depreciation_keur,result.periods[i].depreciation_keur,exact,
Depreciation,Book Depreciation,Delta,26,Y14H1,1756.5,1168.5,-587.9,-0.3347,Dep!depreciation_keur,result.periods[i].depreciation_keur,exact,
Depreciation,Book Depreciation,Excel,27,Y14H2,1785.6,1187.9,-597.7,0.0000,Dep!depreciation_keur,result.periods[i].depreciation_keur,exact,
Depreciation,Book Depreciation,Python,27,Y14H2,1785.6,1187.9,-597.7,0.0000,Dep!depreciation_keur,result.periods[i].depreciation_keur,exact,
Depreciation,Book Depreciation,Delta,27,Y14H2,1785.6,1187.9,-597.7,-0.3347,Dep!depreciation_keur,result.periods[i].depreciation_keur,exact,
Depreciation,Book Depreciation,Excel,28,Y15H1,1761.3,1171.8,-589.6,0.0000,Dep!depreciation_keur,result.periods[i].depreciation_keur,exact,
Depreciation,Book Depreciation,Python,28,Y15H1,1761.3,1171.8,-589.6,0.0000,Dep!depreciation_keur,result.periods[i].depreciation_keur,exact,
Depreciation,Book Depreciation,Delta,28,Y15H1,1761.3,1171.8,-589.6,-0.3347,Dep!depreciation_keur,result.periods[i].depreciation_keur,exact,
Depreciation,Book Depreciation,Excel,29,Y15H2,1780.7,1184.6,-596.1,0.0000,Dep!depreciation_keur,result.periods[i].depreciation_keur,exact,
Depreciation,Book Depreciation,Python,29,Y15H2,1780.7,1184.6,-596.1,0.0000,Dep!depreciation_keur,result.periods[i].depreciation_keur,exact,
Depreciation,Book Depreciation,Delta,29,Y15H2,1780.7,1184.6,-596.1,-0.3347,Dep!depreciation_keur,result.periods[i].depreciation_keur,exact,
Depreciation,Book Depreciation,Excel,30,Y16H1,1756.5,1168.5,-587.9,0.0000,Dep!depreciation_keur,result.periods[i].depreciation_keur,exact,
Depreciation,Book Depreciation,Python,30,Y16H1,1756.5,1168.5,-587.9,0.0000,Dep!depreciation_keur,result.periods[i].depreciation_keur,exact,
Depreciation,Book Depreciation,Delta,30,Y16H1,1756.5,1168.5,-587.9,-0.3347,Dep!depreciation_keur,result.periods[i].depreciation_keur,exact,
Depreciation,Book Depreciation,Excel,31,Y16H2,1785.6,1187.9,-597.7,0.0000,Dep!depreciation_keur,result.periods[i].depreciation_keur,exact,
Depreciation,Book Depreciation,Python,31,Y16H2,1785.6,1187.9,-597.7,0.0000,Dep!depreciation_keur,result.periods[i].depreciation_keur,exact,
Depreciation,Book Depreciation,Delta,31,Y16H2,1785.6,1187.9,-597.7,-0.3347,Dep!depreciation_keur,result.periods[i].depreciation_keur,exact,
Depreciation,Book Depreciation,Excel,32,Y17H1,1756.5,1168.5,-587.9,0.0000,Dep!depreciation_keur,result.periods[i].depreciation_keur,exact,
Depreciation,Book Depreciation,Python,32,Y17H1,1756.5,1168.5,-587.9,0.0000,Dep!depreciation_keur,result.periods[i].depreciation_keur,exact,
Depreciation,Book Depreciation,Delta,32,Y17H1,1756.5,1168.5,-587.9,-0.3347,Dep!depreciation_keur,result.periods[i].depreciation_keur,exact,
Depreciation,Book Depreciation,Excel,33,Y17H2,1785.6,1187.9,-597.7,0.0000,Dep!depreciation_keur,result.periods[i].depreciation_keur,exact,
Depreciation,Book Depreciation,Python,33,Y17H2,1785.6,1187.9,-597.7,0.0000,Dep!depreciation_keur,result.periods[i].depreciation_keur,exact,
Depreciation,Book Depreciation,Delta,33,Y17H2,1785.6,1187.9,-597.7,-0.3347,Dep!depreciation_keur,result.periods[i].depreciation_keur,exact,
Depreciation,Book Depreciation,Excel,34,Y18H1,1756.5,1168.5,-587.9,0.0000,Dep!depreciation_keur,result.periods[i].depreciation_keur,exact,
Depreciation,Book Depreciation,Python,34,Y18H1,1756.5,1168.5,-587.9,0.0000,Dep!depreciation_keur,result.periods[i].depreciation_keur,exact,
Depreciation,Book Depreciation,Delta,34,Y18H1,1756.5,1168.5,-587.9,-0.3347,Dep!depreciation_keur,result.periods[i].depreciation_keur,exact,
Depreciation,Book Depreciation,Excel,35,Y18H2,1785.6,1187.9,-597.7,0.0000,Dep!depreciation_keur,result.periods[i].depreciation_keur,exact,
Depreciation,Book Depreciation,Python,35,Y18H2,1785.6,1187.9,-597.7,0.0000,Dep!depreciation_keur,result.periods[i].depreciation_keur,exact,
Depreciation,Book Depreciation,Delta,35,Y18H2,1785.6,1187.9,-597.7,-0.3347,Dep!depreciation_keur,result.periods[i].depreciation_keur,exact,
Depreciation,Book Depreciation,Excel,36,Y19H1,1761.3,1171.8,-589.6,0.0000,Dep!depreciation_keur,result.periods[i].depreciation_keur,exact,
Depreciation,Book Depreciation,Python,36,Y19H1,1761.3,1171.8,-589.6,0.0000,Dep!depreciation_keur,result.periods[i].depreciation_keur,exact,
Depreciation,Book Depreciation,Delta,36,Y19H1,1761.3,1171.8,-589.6,-0.3347,Dep!depreciation_keur,result.periods[i].depreciation_keur,exact,
Depreciation,Book Depreciation,Excel,37,Y19H2,1780.7,1184.6,-596.1,0.0000,Dep!depreciation_keur,result.periods[i].depreciation_keur,exact,
Depreciation,Book Depreciation,Python,37,Y19H2,1780.7,1184.6,-596.1,0.0000,Dep!depreciation_keur,result.periods[i].depreciation_keur,exact,
Depreciation,Book Depreciation,Delta,37,Y19H2,1780.7,1184.6,-596.1,-0.3347,Dep!depreciation_keur,result.periods[i].depreciation_keur,exact,
Depreciation,Book Depreciation,Excel,38,Y20H1,1756.5,1168.5,-587.9,0.0000,Dep!depreciation_keur,result.periods[i].depreciation_keur,exact,
Depreciation,Book Depreciation,Python,38,Y20H1,1756.5,1168.5,-587.9,0.0000,Dep!depreciation_keur,result.periods[i].depreciation_keur,exact,
Depreciation,Book Depreciation,Delta,38,Y20H1,1756.5,1168.5,-587.9,-0.3347,Dep!depreciation_keur,result.periods[i].depreciation_keur,exact,
Depreciation,Book Depreciation,Excel,39,Y20H2,1785.6,1187.9,-597.7,0.0000,Dep!depreciation_keur,result.periods[i].depreciation_keur,exact,
Depreciation,Book Depreciation,Python,39,Y20H2,1785.6,1187.9,-597.7,0.0000,Dep!depreciation_keur,result.periods[i].depreciation_keur,exact,
Depreciation,Book Depreciation,Delta,39,Y20H2,1785.6,1187.9,-597.7,-0.3347,Dep!depreciation_keur,result.periods[i].depreciation_keur,exact,
Depreciation,Book Depreciation,Excel,40,Y21H1,0.0,1168.5,1168.5,0.0000,Dep!depreciation_keur,result.periods[i].depreciation_keur,exact,
Depreciation,Book Depreciation,Python,40,Y21H1,0.0,1168.5,1168.5,0.0000,Dep!depreciation_keur,result.periods[i].depreciation_keur,exact,
Depreciation,Book Depreciation,Delta,40,Y21H1,0.0,1168.5,1168.5,0.0000,Dep!depreciation_keur,result.periods[i].depreciation_keur,exact,
Depreciation,Book Depreciation,Excel,41,Y21H2,0.0,1187.9,1187.9,0.0000,Dep!depreciation_keur,result.periods[i].depreciation_keur,exact,
Depreciation,Book Depreciation,Python,41,Y21H2,0.0,1187.9,1187.9,0.0000,Dep!depreciation_keur,result.periods[i].depreciation_keur,exact,
Depreciation,Book Depreciation,Delta,41,Y21H2,0.0,1187.9,1187.9,0.0000,Dep!depreciation_keur,result.periods[i].depreciation_keur,exact,
Depreciation,Book Depreciation,Excel,42,Y22H1,0.0,1168.5,1168.5,0.0000,Dep!depreciation_keur,result.periods[i].depreciation_keur,exact,
Depreciation,Book Depreciation,Python,42,Y22H1,0.0,1168.5,1168.5,0.0000,Dep!depreciation_keur,result.periods[i].depreciation_keur,exact,
Depreciation,Book Depreciation,Delta,42,Y22H1,0.0,1168.5,1168.5,0.0000,Dep!depreciation_keur,result.periods[i].depreciation_keur,exact,
Depreciation,Book Depreciation,Excel,43,Y22H2,0.0,1187.9,1187.9,0.0000,Dep!depreciation_keur,result.periods[i].depreciation_keur,exact,
Depreciation,Book Depreciation,Python,43,Y22H2,0.0,1187.9,1187.9,0.0000,Dep!depreciation_keur,result.periods[i].depreciation_keur,exact,
Depreciation,Book Depreciation,Delta,43,Y22H2,0.0,1187.9,1187.9,0.0000,Dep!depreciation_keur,result.periods[i].depreciation_keur,exact,
Depreciation,Book Depreciation,Excel,44,Y23H1,0.0,1171.8,1171.8,0.0000,Dep!depreciation_keur,result.periods[i].depreciation_keur,exact,
Depreciation,Book Depreciation,Python,44,Y23H1,0.0,1171.8,1171.8,0.0000,Dep!depreciation_keur,result.periods[i].depreciation_keur,exact,
Depreciation,Book Depreciation,Delta,44,Y23H1,0.0,1171.8,1171.8,0.0000,Dep!depreciation_keur,result.periods[i].depreciation_keur,exact,
Depreciation,Book Depreciation,Excel,45,Y23H2,0.0,1184.6,1184.6,0.0000,Dep!depreciation_keur,result.periods[i].depreciation_keur,exact,
Depreciation,Book Depreciation,Python,45,Y23H2,0.0,1184.6,1184.6,0.0000,Dep!depreciation_keur,result.periods[i].depreciation_keur,exact,
Depreciation,Book Depreciation,Delta,45,Y23H2,0.0,1184.6,1184.6,0.0000,Dep!depreciation_keur,result.periods[i].depreciation_keur,exact,
Depreciation,Book Depreciation,Excel,46,Y24H1,0.0,1168.5,1168.5,0.0000,Dep!depreciation_keur,result.periods[i].depreciation_keur,exact,
Depreciation,Book Depreciation,Python,46,Y24H1,0.0,1168.5,1168.5,0.0000,Dep!depreciation_keur,result.periods[i].depreciation_keur,exact,
Depreciation,Book Depreciation,Delta,46,Y24H1,0.0,1168.5,1168.5,0.0000,Dep!depreciation_keur,result.periods[i].depreciation_keur,exact,
Depreciation,Book Depreciation,Excel,47,Y24H2,0.0,1187.9,1187.9,0.0000,Dep!depreciation_keur,result.periods[i].depreciation_keur,exact,
Depreciation,Book Depreciation,Python,47,Y24H2,0.0,1187.9,1187.9,0.0000,Dep!depreciation_keur,result.periods[i].depreciation_keur,exact,
Depreciation,Book Depreciation,Delta,47,Y24H2,0.0,1187.9,1187.9,0.0000,Dep!depreciation_keur,result.periods[i].depreciation_keur,exact,
Depreciation,Book Depreciation,Excel,48,Y25H1,0.0,1168.5,1168.5,0.0000,Dep!depreciation_keur,result.periods[i].depreciation_keur,exact,
Depreciation,Book Depreciation,Python,48,Y25H1,0.0,1168.5,1168.5,0.0000,Dep!depreciation_keur,result.periods[i].depreciation_keur,exact,
Depreciation,Book Depreciation,Delta,48,Y25H1,0.0,1168.5,1168.5,0.0000,Dep!depreciation_keur,result.periods[i].depreciation_keur,exact,
Depreciation,Book Depreciation,Excel,49,Y25H2,0.0,1187.9,1187.9,0.0000,Dep!depreciation_keur,result.periods[i].depreciation_keur,exact,
Depreciation,Book Depreciation,Python,49,Y25H2,0.0,1187.9,1187.9,0.0000,Dep!depreciation_keur,result.periods[i].depreciation_keur,exact,
Depreciation,Book Depreciation,Delta,49,Y25H2,0.0,1187.9,1187.9,0.0000,Dep!depreciation_keur,result.periods[i].depreciation_keur,exact,
Depreciation,Book Depreciation,Excel,50,Y26H1,0.0,1168.5,1168.5,0.0000,Dep!depreciation_keur,result.periods[i].depreciation_keur,exact,
Depreciation,Book Depreciation,Python,50,Y26H1,0.0,1168.5,1168.5,0.0000,Dep!depreciation_keur,result.periods[i].depreciation_keur,exact,
Depreciation,Book Depreciation,Delta,50,Y26H1,0.0,1168.5,1168.5,0.0000,Dep!depreciation_keur,result.periods[i].depreciation_keur,exact,
Depreciation,Book Depreciation,Excel,51,Y26H2,0.0,1187.9,1187.9,0.0000,Dep!depreciation_keur,result.periods[i].depreciation_keur,exact,
Depreciation,Book Depreciation,Python,51,Y26H2,0.0,1187.9,1187.9,0.0000,Dep!depreciation_keur,result.periods[i].depreciation_keur,exact,
Depreciation,Book Depreciation,Delta,51,Y26H2,0.0,1187.9,1187.9,0.0000,Dep!depreciation_keur,result.periods[i].depreciation_keur,exact,
Depreciation,Book Depreciation,Excel,52,Y27H1,0.0,1171.8,1171.8,0.0000,Dep!depreciation_keur,result.periods[i].depreciation_keur,exact,
Depreciation,Book Depreciation,Python,52,Y27H1,0.0,1171.8,1171.8,0.0000,Dep!depreciation_keur,result.periods[i].depreciation_keur,exact,
Depreciation,Book Depreciation,Delta,52,Y27H1,0.0,1171.8,1171.8,0.0000,Dep!depreciation_keur,result.periods[i].depreciation_keur,exact,
Depreciation,Book Depreciation,Excel,53,Y27H2,0.0,1184.6,1184.6,0.0000,Dep!depreciation_keur,result.periods[i].depreciation_keur,exact,
Depreciation,Book Depreciation,Python,53,Y27H2,0.0,1184.6,1184.6,0.0000,Dep!depreciation_keur,result.periods[i].depreciation_keur,exact,
Depreciation,Book Depreciation,Delta,53,Y27H2,0.0,1184.6,1184.6,0.0000,Dep!depreciation_keur,result.periods[i].depreciation_keur,exact,
Depreciation,Book Depreciation,Excel,54,Y28H1,0.0,1168.5,1168.5,0.0000,Dep!depreciation_keur,result.periods[i].depreciation_keur,exact,
Depreciation,Book Depreciation,Python,54,Y28H1,0.0,1168.5,1168.5,0.0000,Dep!depreciation_keur,result.periods[i].depreciation_keur,exact,
Depreciation,Book Depreciation,Delta,54,Y28H1,0.0,1168.5,1168.5,0.0000,Dep!depreciation_keur,result.periods[i].depreciation_keur,exact,
Depreciation,Book Depreciation,Excel,55,Y28H2,0.0,1187.9,1187.9,0.0000,Dep!depreciation_keur,result.periods[i].depreciation_keur,exact,
Depreciation,Book Depreciation,Python,55,Y28H2,0.0,1187.9,1187.9,0.0000,Dep!depreciation_keur,result.periods[i].depreciation_keur,exact,
Depreciation,Book Depreciation,Delta,55,Y28H2,0.0,1187.9,1187.9,0.0000,Dep!depreciation_keur,result.periods[i].depreciation_keur,exact,
Depreciation,Book Depreciation,Excel,56,Y29H1,0.0,1168.5,1168.5,0.0000,Dep!depreciation_keur,result.periods[i].depreciation_keur,exact,
Depreciation,Book Depreciation,Python,56,Y29H1,0.0,1168.5,1168.5,0.0000,Dep!depreciation_keur,result.periods[i].depreciation_keur,exact,
Depreciation,Book Depreciation,Delta,56,Y29H1,0.0,1168.5,1168.5,0.0000,Dep!depreciation_keur,result.periods[i].depreciation_keur,exact,
Depreciation,Book Depreciation,Excel,57,Y29H2,0.0,1187.9,1187.9,0.0000,Dep!depreciation_keur,result.periods[i].depreciation_keur,exact,
Depreciation,Book Depreciation,Python,57,Y29H2,0.0,1187.9,1187.9,0.0000,Dep!depreciation_keur,result.periods[i].depreciation_keur,exact,
Depreciation,Book Depreciation,Delta,57,Y29H2,0.0,1187.9,1187.9,0.0000,Dep!depreciation_keur,result.periods[i].depreciation_keur,exact,
Depreciation,Book Depreciation,Excel,58,Y30H1,0.0,1168.5,1168.5,0.0000,Dep!depreciation_keur,result.periods[i].depreciation_keur,exact,
Depreciation,Book Depreciation,Python,58,Y30H1,0.0,1168.5,1168.5,0.0000,Dep!depreciation_keur,result.periods[i].depreciation_keur,exact,
Depreciation,Book Depreciation,Delta,58,Y30H1,0.0,1168.5,1168.5,0.0000,Dep!depreciation_keur,result.periods[i].depreciation_keur,exact,
Depreciation,Book Depreciation,Excel,59,Y30H2,0.0,1187.9,1187.9,0.0000,Dep!depreciation_keur,result.periods[i].depreciation_keur,exact,
Depreciation,Book Depreciation,Python,59,Y30H2,0.0,1187.9,1187.9,0.0000,Dep!depreciation_keur,result.periods[i].depreciation_keur,exact,
Depreciation,Book Depreciation,Delta,59,Y30H2,0.0,1187.9,1187.9,0.0000,Dep!depreciation_keur,result.periods[i].depreciation_keur,exact,
Depreciation,Unlevered Depreciation,Excel,0,Y01H1,1752.8,0.0,-1752.8,0.0000,Dep!unlevered_depreciation_keur,N/A,unmapped,Python does not compute unlevered depreciation separately
Depreciation,Unlevered Depreciation,Python,0,Y01H1,1752.8,0.0,-1752.8,0.0000,Dep!unlevered_depreciation_keur,N/A,unmapped,Python does not compute unlevered depreciation separately
Depreciation,Unlevered Depreciation,Delta,0,Y01H1,1752.8,0.0,-1752.8,-1.0000,Dep!unlevered_depreciation_keur,N/A,unmapped,Python does not compute unlevered depreciation separately
Depreciation,Unlevered Depreciation,Excel,1,Y01H2,1781.8,0.0,-1781.8,0.0000,Dep!unlevered_depreciation_keur,N/A,unmapped,Python does not compute unlevered depreciation separately
Depreciation,Unlevered Depreciation,Python,1,Y01H2,1781.8,0.0,-1781.8,0.0000,Dep!unlevered_depreciation_keur,N/A,unmapped,Python does not compute unlevered depreciation separately
Depreciation,Unlevered Depreciation,Delta,1,Y01H2,1781.8,0.0,-1781.8,-1.0000,Dep!unlevered_depreciation_keur,N/A,unmapped,Python does not compute unlevered depreciation separately
Depreciation,Unlevered Depreciation,Excel,2,Y02H1,1752.8,0.0,-1752.8,0.0000,Dep!unlevered_depreciation_keur,N/A,unmapped,Python does not compute unlevered depreciation separately
Depreciation,Unlevered Depreciation,Python,2,Y02H1,1752.8,0.0,-1752.8,0.0000,Dep!unlevered_depreciation_keur,N/A,unmapped,Python does not compute unlevered depreciation separately
Depreciation,Unlevered Depreciation,Delta,2,Y02H1,1752.8,0.0,-1752.8,-1.0000,Dep!unlevered_depreciation_keur,N/A,unmapped,Python does not compute unlevered depreciation separately
Depreciation,Unlevered Depreciation,Excel,3,Y02H2,1781.8,0.0,-1781.8,0.0000,Dep!unlevered_depreciation_keur,N/A,unmapped,Python does not compute unlevered depreciation separately
Depreciation,Unlevered Depreciation,Python,3,Y02H2,1781.8,0.0,-1781.8,0.0000,Dep!unlevered_depreciation_keur,N/A,unmapped,Python does not compute unlevered depreciation separately
Depreciation,Unlevered Depreciation,Delta,3,Y02H2,1781.8,0.0,-1781.8,-1.0000,Dep!unlevered_depreciation_keur,N/A,unmapped,Python does not compute unlevered depreciation separately
Depreciation,Unlevered Depreciation,Excel,4,Y03H1,1757.6,0.0,-1757.6,0.0000,Dep!unlevered_depreciation_keur,N/A,unmapped,Python does not compute unlevered depreciation separately
Depreciation,Unlevered Depreciation,Python,4,Y03H1,1757.6,0.0,-1757.6,0.0000,Dep!unlevered_depreciation_keur,N/A,unmapped,Python does not compute unlevered depreciation separately
Depreciation,Unlevered Depreciation,Delta,4,Y03H1,1757.6,0.0,-1757.6,-1.0000,Dep!unlevered_depreciation_keur,N/A,unmapped,Python does not compute unlevered depreciation separately
Depreciation,Unlevered Depreciation,Excel,5,Y03H2,1776.9,0.0,-1776.9,0.0000,Dep!unlevered_depreciation_keur,N/A,unmapped,Python does not compute unlevered depreciation separately
Depreciation,Unlevered Depreciation,Python,5,Y03H2,1776.9,0.0,-1776.9,0.0000,Dep!unlevered_depreciation_keur,N/A,unmapped,Python does not compute unlevered depreciation separately
Depreciation,Unlevered Depreciation,Delta,5,Y03H2,1776.9,0.0,-1776.9,-1.0000,Dep!unlevered_depreciation_keur,N/A,unmapped,Python does not compute unlevered depreciation separately
Depreciation,Unlevered Depreciation,Excel,6,Y04H1,1752.8,0.0,-1752.8,0.0000,Dep!unlevered_depreciation_keur,N/A,unmapped,Python does not compute unlevered depreciation separately
Depreciation,Unlevered Depreciation,Python,6,Y04H1,1752.8,0.0,-1752.8,0.0000,Dep!unlevered_depreciation_keur,N/A,unmapped,Python does not compute unlevered depreciation separately
Depreciation,Unlevered Depreciation,Delta,6,Y04H1,1752.8,0.0,-1752.8,-1.0000,Dep!unlevered_depreciation_keur,N/A,unmapped,Python does not compute unlevered depreciation separately
Depreciation,Unlevered Depreciation,Excel,7,Y04H2,1781.8,0.0,-1781.8,0.0000,Dep!unlevered_depreciation_keur,N/A,unmapped,Python does not compute unlevered depreciation separately
Depreciation,Unlevered Depreciation,Python,7,Y04H2,1781.8,0.0,-1781.8,0.0000,Dep!unlevered_depreciation_keur,N/A,unmapped,Python does not compute unlevered depreciation separately
Depreciation,Unlevered Depreciation,Delta,7,Y04H2,1781.8,0.0,-1781.8,-1.0000,Dep!unlevered_depreciation_keur,N/A,unmapped,Python does not compute unlevered depreciation separately
Depreciation,Unlevered Depreciation,Excel,8,Y05H1,1752.8,0.0,-1752.8,0.0000,Dep!unlevered_depreciation_keur,N/A,unmapped,Python does not compute unlevered depreciation separately
Depreciation,Unlevered Depreciation,Python,8,Y05H1,1752.8,0.0,-1752.8,0.0000,Dep!unlevered_depreciation_keur,N/A,unmapped,Python does not compute unlevered depreciation separately
Depreciation,Unlevered Depreciation,Delta,8,Y05H1,1752.8,0.0,-1752.8,-1.0000,Dep!unlevered_depreciation_keur,N/A,unmapped,Python does not compute unlevered depreciation separately
Depreciation,Unlevered Depreciation,Excel,9,Y05H2,1781.8,0.0,-1781.8,0.0000,Dep!unlevered_depreciation_keur,N/A,unmapped,Python does not compute unlevered depreciation separately
Depreciation,Unlevered Depreciation,Python,9,Y05H2,1781.8,0.0,-1781.8,0.0000,Dep!unlevered_depreciation_keur,N/A,unmapped,Python does not compute unlevered depreciation separately
Depreciation,Unlevered Depreciation,Delta,9,Y05H2,1781.8,0.0,-1781.8,-1.0000,Dep!unlevered_depreciation_keur,N/A,unmapped,Python does not compute unlevered depreciation separately
Depreciation,Unlevered Depreciation,Excel,10,Y06H1,1752.8,0.0,-1752.8,0.0000,Dep!unlevered_depreciation_keur,N/A,unmapped,Python does not compute unlevered depreciation separately
Depreciation,Unlevered Depreciation,Python,10,Y06H1,1752.8,0.0,-1752.8,0.0000,Dep!unlevered_depreciation_keur,N/A,unmapped,Python does not compute unlevered depreciation separately
Depreciation,Unlevered Depreciation,Delta,10,Y06H1,1752.8,0.0,-1752.8,-1.0000,Dep!unlevered_depreciation_keur,N/A,unmapped,Python does not compute unlevered depreciation separately
Depreciation,Unlevered Depreciation,Excel,11,Y06H2,1781.8,0.0,-1781.8,0.0000,Dep!unlevered_depreciation_keur,N/A,unmapped,Python does not compute unlevered depreciation separately
Depreciation,Unlevered Depreciation,Python,11,Y06H2,1781.8,0.0,-1781.8,0.0000,Dep!unlevered_depreciation_keur,N/A,unmapped,Python does not compute unlevered depreciation separately
Depreciation,Unlevered Depreciation,Delta,11,Y06H2,1781.8,0.0,-1781.8,-1.0000,Dep!unlevered_depreciation_keur,N/A,unmapped,Python does not compute unlevered depreciation separately
Depreciation,Unlevered Depreciation,Excel,12,Y07H1,1757.6,0.0,-1757.6,0.0000,Dep!unlevered_depreciation_keur,N/A,unmapped,Python does not compute unlevered depreciation separately
Depreciation,Unlevered Depreciation,Python,12,Y07H1,1757.6,0.0,-1757.6,0.0000,Dep!unlevered_depreciation_keur,N/A,unmapped,Python does not compute unlevered depreciation separately
Depreciation,Unlevered Depreciation,Delta,12,Y07H1,1757.6,0.0,-1757.6,-1.0000,Dep!unlevered_depreciation_keur,N/A,unmapped,Python does not compute unlevered depreciation separately
Depreciation,Unlevered Depreciation,Excel,13,Y07H2,1776.9,0.0,-1776.9,0.0000,Dep!unlevered_depreciation_keur,N/A,unmapped,Python does not compute unlevered depreciation separately
Depreciation,Unlevered Depreciation,Python,13,Y07H2,1776.9,0.0,-1776.9,0.0000,Dep!unlevered_depreciation_keur,N/A,unmapped,Python does not compute unlevered depreciation separately
Depreciation,Unlevered Depreciation,Delta,13,Y07H2,1776.9,0.0,-1776.9,-1.0000,Dep!unlevered_depreciation_keur,N/A,unmapped,Python does not compute unlevered depreciation separately
Depreciation,Unlevered Depreciation,Excel,14,Y08H1,1752.8,0.0,-1752.8,0.0000,Dep!unlevered_depreciation_keur,N/A,unmapped,Python does not compute unlevered depreciation separately
Depreciation,Unlevered Depreciation,Python,14,Y08H1,1752.8,0.0,-1752.8,0.0000,Dep!unlevered_depreciation_keur,N/A,unmapped,Python does not compute unlevered depreciation separately
Depreciation,Unlevered Depreciation,Delta,14,Y08H1,1752.8,0.0,-1752.8,-1.0000,Dep!unlevered_depreciation_keur,N/A,unmapped,Python does not compute unlevered depreciation separately
Depreciation,Unlevered Depreciation,Excel,15,Y08H2,1781.8,0.0,-1781.8,0.0000,Dep!unlevered_depreciation_keur,N/A,unmapped,Python does not compute unlevered depreciation separately
Depreciation,Unlevered Depreciation,Python,15,Y08H2,1781.8,0.0,-1781.8,0.0000,Dep!unlevered_depreciation_keur,N/A,unmapped,Python does not compute unlevered depreciation separately
Depreciation,Unlevered Depreciation,Delta,15,Y08H2,1781.8,0.0,-1781.8,-1.0000,Dep!unlevered_depreciation_keur,N/A,unmapped,Python does not compute unlevered depreciation separately
Depreciation,Unlevered Depreciation,Excel,16,Y09H1,1752.8,0.0,-1752.8,0.0000,Dep!unlevered_depreciation_keur,N/A,unmapped,Python does not compute unlevered depreciation separately
Depreciation,Unlevered Depreciation,Python,16,Y09H1,1752.8,0.0,-1752.8,0.0000,Dep!unlevered_depreciation_keur,N/A,unmapped,Python does not compute unlevered depreciation separately
Depreciation,Unlevered Depreciation,Delta,16,Y09H1,1752.8,0.0,-1752.8,-1.0000,Dep!unlevered_depreciation_keur,N/A,unmapped,Python does not compute unlevered depreciation separately
Depreciation,Unlevered Depreciation,Excel,17,Y09H2,1781.8,0.0,-1781.8,0.0000,Dep!unlevered_depreciation_keur,N/A,unmapped,Python does not compute unlevered depreciation separately
Depreciation,Unlevered Depreciation,Python,17,Y09H2,1781.8,0.0,-1781.8,0.0000,Dep!unlevered_depreciation_keur,N/A,unmapped,Python does not compute unlevered depreciation separately
Depreciation,Unlevered Depreciation,Delta,17,Y09H2,1781.8,0.0,-1781.8,-1.0000,Dep!unlevered_depreciation_keur,N/A,unmapped,Python does not compute unlevered depreciation separately
Depreciation,Unlevered Depreciation,Excel,18,Y10H1,1752.8,0.0,-1752.8,0.0000,Dep!unlevered_depreciation_keur,N/A,unmapped,Python does not compute unlevered depreciation separately
Depreciation,Unlevered Depreciation,Python,18,Y10H1,1752.8,0.0,-1752.8,0.0000,Dep!unlevered_depreciation_keur,N/A,unmapped,Python does not compute unlevered depreciation separately
Depreciation,Unlevered Depreciation,Delta,18,Y10H1,1752.8,0.0,-1752.8,-1.0000,Dep!unlevered_depreciation_keur,N/A,unmapped,Python does not compute unlevered depreciation separately
Depreciation,Unlevered Depreciation,Excel,19,Y10H2,1781.8,0.0,-1781.8,0.0000,Dep!unlevered_depreciation_keur,N/A,unmapped,Python does not compute unlevered depreciation separately
Depreciation,Unlevered Depreciation,Python,19,Y10H2,1781.8,0.0,-1781.8,0.0000,Dep!unlevered_depreciation_keur,N/A,unmapped,Python does not compute unlevered depreciation separately
Depreciation,Unlevered Depreciation,Delta,19,Y10H2,1781.8,0.0,-1781.8,-1.0000,Dep!unlevered_depreciation_keur,N/A,unmapped,Python does not compute unlevered depreciation separately
Depreciation,Unlevered Depreciation,Excel,20,Y11H1,1757.6,0.0,-1757.6,0.0000,Dep!unlevered_depreciation_keur,N/A,unmapped,Python does not compute unlevered depreciation separately
Depreciation,Unlevered Depreciation,Python,20,Y11H1,1757.6,0.0,-1757.6,0.0000,Dep!unlevered_depreciation_keur,N/A,unmapped,Python does not compute unlevered depreciation separately
Depreciation,Unlevered Depreciation,Delta,20,Y11H1,1757.6,0.0,-1757.6,-1.0000,Dep!unlevered_depreciation_keur,N/A,unmapped,Python does not compute unlevered depreciation separately
Depreciation,Unlevered Depreciation,Excel,21,Y11H2,1776.9,0.0,-1776.9,0.0000,Dep!unlevered_depreciation_keur,N/A,unmapped,Python does not compute unlevered depreciation separately
Depreciation,Unlevered Depreciation,Python,21,Y11H2,1776.9,0.0,-1776.9,0.0000,Dep!unlevered_depreciation_keur,N/A,unmapped,Python does not compute unlevered depreciation separately
Depreciation,Unlevered Depreciation,Delta,21,Y11H2,1776.9,0.0,-1776.9,-1.0000,Dep!unlevered_depreciation_keur,N/A,unmapped,Python does not compute unlevered depreciation separately
Depreciation,Unlevered Depreciation,Excel,22,Y12H1,1752.8,0.0,-1752.8,0.0000,Dep!unlevered_depreciation_keur,N/A,unmapped,Python does not compute unlevered depreciation separately
Depreciation,Unlevered Depreciation,Python,22,Y12H1,1752.8,0.0,-1752.8,0.0000,Dep!unlevered_depreciation_keur,N/A,unmapped,Python does not compute unlevered depreciation separately
Depreciation,Unlevered Depreciation,Delta,22,Y12H1,1752.8,0.0,-1752.8,-1.0000,Dep!unlevered_depreciation_keur,N/A,unmapped,Python does not compute unlevered depreciation separately
Depreciation,Unlevered Depreciation,Excel,23,Y12H2,1781.8,0.0,-1781.8,0.0000,Dep!unlevered_depreciation_keur,N/A,unmapped,Python does not compute unlevered depreciation separately
Depreciation,Unlevered Depreciation,Python,23,Y12H2,1781.8,0.0,-1781.8,0.0000,Dep!unlevered_depreciation_keur,N/A,unmapped,Python does not compute unlevered depreciation separately
Depreciation,Unlevered Depreciation,Delta,23,Y12H2,1781.8,0.0,-1781.8,-1.0000,Dep!unlevered_depreciation_keur,N/A,unmapped,Python does not compute unlevered depreciation separately
Depreciation,Unlevered Depreciation,Excel,24,Y13H1,1752.8,0.0,-1752.8,0.0000,Dep!unlevered_depreciation_keur,N/A,unmapped,Python does not compute unlevered depreciation separately
Depreciation,Unlevered Depreciation,Python,24,Y13H1,1752.8,0.0,-1752.8,0.0000,Dep!unlevered_depreciation_keur,N/A,unmapped,Python does not compute unlevered depreciation separately
Depreciation,Unlevered Depreciation,Delta,24,Y13H1,1752.8,0.0,-1752.8,-1.0000,Dep!unlevered_depreciation_keur,N/A,unmapped,Python does not compute unlevered depreciation separately
Depreciation,Unlevered Depreciation,Excel,25,Y13H2,1781.8,0.0,-1781.8,0.0000,Dep!unlevered_depreciation_keur,N/A,unmapped,Python does not compute unlevered depreciation separately
Depreciation,Unlevered Depreciation,Python,25,Y13H2,1781.8,0.0,-1781.8,0.0000,Dep!unlevered_depreciation_keur,N/A,unmapped,Python does not compute unlevered depreciation separately
Depreciation,Unlevered Depreciation,Delta,25,Y13H2,1781.8,0.0,-1781.8,-1.0000,Dep!unlevered_depreciation_keur,N/A,unmapped,Python does not compute unlevered depreciation separately
Depreciation,Unlevered Depreciation,Excel,26,Y14H1,1752.8,0.0,-1752.8,0.0000,Dep!unlevered_depreciation_keur,N/A,unmapped,Python does not compute unlevered depreciation separately
Depreciation,Unlevered Depreciation,Python,26,Y14H1,1752.8,0.0,-1752.8,0.0000,Dep!unlevered_depreciation_keur,N/A,unmapped,Python does not compute unlevered depreciation separately
Depreciation,Unlevered Depreciation,Delta,26,Y14H1,1752.8,0.0,-1752.8,-1.0000,Dep!unlevered_depreciation_keur,N/A,unmapped,Python does not compute unlevered depreciation separately
Depreciation,Unlevered Depreciation,Excel,27,Y14H2,1781.8,0.0,-1781.8,0.0000,Dep!unlevered_depreciation_keur,N/A,unmapped,Python does not compute unlevered depreciation separately
Depreciation,Unlevered Depreciation,Python,27,Y14H2,1781.8,0.0,-1781.8,0.0000,Dep!unlevered_depreciation_keur,N/A,unmapped,Python does not compute unlevered depreciation separately
Depreciation,Unlevered Depreciation,Delta,27,Y14H2,1781.8,0.0,-1781.8,-1.0000,Dep!unlevered_depreciation_keur,N/A,unmapped,Python does not compute unlevered depreciation separately
Depreciation,Unlevered Depreciation,Excel,28,Y15H1,1757.6,0.0,-1757.6,0.0000,Dep!unlevered_depreciation_keur,N/A,unmapped,Python does not compute unlevered depreciation separately
Depreciation,Unlevered Depreciation,Python,28,Y15H1,1757.6,0.0,-1757.6,0.0000,Dep!unlevered_depreciation_keur,N/A,unmapped,Python does not compute unlevered depreciation separately
Depreciation,Unlevered Depreciation,Delta,28,Y15H1,1757.6,0.0,-1757.6,-1.0000,Dep!unlevered_depreciation_keur,N/A,unmapped,Python does not compute unlevered depreciation separately
Depreciation,Unlevered Depreciation,Excel,29,Y15H2,1776.9,0.0,-1776.9,0.0000,Dep!unlevered_depreciation_keur,N/A,unmapped,Python does not compute unlevered depreciation separately
Depreciation,Unlevered Depreciation,Python,29,Y15H2,1776.9,0.0,-1776.9,0.0000,Dep!unlevered_depreciation_keur,N/A,unmapped,Python does not compute unlevered depreciation separately
Depreciation,Unlevered Depreciation,Delta,29,Y15H2,1776.9,0.0,-1776.9,-1.0000,Dep!unlevered_depreciation_keur,N/A,unmapped,Python does not compute unlevered depreciation separately
Depreciation,Unlevered Depreciation,Excel,30,Y16H1,1752.8,0.0,-1752.8,0.0000,Dep!unlevered_depreciation_keur,N/A,unmapped,Python does not compute unlevered depreciation separately
Depreciation,Unlevered Depreciation,Python,30,Y16H1,1752.8,0.0,-1752.8,0.0000,Dep!unlevered_depreciation_keur,N/A,unmapped,Python does not compute unlevered depreciation separately
Depreciation,Unlevered Depreciation,Delta,30,Y16H1,1752.8,0.0,-1752.8,-1.0000,Dep!unlevered_depreciation_keur,N/A,unmapped,Python does not compute unlevered depreciation separately
Depreciation,Unlevered Depreciation,Excel,31,Y16H2,1781.8,0.0,-1781.8,0.0000,Dep!unlevered_depreciation_keur,N/A,unmapped,Python does not compute unlevered depreciation separately
Depreciation,Unlevered Depreciation,Python,31,Y16H2,1781.8,0.0,-1781.8,0.0000,Dep!unlevered_depreciation_keur,N/A,unmapped,Python does not compute unlevered depreciation separately
Depreciation,Unlevered Depreciation,Delta,31,Y16H2,1781.8,0.0,-1781.8,-1.0000,Dep!unlevered_depreciation_keur,N/A,unmapped,Python does not compute unlevered depreciation separately
Depreciation,Unlevered Depreciation,Excel,32,Y17H1,1752.8,0.0,-1752.8,0.0000,Dep!unlevered_depreciation_keur,N/A,unmapped,Python does not compute unlevered depreciation separately
Depreciation,Unlevered Depreciation,Python,32,Y17H1,1752.8,0.0,-1752.8,0.0000,Dep!unlevered_depreciation_keur,N/A,unmapped,Python does not compute unlevered depreciation separately
Depreciation,Unlevered Depreciation,Delta,32,Y17H1,1752.8,0.0,-1752.8,-1.0000,Dep!unlevered_depreciation_keur,N/A,unmapped,Python does not compute unlevered depreciation separately
Depreciation,Unlevered Depreciation,Excel,33,Y17H2,1781.8,0.0,-1781.8,0.0000,Dep!unlevered_depreciation_keur,N/A,unmapped,Python does not compute unlevered depreciation separately
Depreciation,Unlevered Depreciation,Python,33,Y17H2,1781.8,0.0,-1781.8,0.0000,Dep!unlevered_depreciation_keur,N/A,unmapped,Python does not compute unlevered depreciation separately
Depreciation,Unlevered Depreciation,Delta,33,Y17H2,1781.8,0.0,-1781.8,-1.0000,Dep!unlevered_depreciation_keur,N/A,unmapped,Python does not compute unlevered depreciation separately
Depreciation,Unlevered Depreciation,Excel,34,Y18H1,1752.8,0.0,-1752.8,0.0000,Dep!unlevered_depreciation_keur,N/A,unmapped,Python does not compute unlevered depreciation separately
Depreciation,Unlevered Depreciation,Python,34,Y18H1,1752.8,0.0,-1752.8,0.0000,Dep!unlevered_depreciation_keur,N/A,unmapped,Python does not compute unlevered depreciation separately
Depreciation,Unlevered Depreciation,Delta,34,Y18H1,1752.8,0.0,-1752.8,-1.0000,Dep!unlevered_depreciation_keur,N/A,unmapped,Python does not compute unlevered depreciation separately
Depreciation,Unlevered Depreciation,Excel,35,Y18H2,1781.8,0.0,-1781.8,0.0000,Dep!unlevered_depreciation_keur,N/A,unmapped,Python does not compute unlevered depreciation separately
Depreciation,Unlevered Depreciation,Python,35,Y18H2,1781.8,0.0,-1781.8,0.0000,Dep!unlevered_depreciation_keur,N/A,unmapped,Python does not compute unlevered depreciation separately
Depreciation,Unlevered Depreciation,Delta,35,Y18H2,1781.8,0.0,-1781.8,-1.0000,Dep!unlevered_depreciation_keur,N/A,unmapped,Python does not compute unlevered depreciation separately
Depreciation,Unlevered Depreciation,Excel,36,Y19H1,1757.6,0.0,-1757.6,0.0000,Dep!unlevered_depreciation_keur,N/A,unmapped,Python does not compute unlevered depreciation separately
Depreciation,Unlevered Depreciation,Python,36,Y19H1,1757.6,0.0,-1757.6,0.0000,Dep!unlevered_depreciation_keur,N/A,unmapped,Python does not compute unlevered depreciation separately
Depreciation,Unlevered Depreciation,Delta,36,Y19H1,1757.6,0.0,-1757.6,-1.0000,Dep!unlevered_depreciation_keur,N/A,unmapped,Python does not compute unlevered depreciation separately
Depreciation,Unlevered Depreciation,Excel,37,Y19H2,1776.9,0.0,-1776.9,0.0000,Dep!unlevered_depreciation_keur,N/A,unmapped,Python does not compute unlevered depreciation separately
Depreciation,Unlevered Depreciation,Python,37,Y19H2,1776.9,0.0,-1776.9,0.0000,Dep!unlevered_depreciation_keur,N/A,unmapped,Python does not compute unlevered depreciation separately
Depreciation,Unlevered Depreciation,Delta,37,Y19H2,1776.9,0.0,-1776.9,-1.0000,Dep!unlevered_depreciation_keur,N/A,unmapped,Python does not compute unlevered depreciation separately
Depreciation,Unlevered Depreciation,Excel,38,Y20H1,1752.8,0.0,-1752.8,0.0000,Dep!unlevered_depreciation_keur,N/A,unmapped,Python does not compute unlevered depreciation separately
Depreciation,Unlevered Depreciation,Python,38,Y20H1,1752.8,0.0,-1752.8,0.0000,Dep!unlevered_depreciation_keur,N/A,unmapped,Python does not compute unlevered depreciation separately
Depreciation,Unlevered Depreciation,Delta,38,Y20H1,1752.8,0.0,-1752.8,-1.0000,Dep!unlevered_depreciation_keur,N/A,unmapped,Python does not compute unlevered depreciation separately
Depreciation,Unlevered Depreciation,Excel,39,Y20H2,1781.8,0.0,-1781.8,0.0000,Dep!unlevered_depreciation_keur,N/A,unmapped,Python does not compute unlevered depreciation separately
Depreciation,Unlevered Depreciation,Python,39,Y20H2,1781.8,0.0,-1781.8,0.0000,Dep!unlevered_depreciation_keur,N/A,unmapped,Python does not compute unlevered depreciation separately
Depreciation,Unlevered Depreciation,Delta,39,Y20H2,1781.8,0.0,-1781.8,-1.0000,Dep!unlevered_depreciation_keur,N/A,unmapped,Python does not compute unlevered depreciation separately
Depreciation,Unlevered Depreciation,Excel,40,Y21H1,0.0,0.0,0.0,0.0000,Dep!unlevered_depreciation_keur,N/A,unmapped,Python does not compute unlevered depreciation separately
Depreciation,Unlevered Depreciation,Python,40,Y21H1,0.0,0.0,0.0,0.0000,Dep!unlevered_depreciation_keur,N/A,unmapped,Python does not compute unlevered depreciation separately
Depreciation,Unlevered Depreciation,Delta,40,Y21H1,0.0,0.0,0.0,0.0000,Dep!unlevered_depreciation_keur,N/A,unmapped,Python does not compute unlevered depreciation separately
Depreciation,Unlevered Depreciation,Excel,41,Y21H2,0.0,0.0,0.0,0.0000,Dep!unlevered_depreciation_keur,N/A,unmapped,Python does not compute unlevered depreciation separately
Depreciation,Unlevered Depreciation,Python,41,Y21H2,0.0,0.0,0.0,0.0000,Dep!unlevered_depreciation_keur,N/A,unmapped,Python does not compute unlevered depreciation separately
Depreciation,Unlevered Depreciation,Delta,41,Y21H2,0.0,0.0,0.0,0.0000,Dep!unlevered_depreciation_keur,N/A,unmapped,Python does not compute unlevered depreciation separately
Depreciation,Unlevered Depreciation,Excel,42,Y22H1,0.0,0.0,0.0,0.0000,Dep!unlevered_depreciation_keur,N/A,unmapped,Python does not compute unlevered depreciation separately
Depreciation,Unlevered Depreciation,Python,42,Y22H1,0.0,0.0,0.0,0.0000,Dep!unlevered_depreciation_keur,N/A,unmapped,Python does not compute unlevered depreciation separately
Depreciation,Unlevered Depreciation,Delta,42,Y22H1,0.0,0.0,0.0,0.0000,Dep!unlevered_depreciation_keur,N/A,unmapped,Python does not compute unlevered depreciation separately
Depreciation,Unlevered Depreciation,Excel,43,Y22H2,0.0,0.0,0.0,0.0000,Dep!unlevered_depreciation_keur,N/A,unmapped,Python does not compute unlevered depreciation separately
Depreciation,Unlevered Depreciation,Python,43,Y22H2,0.0,0.0,0.0,0.0000,Dep!unlevered_depreciation_keur,N/A,unmapped,Python does not compute unlevered depreciation separately
Depreciation,Unlevered Depreciation,Delta,43,Y22H2,0.0,0.0,0.0,0.0000,Dep!unlevered_depreciation_keur,N/A,unmapped,Python does not compute unlevered depreciation separately
Depreciation,Unlevered Depreciation,Excel,44,Y23H1,0.0,0.0,0.0,0.0000,Dep!unlevered_depreciation_keur,N/A,unmapped,Python does not compute unlevered depreciation separately
Depreciation,Unlevered Depreciation,Python,44,Y23H1,0.0,0.0,0.0,0.0000,Dep!unlevered_depreciation_keur,N/A,unmapped,Python does not compute unlevered depreciation separately
Depreciation,Unlevered Depreciation,Delta,44,Y23H1,0.0,0.0,0.0,0.0000,Dep!unlevered_depreciation_keur,N/A,unmapped,Python does not compute unlevered depreciation separately
Depreciation,Unlevered Depreciation,Excel,45,Y23H2,0.0,0.0,0.0,0.0000,Dep!unlevered_depreciation_keur,N/A,unmapped,Python does not compute unlevered depreciation separately
Depreciation,Unlevered Depreciation,Python,45,Y23H2,0.0,0.0,0.0,0.0000,Dep!unlevered_depreciation_keur,N/A,unmapped,Python does not compute unlevered depreciation separately
Depreciation,Unlevered Depreciation,Delta,45,Y23H2,0.0,0.0,0.0,0.0000,Dep!unlevered_depreciation_keur,N/A,unmapped,Python does not compute unlevered depreciation separately
Depreciation,Unlevered Depreciation,Excel,46,Y24H1,0.0,0.0,0.0,0.0000,Dep!unlevered_depreciation_keur,N/A,unmapped,Python does not compute unlevered depreciation separately
Depreciation,Unlevered Depreciation,Python,46,Y24H1,0.0,0.0,0.0,0.0000,Dep!unlevered_depreciation_keur,N/A,unmapped,Python does not compute unlevered depreciation separately
Depreciation,Unlevered Depreciation,Delta,46,Y24H1,0.0,0.0,0.0,0.0000,Dep!unlevered_depreciation_keur,N/A,unmapped,Python does not compute unlevered depreciation separately
Depreciation,Unlevered Depreciation,Excel,47,Y24H2,0.0,0.0,0.0,0.0000,Dep!unlevered_depreciation_keur,N/A,unmapped,Python does not compute unlevered depreciation separately
Depreciation,Unlevered Depreciation,Python,47,Y24H2,0.0,0.0,0.0,0.0000,Dep!unlevered_depreciation_keur,N/A,unmapped,Python does not compute unlevered depreciation separately
Depreciation,Unlevered Depreciation,Delta,47,Y24H2,0.0,0.0,0.0,0.0000,Dep!unlevered_depreciation_keur,N/A,unmapped,Python does not compute unlevered depreciation separately
Depreciation,Unlevered Depreciation,Excel,48,Y25H1,0.0,0.0,0.0,0.0000,Dep!unlevered_depreciation_keur,N/A,unmapped,Python does not compute unlevered depreciation separately
Depreciation,Unlevered Depreciation,Python,48,Y25H1,0.0,0.0,0.0,0.0000,Dep!unlevered_depreciation_keur,N/A,unmapped,Python does not compute unlevered depreciation separately
Depreciation,Unlevered Depreciation,Delta,48,Y25H1,0.0,0.0,0.0,0.0000,Dep!unlevered_depreciation_keur,N/A,unmapped,Python does not compute unlevered depreciation separately
Depreciation,Unlevered Depreciation,Excel,49,Y25H2,0.0,0.0,0.0,0.0000,Dep!unlevered_depreciation_keur,N/A,unmapped,Python does not compute unlevered depreciation separately
Depreciation,Unlevered Depreciation,Python,49,Y25H2,0.0,0.0,0.0,0.0000,Dep!unlevered_depreciation_keur,N/A,unmapped,Python does not compute unlevered depreciation separately
Depreciation,Unlevered Depreciation,Delta,49,Y25H2,0.0,0.0,0.0,0.0000,Dep!unlevered_depreciation_keur,N/A,unmapped,Python does not compute unlevered depreciation separately
Depreciation,Unlevered Depreciation,Excel,50,Y26H1,0.0,0.0,0.0,0.0000,Dep!unlevered_depreciation_keur,N/A,unmapped,Python does not compute unlevered depreciation separately
Depreciation,Unlevered Depreciation,Python,50,Y26H1,0.0,0.0,0.0,0.0000,Dep!unlevered_depreciation_keur,N/A,unmapped,Python does not compute unlevered depreciation separately
Depreciation,Unlevered Depreciation,Delta,50,Y26H1,0.0,0.0,0.0,0.0000,Dep!unlevered_depreciation_keur,N/A,unmapped,Python does not compute unlevered depreciation separately
Depreciation,Unlevered Depreciation,Excel,51,Y26H2,0.0,0.0,0.0,0.0000,Dep!unlevered_depreciation_keur,N/A,unmapped,Python does not compute unlevered depreciation separately
Depreciation,Unlevered Depreciation,Python,51,Y26H2,0.0,0.0,0.0,0.0000,Dep!unlevered_depreciation_keur,N/A,unmapped,Python does not compute unlevered depreciation separately
Depreciation,Unlevered Depreciation,Delta,51,Y26H2,0.0,0.0,0.0,0.0000,Dep!unlevered_depreciation_keur,N/A,unmapped,Python does not compute unlevered depreciation separately
Depreciation,Unlevered Depreciation,Excel,52,Y27H1,0.0,0.0,0.0,0.0000,Dep!unlevered_depreciation_keur,N/A,unmapped,Python does not compute unlevered depreciation separately
Depreciation,Unlevered Depreciation,Python,52,Y27H1,0.0,0.0,0.0,0.0000,Dep!unlevered_depreciation_keur,N/A,unmapped,Python does not compute unlevered depreciation separately
Depreciation,Unlevered Depreciation,Delta,52,Y27H1,0.0,0.0,0.0,0.0000,Dep!unlevered_depreciation_keur,N/A,unmapped,Python does not compute unlevered depreciation separately
Depreciation,Unlevered Depreciation,Excel,53,Y27H2,0.0,0.0,0.0,0.0000,Dep!unlevered_depreciation_keur,N/A,unmapped,Python does not compute unlevered depreciation separately
Depreciation,Unlevered Depreciation,Python,53,Y27H2,0.0,0.0,0.0,0.0000,Dep!unlevered_depreciation_keur,N/A,unmapped,Python does not compute unlevered depreciation separately
Depreciation,Unlevered Depreciation,Delta,53,Y27H2,0.0,0.0,0.0,0.0000,Dep!unlevered_depreciation_keur,N/A,unmapped,Python does not compute unlevered depreciation separately
Depreciation,Unlevered Depreciation,Excel,54,Y28H1,0.0,0.0,0.0,0.0000,Dep!unlevered_depreciation_keur,N/A,unmapped,Python does not compute unlevered depreciation separately
Depreciation,Unlevered Depreciation,Python,54,Y28H1,0.0,0.0,0.0,0.0000,Dep!unlevered_depreciation_keur,N/A,unmapped,Python does not compute unlevered depreciation separately
Depreciation,Unlevered Depreciation,Delta,54,Y28H1,0.0,0.0,0.0,0.0000,Dep!unlevered_depreciation_keur,N/A,unmapped,Python does not compute unlevered depreciation separately
Depreciation,Unlevered Depreciation,Excel,55,Y28H2,0.0,0.0,0.0,0.0000,Dep!unlevered_depreciation_keur,N/A,unmapped,Python does not compute unlevered depreciation separately
Depreciation,Unlevered Depreciation,Python,55,Y28H2,0.0,0.0,0.0,0.0000,Dep!unlevered_depreciation_keur,N/A,unmapped,Python does not compute unlevered depreciation separately
Depreciation,Unlevered Depreciation,Delta,55,Y28H2,0.0,0.0,0.0,0.0000,Dep!unlevered_depreciation_keur,N/A,unmapped,Python does not compute unlevered depreciation separately
Depreciation,Unlevered Depreciation,Excel,56,Y29H1,0.0,0.0,0.0,0.0000,Dep!unlevered_depreciation_keur,N/A,unmapped,Python does not compute unlevered depreciation separately
Depreciation,Unlevered Depreciation,Python,56,Y29H1,0.0,0.0,0.0,0.0000,Dep!unlevered_depreciation_keur,N/A,unmapped,Python does not compute unlevered depreciation separately
Depreciation,Unlevered Depreciation,Delta,56,Y29H1,0.0,0.0,0.0,0.0000,Dep!unlevered_depreciation_keur,N/A,unmapped,Python does not compute unlevered depreciation separately
Depreciation,Unlevered Depreciation,Excel,57,Y29H2,0.0,0.0,0.0,0.0000,Dep!unlevered_depreciation_keur,N/A,unmapped,Python does not compute unlevered depreciation separately
Depreciation,Unlevered Depreciation,Python,57,Y29H2,0.0,0.0,0.0,0.0000,Dep!unlevered_depreciation_keur,N/A,unmapped,Python does not compute unlevered depreciation separately
Depreciation,Unlevered Depreciation,Delta,57,Y29H2,0.0,0.0,0.0,0.0000,Dep!unlevered_depreciation_keur,N/A,unmapped,Python does not compute unlevered depreciation separately
Depreciation,Unlevered Depreciation,Excel,58,Y30H1,0.0,0.0,0.0,0.0000,Dep!unlevered_depreciation_keur,N/A,unmapped,Python does not compute unlevered depreciation separately
Depreciation,Unlevered Depreciation,Python,58,Y30H1,0.0,0.0,0.0,0.0000,Dep!unlevered_depreciation_keur,N/A,unmapped,Python does not compute unlevered depreciation separately
Depreciation,Unlevered Depreciation,Delta,58,Y30H1,0.0,0.0,0.0,0.0000,Dep!unlevered_depreciation_keur,N/A,unmapped,Python does not compute unlevered depreciation separately
Depreciation,Unlevered Depreciation,Excel,59,Y30H2,0.0,0.0,0.0,0.0000,Dep!unlevered_depreciation_keur,N/A,unmapped,Python does not compute unlevered depreciation separately
Depreciation,Unlevered Depreciation,Python,59,Y30H2,0.0,0.0,0.0,0.0000,Dep!unlevered_depreciation_keur,N/A,unmapped,Python does not compute unlevered depreciation separately
Depreciation,Unlevered Depreciation,Delta,59,Y30H2,0.0,0.0,0.0,0.0000,Dep!unlevered_depreciation_keur,N/A,unmapped,Python does not compute unlevered depreciation separately
Senior Debt,Senior Interest,Excel,0,Y01H1,1297.1,1246.6,-50.5,0.0000,DS!senior_net_interest_keur,result.periods[i].interest_senior_keur,exact,
Senior Debt,Senior Interest,Python,0,Y01H1,1297.1,1246.6,-50.5,0.0000,DS!senior_net_interest_keur,result.periods[i].interest_senior_keur,exact,
Senior Debt,Senior Interest,Delta,0,Y01H1,1297.1,1246.6,-50.5,-0.0389,DS!senior_net_interest_keur,result.periods[i].interest_senior_keur,exact,
Senior Debt,Senior Interest,Excel,1,Y01H2,1293.7,1225.2,-68.4,0.0000,DS!senior_net_interest_keur,result.periods[i].interest_senior_keur,exact,
Senior Debt,Senior Interest,Python,1,Y01H2,1293.7,1225.2,-68.4,0.0000,DS!senior_net_interest_keur,result.periods[i].interest_senior_keur,exact,
Senior Debt,Senior Interest,Delta,1,Y01H2,1293.7,1225.2,-68.4,-0.0529,DS!senior_net_interest_keur,result.periods[i].interest_senior_keur,exact,
Senior Debt,Senior Interest,Excel,2,Y02H1,1246.9,1202.3,-44.6,0.0000,DS!senior_net_interest_keur,result.periods[i].interest_senior_keur,exact,
Senior Debt,Senior Interest,Python,2,Y02H1,1246.9,1202.3,-44.6,0.0000,DS!senior_net_interest_keur,result.periods[i].interest_senior_keur,exact,
Senior Debt,Senior Interest,Delta,2,Y02H1,1246.9,1202.3,-44.6,-0.0358,DS!senior_net_interest_keur,result.periods[i].interest_senior_keur,exact,
Senior Debt,Senior Interest,Excel,3,Y02H2,1240.3,1179.0,-61.2,0.0000,DS!senior_net_interest_keur,result.periods[i].interest_senior_keur,exact,
Senior Debt,Senior Interest,Python,3,Y02H2,1240.3,1179.0,-61.2,0.0000,DS!senior_net_interest_keur,result.periods[i].interest_senior_keur,exact,
Senior Debt,Senior Interest,Delta,3,Y02H2,1240.3,1179.0,-61.2,-0.0494,DS!senior_net_interest_keur,result.periods[i].interest_senior_keur,exact,
Senior Debt,Senior Interest,Excel,4,Y03H1,1198.5,1154.1,-44.4,0.0000,DS!senior_net_interest_keur,result.periods[i].interest_senior_keur,exact,
Senior Debt,Senior Interest,Python,4,Y03H1,1198.5,1154.1,-44.4,0.0000,DS!senior_net_interest_keur,result.periods[i].interest_senior_keur,exact,
Senior Debt,Senior Interest,Delta,4,Y03H1,1198.5,1154.1,-44.4,-0.0370,DS!senior_net_interest_keur,result.periods[i].interest_senior_keur,exact,
Senior Debt,Senior Interest,Excel,5,Y03H2,1182.9,1128.6,-54.3,0.0000,DS!senior_net_interest_keur,result.periods[i].interest_senior_keur,exact,
Senior Debt,Senior Interest,Python,5,Y03H2,1182.9,1128.6,-54.3,0.0000,DS!senior_net_interest_keur,result.periods[i].interest_senior_keur,exact,
Senior Debt,Senior Interest,Delta,5,Y03H2,1182.9,1128.6,-54.3,-0.0459,DS!senior_net_interest_keur,result.periods[i].interest_senior_keur,exact,
Senior Debt,Senior Interest,Excel,6,Y04H1,1134.1,1101.8,-32.4,0.0000,DS!senior_net_interest_keur,result.periods[i].interest_senior_keur,exact,
Senior Debt,Senior Interest,Python,6,Y04H1,1134.1,1101.8,-32.4,0.0000,DS!senior_net_interest_keur,result.periods[i].interest_senior_keur,exact,
Senior Debt,Senior Interest,Delta,6,Y04H1,1134.1,1101.8,-32.4,-0.0286,DS!senior_net_interest_keur,result.periods[i].interest_senior_keur,exact,
Senior Debt,Senior Interest,Excel,7,Y04H2,1121.5,1074.2,-47.2,0.0000,DS!senior_net_interest_keur,result.periods[i].interest_senior_keur,exact,
Senior Debt,Senior Interest,Python,7,Y04H2,1121.5,1074.2,-47.2,0.0000,DS!senior_net_interest_keur,result.periods[i].interest_senior_keur,exact,
Senior Debt,Senior Interest,Delta,7,Y04H2,1121.5,1074.2,-47.2,-0.0421,DS!senior_net_interest_keur,result.periods[i].interest_senior_keur,exact,
Senior Debt,Senior Interest,Excel,8,Y05H1,1070.8,1044.9,-25.9,0.0000,DS!senior_net_interest_keur,result.periods[i].interest_senior_keur,exact,
Senior Debt,Senior Interest,Python,8,Y05H1,1070.8,1044.9,-25.9,0.0000,DS!senior_net_interest_keur,result.periods[i].interest_senior_keur,exact,
Senior Debt,Senior Interest,Delta,8,Y05H1,1070.8,1044.9,-25.9,-0.0241,DS!senior_net_interest_keur,result.periods[i].interest_senior_keur,exact,
Senior Debt,Senior Interest,Excel,9,Y05H2,1054.3,1015.1,-39.2,0.0000,DS!senior_net_interest_keur,result.periods[i].interest_senior_keur,exact,
Senior Debt,Senior Interest,Python,9,Y05H2,1054.3,1015.1,-39.2,0.0000,DS!senior_net_interest_keur,result.periods[i].interest_senior_keur,exact,
Senior Debt,Senior Interest,Delta,9,Y05H2,1054.3,1015.1,-39.2,-0.0371,DS!senior_net_interest_keur,result.periods[i].interest_senior_keur,exact,
Senior Debt,Senior Interest,Excel,10,Y06H1,1001.9,983.6,-18.4,0.0000,DS!senior_net_interest_keur,result.periods[i].interest_senior_keur,exact,
Senior Debt,Senior Interest,Python,10,Y06H1,1001.9,983.6,-18.4,0.0000,DS!senior_net_interest_keur,result.periods[i].interest_senior_keur,exact,
Senior Debt,Senior Interest,Delta,10,Y06H1,1001.9,983.6,-18.4,-0.0183,DS!senior_net_interest_keur,result.periods[i].interest_senior_keur,exact,
Senior Debt,Senior Interest,Excel,11,Y06H2,982.4,950.9,-31.5,0.0000,DS!senior_net_interest_keur,result.periods[i].interest_senior_keur,exact,
Senior Debt,Senior Interest,Python,11,Y06H2,982.4,950.9,-31.5,0.0000,DS!senior_net_interest_keur,result.periods[i].interest_senior_keur,exact,
Senior Debt,Senior Interest,Delta,11,Y06H2,982.4,950.9,-31.5,-0.0321,DS!senior_net_interest_keur,result.periods[i].interest_senior_keur,exact,
Senior Debt,Senior Interest,Excel,12,Y07H1,934.3,916.3,-18.0,0.0000,DS!senior_net_interest_keur,result.periods[i].interest_senior_keur,exact,
Senior Debt,Senior Interest,Python,12,Y07H1,934.3,916.3,-18.0,0.0000,DS!senior_net_interest_keur,result.periods[i].interest_senior_keur,exact,
Senior Debt,Senior Interest,Delta,12,Y07H1,934.3,916.3,-18.0,-0.0193,DS!senior_net_interest_keur,result.periods[i].interest_senior_keur,exact,
Senior Debt,Senior Interest,Excel,13,Y07H2,904.8,880.4,-24.4,0.0000,DS!senior_net_interest_keur,result.periods[i].interest_senior_keur,exact,
Senior Debt,Senior Interest,Python,13,Y07H2,904.8,880.4,-24.4,0.0000,DS!senior_net_interest_keur,result.periods[i].interest_senior_keur,exact,
Senior Debt,Senior Interest,Delta,13,Y07H2,904.8,880.4,-24.4,-0.0270,DS!senior_net_interest_keur,result.periods[i].interest_senior_keur,exact,
Senior Debt,Senior Interest,Excel,14,Y08H1,849.2,842.8,-6.5,0.0000,DS!senior_net_interest_keur,result.periods[i].interest_senior_keur,exact,
Senior Debt,Senior Interest,Python,14,Y08H1,849.2,842.8,-6.5,0.0000,DS!senior_net_interest_keur,result.periods[i].interest_senior_keur,exact,
Senior Debt,Senior Interest,Delta,14,Y08H1,849.2,842.8,-6.5,-0.0076,DS!senior_net_interest_keur,result.periods[i].interest_senior_keur,exact,
Senior Debt,Senior Interest,Excel,15,Y08H2,819.6,803.7,-15.8,0.0000,DS!senior_net_interest_keur,result.periods[i].interest_senior_keur,exact,
Senior Debt,Senior Interest,Python,15,Y08H2,819.6,803.7,-15.8,0.0000,DS!senior_net_interest_keur,result.periods[i].interest_senior_keur,exact,
Senior Debt,Senior Interest,Delta,15,Y08H2,819.6,803.7,-15.8,-0.0193,DS!senior_net_interest_keur,result.periods[i].interest_senior_keur,exact,
Senior Debt,Senior Interest,Excel,16,Y09H1,761.1,762.5,1.4,0.0000,DS!senior_net_interest_keur,result.periods[i].interest_senior_keur,exact,
Senior Debt,Senior Interest,Python,16,Y09H1,761.1,762.5,1.4,0.0000,DS!senior_net_interest_keur,result.periods[i].interest_senior_keur,exact,
Senior Debt,Senior Interest,Delta,16,Y09H1,761.1,762.5,1.4,0.0018,DS!senior_net_interest_keur,result.periods[i].interest_senior_keur,exact,
Senior Debt,Senior Interest,Excel,17,Y09H2,725.7,719.9,-5.8,0.0000,DS!senior_net_interest_keur,result.periods[i].interest_senior_keur,exact,
Senior Debt,Senior Interest,Python,17,Y09H2,725.7,719.9,-5.8,0.0000,DS!senior_net_interest_keur,result.periods[i].interest_senior_keur,exact,
Senior Debt,Senior Interest,Delta,17,Y09H2,725.7,719.9,-5.8,-0.0080,DS!senior_net_interest_keur,result.periods[i].interest_senior_keur,exact,
Senior Debt,Senior Interest,Excel,18,Y10H1,664.3,674.9,10.6,0.0000,DS!senior_net_interest_keur,result.periods[i].interest_senior_keur,exact,
Senior Debt,Senior Interest,Python,18,Y10H1,664.3,674.9,10.6,0.0000,DS!senior_net_interest_keur,result.periods[i].interest_senior_keur,exact,
Senior Debt,Senior Interest,Delta,18,Y10H1,664.3,674.9,10.6,0.0160,DS!senior_net_interest_keur,result.periods[i].interest_senior_keur,exact,
Senior Debt,Senior Interest,Excel,19,Y10H2,622.7,628.5,5.8,0.0000,DS!senior_net_interest_keur,result.periods[i].interest_senior_keur,exact,
Senior Debt,Senior Interest,Python,19,Y10H2,622.7,628.5,5.8,0.0000,DS!senior_net_interest_keur,result.periods[i].interest_senior_keur,exact,
Senior Debt,Senior Interest,Delta,19,Y10H2,622.7,628.5,5.8,0.0094,DS!senior_net_interest_keur,result.periods[i].interest_senior_keur,exact,
Senior Debt,Senior Interest,Excel,20,Y11H1,561.4,579.7,18.3,0.0000,DS!senior_net_interest_keur,result.periods[i].interest_senior_keur,exact,
Senior Debt,Senior Interest,Python,20,Y11H1,561.4,579.7,18.3,0.0000,DS!senior_net_interest_keur,result.periods[i].interest_senior_keur,exact,
Senior Debt,Senior Interest,Delta,20,Y11H1,561.4,579.7,18.3,0.0325,DS!senior_net_interest_keur,result.periods[i].interest_senior_keur,exact,
Senior Debt,Senior Interest,Excel,21,Y11H2,510.6,529.2,18.6,0.0000,DS!senior_net_interest_keur,result.periods[i].interest_senior_keur,exact,
Senior Debt,Senior Interest,Python,21,Y11H2,510.6,529.2,18.6,0.0000,DS!senior_net_interest_keur,result.periods[i].interest_senior_keur,exact,
Senior Debt,Senior Interest,Delta,21,Y11H2,510.6,529.2,18.6,0.0364,DS!senior_net_interest_keur,result.periods[i].interest_senior_keur,exact,
Senior Debt,Senior Interest,Excel,22,Y12H1,443.9,476.4,32.6,0.0000,DS!senior_net_interest_keur,result.periods[i].interest_senior_keur,exact,
Senior Debt,Senior Interest,Python,22,Y12H1,443.9,476.4,32.6,0.0000,DS!senior_net_interest_keur,result.periods[i].interest_senior_keur,exact,
Senior Debt,Senior Interest,Delta,22,Y12H1,443.9,476.4,32.6,0.0734,DS!senior_net_interest_keur,result.periods[i].interest_senior_keur,exact,
Senior Debt,Senior Interest,Excel,23,Y12H2,389.2,421.8,32.6,0.0000,DS!senior_net_interest_keur,result.periods[i].interest_senior_keur,exact,
Senior Debt,Senior Interest,Python,23,Y12H2,389.2,421.8,32.6,0.0000,DS!senior_net_interest_keur,result.periods[i].interest_senior_keur,exact,
Senior Debt,Senior Interest,Delta,23,Y12H2,389.2,421.8,32.6,0.0839,DS!senior_net_interest_keur,result.periods[i].interest_senior_keur,exact,
Senior Debt,Senior Interest,Excel,24,Y13H1,318.9,364.5,45.6,0.0000,DS!senior_net_interest_keur,result.periods[i].interest_senior_keur,exact,
Senior Debt,Senior Interest,Python,24,Y13H1,318.9,364.5,45.6,0.0000,DS!senior_net_interest_keur,result.periods[i].interest_senior_keur,exact,
Senior Debt,Senior Interest,Delta,24,Y13H1,318.9,364.5,45.6,0.1429,DS!senior_net_interest_keur,result.periods[i].interest_senior_keur,exact,
Senior Debt,Senior Interest,Excel,25,Y13H2,246.5,277.8,31.4,0.0000,DS!senior_net_interest_keur,result.periods[i].interest_senior_keur,exact,
Senior Debt,Senior Interest,Python,25,Y13H2,246.5,277.8,31.4,0.0000,DS!senior_net_interest_keur,result.periods[i].interest_senior_keur,exact,
Senior Debt,Senior Interest,Delta,25,Y13H2,246.5,277.8,31.4,0.1272,DS!senior_net_interest_keur,result.periods[i].interest_senior_keur,exact,
Senior Debt,Senior Interest,Excel,26,Y14H1,162.4,187.0,24.6,0.0000,DS!senior_net_interest_keur,result.periods[i].interest_senior_keur,exact,
Senior Debt,Senior Interest,Python,26,Y14H1,162.4,187.0,24.6,0.0000,DS!senior_net_interest_keur,result.periods[i].interest_senior_keur,exact,
Senior Debt,Senior Interest,Delta,26,Y14H1,162.4,187.0,24.6,0.1518,DS!senior_net_interest_keur,result.periods[i].interest_senior_keur,exact,
Senior Debt,Senior Interest,Excel,27,Y14H2,84.0,95.6,11.7,0.0000,DS!senior_net_interest_keur,result.periods[i].interest_senior_keur,exact,
Senior Debt,Senior Interest,Python,27,Y14H2,84.0,95.6,11.7,0.0000,DS!senior_net_interest_keur,result.periods[i].interest_senior_keur,exact,
Senior Debt,Senior Interest,Delta,27,Y14H2,84.0,95.6,11.7,0.1390,DS!senior_net_interest_keur,result.periods[i].interest_senior_keur,exact,
Senior Debt,Senior Interest,Excel,28,Y15H1,0.0,0.0,0.0,0.0000,DS!senior_net_interest_keur,result.periods[i].interest_senior_keur,exact,
Senior Debt,Senior Interest,Python,28,Y15H1,0.0,0.0,0.0,0.0000,DS!senior_net_interest_keur,result.periods[i].interest_senior_keur,exact,
Senior Debt,Senior Interest,Delta,28,Y15H1,0.0,0.0,0.0,0.0000,DS!senior_net_interest_keur,result.periods[i].interest_senior_keur,exact,
Senior Debt,Senior Interest,Excel,29,Y15H2,0.0,0.0,0.0,0.0000,DS!senior_net_interest_keur,result.periods[i].interest_senior_keur,exact,
Senior Debt,Senior Interest,Python,29,Y15H2,0.0,0.0,0.0,0.0000,DS!senior_net_interest_keur,result.periods[i].interest_senior_keur,exact,
Senior Debt,Senior Interest,Delta,29,Y15H2,0.0,0.0,0.0,0.0000,DS!senior_net_interest_keur,result.periods[i].interest_senior_keur,exact,
Senior Debt,Senior Interest,Excel,30,Y16H1,0.0,0.0,0.0,0.0000,DS!senior_net_interest_keur,result.periods[i].interest_senior_keur,exact,
Senior Debt,Senior Interest,Python,30,Y16H1,0.0,0.0,0.0,0.0000,DS!senior_net_interest_keur,result.periods[i].interest_senior_keur,exact,
Senior Debt,Senior Interest,Delta,30,Y16H1,0.0,0.0,0.0,0.0000,DS!senior_net_interest_keur,result.periods[i].interest_senior_keur,exact,
Senior Debt,Senior Interest,Excel,31,Y16H2,0.0,0.0,0.0,0.0000,DS!senior_net_interest_keur,result.periods[i].interest_senior_keur,exact,
Senior Debt,Senior Interest,Python,31,Y16H2,0.0,0.0,0.0,0.0000,DS!senior_net_interest_keur,result.periods[i].interest_senior_keur,exact,
Senior Debt,Senior Interest,Delta,31,Y16H2,0.0,0.0,0.0,0.0000,DS!senior_net_interest_keur,result.periods[i].interest_senior_keur,exact,
Senior Debt,Senior Interest,Excel,32,Y17H1,0.0,0.0,0.0,0.0000,DS!senior_net_interest_keur,result.periods[i].interest_senior_keur,exact,
Senior Debt,Senior Interest,Python,32,Y17H1,0.0,0.0,0.0,0.0000,DS!senior_net_interest_keur,result.periods[i].interest_senior_keur,exact,
Senior Debt,Senior Interest,Delta,32,Y17H1,0.0,0.0,0.0,0.0000,DS!senior_net_interest_keur,result.periods[i].interest_senior_keur,exact,
Senior Debt,Senior Interest,Excel,33,Y17H2,0.0,0.0,0.0,0.0000,DS!senior_net_interest_keur,result.periods[i].interest_senior_keur,exact,
Senior Debt,Senior Interest,Python,33,Y17H2,0.0,0.0,0.0,0.0000,DS!senior_net_interest_keur,result.periods[i].interest_senior_keur,exact,
Senior Debt,Senior Interest,Delta,33,Y17H2,0.0,0.0,0.0,0.0000,DS!senior_net_interest_keur,result.periods[i].interest_senior_keur,exact,
Senior Debt,Senior Interest,Excel,34,Y18H1,0.0,0.0,0.0,0.0000,DS!senior_net_interest_keur,result.periods[i].interest_senior_keur,exact,
Senior Debt,Senior Interest,Python,34,Y18H1,0.0,0.0,0.0,0.0000,DS!senior_net_interest_keur,result.periods[i].interest_senior_keur,exact,
Senior Debt,Senior Interest,Delta,34,Y18H1,0.0,0.0,0.0,0.0000,DS!senior_net_interest_keur,result.periods[i].interest_senior_keur,exact,
Senior Debt,Senior Interest,Excel,35,Y18H2,0.0,0.0,0.0,0.0000,DS!senior_net_interest_keur,result.periods[i].interest_senior_keur,exact,
Senior Debt,Senior Interest,Python,35,Y18H2,0.0,0.0,0.0,0.0000,DS!senior_net_interest_keur,result.periods[i].interest_senior_keur,exact,
Senior Debt,Senior Interest,Delta,35,Y18H2,0.0,0.0,0.0,0.0000,DS!senior_net_interest_keur,result.periods[i].interest_senior_keur,exact,
Senior Debt,Senior Interest,Excel,36,Y19H1,0.0,0.0,0.0,0.0000,DS!senior_net_interest_keur,result.periods[i].interest_senior_keur,exact,
Senior Debt,Senior Interest,Python,36,Y19H1,0.0,0.0,0.0,0.0000,DS!senior_net_interest_keur,result.periods[i].interest_senior_keur,exact,
Senior Debt,Senior Interest,Delta,36,Y19H1,0.0,0.0,0.0,0.0000,DS!senior_net_interest_keur,result.periods[i].interest_senior_keur,exact,
Senior Debt,Senior Interest,Excel,37,Y19H2,0.0,0.0,0.0,0.0000,DS!senior_net_interest_keur,result.periods[i].interest_senior_keur,exact,
Senior Debt,Senior Interest,Python,37,Y19H2,0.0,0.0,0.0,0.0000,DS!senior_net_interest_keur,result.periods[i].interest_senior_keur,exact,
Senior Debt,Senior Interest,Delta,37,Y19H2,0.0,0.0,0.0,0.0000,DS!senior_net_interest_keur,result.periods[i].interest_senior_keur,exact,
Senior Debt,Senior Interest,Excel,38,Y20H1,0.0,0.0,0.0,0.0000,DS!senior_net_interest_keur,result.periods[i].interest_senior_keur,exact,
Senior Debt,Senior Interest,Python,38,Y20H1,0.0,0.0,0.0,0.0000,DS!senior_net_interest_keur,result.periods[i].interest_senior_keur,exact,
Senior Debt,Senior Interest,Delta,38,Y20H1,0.0,0.0,0.0,0.0000,DS!senior_net_interest_keur,result.periods[i].interest_senior_keur,exact,
Senior Debt,Senior Interest,Excel,39,Y20H2,0.0,0.0,0.0,0.0000,DS!senior_net_interest_keur,result.periods[i].interest_senior_keur,exact,
Senior Debt,Senior Interest,Python,39,Y20H2,0.0,0.0,0.0,0.0000,DS!senior_net_interest_keur,result.periods[i].interest_senior_keur,exact,
Senior Debt,Senior Interest,Delta,39,Y20H2,0.0,0.0,0.0,0.0000,DS!senior_net_interest_keur,result.periods[i].interest_senior_keur,exact,
Senior Debt,Senior Interest,Excel,40,Y21H1,0.0,0.0,0.0,0.0000,DS!senior_net_interest_keur,result.periods[i].interest_senior_keur,exact,
Senior Debt,Senior Interest,Python,40,Y21H1,0.0,0.0,0.0,0.0000,DS!senior_net_interest_keur,result.periods[i].interest_senior_keur,exact,
Senior Debt,Senior Interest,Delta,40,Y21H1,0.0,0.0,0.0,0.0000,DS!senior_net_interest_keur,result.periods[i].interest_senior_keur,exact,
Senior Debt,Senior Interest,Excel,41,Y21H2,0.0,0.0,0.0,0.0000,DS!senior_net_interest_keur,result.periods[i].interest_senior_keur,exact,
Senior Debt,Senior Interest,Python,41,Y21H2,0.0,0.0,0.0,0.0000,DS!senior_net_interest_keur,result.periods[i].interest_senior_keur,exact,
Senior Debt,Senior Interest,Delta,41,Y21H2,0.0,0.0,0.0,0.0000,DS!senior_net_interest_keur,result.periods[i].interest_senior_keur,exact,
Senior Debt,Senior Interest,Excel,42,Y22H1,0.0,0.0,0.0,0.0000,DS!senior_net_interest_keur,result.periods[i].interest_senior_keur,exact,
Senior Debt,Senior Interest,Python,42,Y22H1,0.0,0.0,0.0,0.0000,DS!senior_net_interest_keur,result.periods[i].interest_senior_keur,exact,
Senior Debt,Senior Interest,Delta,42,Y22H1,0.0,0.0,0.0,0.0000,DS!senior_net_interest_keur,result.periods[i].interest_senior_keur,exact,
Senior Debt,Senior Interest,Excel,43,Y22H2,0.0,0.0,0.0,0.0000,DS!senior_net_interest_keur,result.periods[i].interest_senior_keur,exact,
Senior Debt,Senior Interest,Python,43,Y22H2,0.0,0.0,0.0,0.0000,DS!senior_net_interest_keur,result.periods[i].interest_senior_keur,exact,
Senior Debt,Senior Interest,Delta,43,Y22H2,0.0,0.0,0.0,0.0000,DS!senior_net_interest_keur,result.periods[i].interest_senior_keur,exact,
Senior Debt,Senior Interest,Excel,44,Y23H1,0.0,0.0,0.0,0.0000,DS!senior_net_interest_keur,result.periods[i].interest_senior_keur,exact,
Senior Debt,Senior Interest,Python,44,Y23H1,0.0,0.0,0.0,0.0000,DS!senior_net_interest_keur,result.periods[i].interest_senior_keur,exact,
Senior Debt,Senior Interest,Delta,44,Y23H1,0.0,0.0,0.0,0.0000,DS!senior_net_interest_keur,result.periods[i].interest_senior_keur,exact,
Senior Debt,Senior Interest,Excel,45,Y23H2,0.0,0.0,0.0,0.0000,DS!senior_net_interest_keur,result.periods[i].interest_senior_keur,exact,
Senior Debt,Senior Interest,Python,45,Y23H2,0.0,0.0,0.0,0.0000,DS!senior_net_interest_keur,result.periods[i].interest_senior_keur,exact,
Senior Debt,Senior Interest,Delta,45,Y23H2,0.0,0.0,0.0,0.0000,DS!senior_net_interest_keur,result.periods[i].interest_senior_keur,exact,
Senior Debt,Senior Interest,Excel,46,Y24H1,0.0,0.0,0.0,0.0000,DS!senior_net_interest_keur,result.periods[i].interest_senior_keur,exact,
Senior Debt,Senior Interest,Python,46,Y24H1,0.0,0.0,0.0,0.0000,DS!senior_net_interest_keur,result.periods[i].interest_senior_keur,exact,
Senior Debt,Senior Interest,Delta,46,Y24H1,0.0,0.0,0.0,0.0000,DS!senior_net_interest_keur,result.periods[i].interest_senior_keur,exact,
Senior Debt,Senior Interest,Excel,47,Y24H2,0.0,0.0,0.0,0.0000,DS!senior_net_interest_keur,result.periods[i].interest_senior_keur,exact,
Senior Debt,Senior Interest,Python,47,Y24H2,0.0,0.0,0.0,0.0000,DS!senior_net_interest_keur,result.periods[i].interest_senior_keur,exact,
Senior Debt,Senior Interest,Delta,47,Y24H2,0.0,0.0,0.0,0.0000,DS!senior_net_interest_keur,result.periods[i].interest_senior_keur,exact,
Senior Debt,Senior Interest,Excel,48,Y25H1,0.0,0.0,0.0,0.0000,DS!senior_net_interest_keur,result.periods[i].interest_senior_keur,exact,
Senior Debt,Senior Interest,Python,48,Y25H1,0.0,0.0,0.0,0.0000,DS!senior_net_interest_keur,result.periods[i].interest_senior_keur,exact,
Senior Debt,Senior Interest,Delta,48,Y25H1,0.0,0.0,0.0,0.0000,DS!senior_net_interest_keur,result.periods[i].interest_senior_keur,exact,
Senior Debt,Senior Interest,Excel,49,Y25H2,0.0,0.0,0.0,0.0000,DS!senior_net_interest_keur,result.periods[i].interest_senior_keur,exact,
Senior Debt,Senior Interest,Python,49,Y25H2,0.0,0.0,0.0,0.0000,DS!senior_net_interest_keur,result.periods[i].interest_senior_keur,exact,
Senior Debt,Senior Interest,Delta,49,Y25H2,0.0,0.0,0.0,0.0000,DS!senior_net_interest_keur,result.periods[i].interest_senior_keur,exact,
Senior Debt,Senior Interest,Excel,50,Y26H1,0.0,0.0,0.0,0.0000,DS!senior_net_interest_keur,result.periods[i].interest_senior_keur,exact,
Senior Debt,Senior Interest,Python,50,Y26H1,0.0,0.0,0.0,0.0000,DS!senior_net_interest_keur,result.periods[i].interest_senior_keur,exact,
Senior Debt,Senior Interest,Delta,50,Y26H1,0.0,0.0,0.0,0.0000,DS!senior_net_interest_keur,result.periods[i].interest_senior_keur,exact,
Senior Debt,Senior Interest,Excel,51,Y26H2,0.0,0.0,0.0,0.0000,DS!senior_net_interest_keur,result.periods[i].interest_senior_keur,exact,
Senior Debt,Senior Interest,Python,51,Y26H2,0.0,0.0,0.0,0.0000,DS!senior_net_interest_keur,result.periods[i].interest_senior_keur,exact,
Senior Debt,Senior Interest,Delta,51,Y26H2,0.0,0.0,0.0,0.0000,DS!senior_net_interest_keur,result.periods[i].interest_senior_keur,exact,
Senior Debt,Senior Interest,Excel,52,Y27H1,0.0,0.0,0.0,0.0000,DS!senior_net_interest_keur,result.periods[i].interest_senior_keur,exact,
Senior Debt,Senior Interest,Python,52,Y27H1,0.0,0.0,0.0,0.0000,DS!senior_net_interest_keur,result.periods[i].interest_senior_keur,exact,
Senior Debt,Senior Interest,Delta,52,Y27H1,0.0,0.0,0.0,0.0000,DS!senior_net_interest_keur,result.periods[i].interest_senior_keur,exact,
Senior Debt,Senior Interest,Excel,53,Y27H2,0.0,0.0,0.0,0.0000,DS!senior_net_interest_keur,result.periods[i].interest_senior_keur,exact,
Senior Debt,Senior Interest,Python,53,Y27H2,0.0,0.0,0.0,0.0000,DS!senior_net_interest_keur,result.periods[i].interest_senior_keur,exact,
Senior Debt,Senior Interest,Delta,53,Y27H2,0.0,0.0,0.0,0.0000,DS!senior_net_interest_keur,result.periods[i].interest_senior_keur,exact,
Senior Debt,Senior Interest,Excel,54,Y28H1,0.0,0.0,0.0,0.0000,DS!senior_net_interest_keur,result.periods[i].interest_senior_keur,exact,
Senior Debt,Senior Interest,Python,54,Y28H1,0.0,0.0,0.0,0.0000,DS!senior_net_interest_keur,result.periods[i].interest_senior_keur,exact,
Senior Debt,Senior Interest,Delta,54,Y28H1,0.0,0.0,0.0,0.0000,DS!senior_net_interest_keur,result.periods[i].interest_senior_keur,exact,
Senior Debt,Senior Interest,Excel,55,Y28H2,0.0,0.0,0.0,0.0000,DS!senior_net_interest_keur,result.periods[i].interest_senior_keur,exact,
Senior Debt,Senior Interest,Python,55,Y28H2,0.0,0.0,0.0,0.0000,DS!senior_net_interest_keur,result.periods[i].interest_senior_keur,exact,
Senior Debt,Senior Interest,Delta,55,Y28H2,0.0,0.0,0.0,0.0000,DS!senior_net_interest_keur,result.periods[i].interest_senior_keur,exact,
Senior Debt,Senior Interest,Excel,56,Y29H1,0.0,0.0,0.0,0.0000,DS!senior_net_interest_keur,result.periods[i].interest_senior_keur,exact,
Senior Debt,Senior Interest,Python,56,Y29H1,0.0,0.0,0.0,0.0000,DS!senior_net_interest_keur,result.periods[i].interest_senior_keur,exact,
Senior Debt,Senior Interest,Delta,56,Y29H1,0.0,0.0,0.0,0.0000,DS!senior_net_interest_keur,result.periods[i].interest_senior_keur,exact,
Senior Debt,Senior Interest,Excel,57,Y29H2,0.0,0.0,0.0,0.0000,DS!senior_net_interest_keur,result.periods[i].interest_senior_keur,exact,
Senior Debt,Senior Interest,Python,57,Y29H2,0.0,0.0,0.0,0.0000,DS!senior_net_interest_keur,result.periods[i].interest_senior_keur,exact,
Senior Debt,Senior Interest,Delta,57,Y29H2,0.0,0.0,0.0,0.0000,DS!senior_net_interest_keur,result.periods[i].interest_senior_keur,exact,
Senior Debt,Senior Interest,Excel,58,Y30H1,0.0,0.0,0.0,0.0000,DS!senior_net_interest_keur,result.periods[i].interest_senior_keur,exact,
Senior Debt,Senior Interest,Python,58,Y30H1,0.0,0.0,0.0,0.0000,DS!senior_net_interest_keur,result.periods[i].interest_senior_keur,exact,
Senior Debt,Senior Interest,Delta,58,Y30H1,0.0,0.0,0.0,0.0000,DS!senior_net_interest_keur,result.periods[i].interest_senior_keur,exact,
Senior Debt,Senior Interest,Excel,59,Y30H2,0.0,0.0,0.0,0.0000,DS!senior_net_interest_keur,result.periods[i].interest_senior_keur,exact,
Senior Debt,Senior Interest,Python,59,Y30H2,0.0,0.0,0.0,0.0000,DS!senior_net_interest_keur,result.periods[i].interest_senior_keur,exact,
Senior Debt,Senior Interest,Delta,59,Y30H2,0.0,0.0,0.0,0.0000,DS!senior_net_interest_keur,result.periods[i].interest_senior_keur,exact,
Senior Debt,Senior Principal Repayment,Excel,0,Y01H1,819.3,742.5,-76.7,0.0000,DS!senior_principal_keur,result.periods[i].senior_principal_keur,exact,
Senior Debt,Senior Principal Repayment,Python,0,Y01H1,819.3,742.5,-76.7,0.0000,DS!senior_principal_keur,result.periods[i].senior_principal_keur,exact,
Senior Debt,Senior Principal Repayment,Delta,0,Y01H1,819.3,742.5,-76.7,-0.0937,DS!senior_principal_keur,result.periods[i].senior_principal_keur,exact,
Senior Debt,Senior Principal Repayment,Excel,1,Y01H2,857.8,796.9,-60.9,0.0000,DS!senior_principal_keur,result.periods[i].senior_principal_keur,exact,
Senior Debt,Senior Principal Repayment,Python,1,Y01H2,857.8,796.9,-60.9,0.0000,DS!senior_principal_keur,result.periods[i].senior_principal_keur,exact,
Senior Debt,Senior Principal Repayment,Delta,1,Y01H2,857.8,796.9,-60.9,-0.0710,DS!senior_principal_keur,result.periods[i].senior_principal_keur,exact,
Senior Debt,Senior Principal Repayment,Excel,2,Y02H1,897.8,809.6,-88.2,0.0000,DS!senior_principal_keur,result.periods[i].senior_principal_keur,exact,
Senior Debt,Senior Principal Repayment,Python,2,Y02H1,897.8,809.6,-88.2,0.0000,DS!senior_principal_keur,result.periods[i].senior_principal_keur,exact,
Senior Debt,Senior Principal Repayment,Delta,2,Y02H1,897.8,809.6,-88.2,-0.0982,DS!senior_principal_keur,result.periods[i].senior_principal_keur,exact,
Senior Debt,Senior Principal Repayment,Excel,3,Y02H2,940.0,866.2,-73.8,0.0000,DS!senior_principal_keur,result.periods[i].senior_principal_keur,exact,
Senior Debt,Senior Principal Repayment,Python,3,Y02H2,940.0,866.2,-73.8,0.0000,DS!senior_principal_keur,result.periods[i].senior_principal_keur,exact,
Senior Debt,Senior Principal Repayment,Delta,3,Y02H2,940.0,866.2,-73.8,-0.0785,DS!senior_principal_keur,result.periods[i].senior_principal_keur,exact,
Senior Debt,Senior Principal Repayment,Excel,4,Y03H1,946.4,887.0,-59.4,0.0000,DS!senior_principal_keur,result.periods[i].senior_principal_keur,exact,
Senior Debt,Senior Principal Repayment,Python,4,Y03H1,946.4,887.0,-59.4,0.0000,DS!senior_principal_keur,result.periods[i].senior_principal_keur,exact,
Senior Debt,Senior Principal Repayment,Delta,4,Y03H1,946.4,887.0,-59.4,-0.0628,DS!senior_principal_keur,result.periods[i].senior_principal_keur,exact,
Senior Debt,Senior Principal Repayment,Excel,5,Y03H2,985.6,934.9,-50.7,0.0000,DS!senior_principal_keur,result.periods[i].senior_principal_keur,exact,
Senior Debt,Senior Principal Repayment,Python,5,Y03H2,985.6,934.9,-50.7,0.0000,DS!senior_principal_keur,result.periods[i].senior_principal_keur,exact,
Senior Debt,Senior Principal Repayment,Delta,5,Y03H2,985.6,934.9,-50.7,-0.0514,DS!senior_principal_keur,result.periods[i].senior_principal_keur,exact,
Senior Debt,Senior Principal Repayment,Excel,6,Y04H1,1035.2,958.0,-77.2,0.0000,DS!senior_principal_keur,result.periods[i].senior_principal_keur,exact,
Senior Debt,Senior Principal Repayment,Python,6,Y04H1,1035.2,958.0,-77.2,0.0000,DS!senior_principal_keur,result.periods[i].senior_principal_keur,exact,
Senior Debt,Senior Principal Repayment,Delta,6,Y04H1,1035.2,958.0,-77.2,-0.0746,DS!senior_principal_keur,result.periods[i].senior_principal_keur,exact,
Senior Debt,Senior Principal Repayment,Excel,7,Y04H2,1083.8,1019.7,-64.1,0.0000,DS!senior_principal_keur,result.periods[i].senior_principal_keur,exact,
Senior Debt,Senior Principal Repayment,Python,7,Y04H2,1083.8,1019.7,-64.1,0.0000,DS!senior_principal_keur,result.periods[i].senior_principal_keur,exact,
Senior Debt,Senior Principal Repayment,Delta,7,Y04H2,1083.8,1019.7,-64.1,-0.0592,DS!senior_principal_keur,result.periods[i].senior_principal_keur,exact,
Senior Debt,Senior Principal Repayment,Excel,8,Y05H1,1124.2,1034.8,-89.4,0.0000,DS!senior_principal_keur,result.periods[i].senior_principal_keur,exact,
Senior Debt,Senior Principal Repayment,Python,8,Y05H1,1124.2,1034.8,-89.4,0.0000,DS!senior_principal_keur,result.periods[i].senior_principal_keur,exact,
Senior Debt,Senior Principal Repayment,Delta,8,Y05H1,1124.2,1034.8,-89.4,-0.0795,DS!senior_principal_keur,result.periods[i].senior_principal_keur,exact,
Senior Debt,Senior Principal Repayment,Excel,9,Y05H2,1177.1,1099.0,-78.0,0.0000,DS!senior_principal_keur,result.periods[i].senior_principal_keur,exact,
Senior Debt,Senior Principal Repayment,Python,9,Y05H2,1177.1,1099.0,-78.0,0.0000,DS!senior_principal_keur,result.periods[i].senior_principal_keur,exact,
Senior Debt,Senior Principal Repayment,Delta,9,Y05H2,1177.1,1099.0,-78.0,-0.0663,DS!senior_principal_keur,result.periods[i].senior_principal_keur,exact,
Senior Debt,Senior Principal Repayment,Excel,10,Y06H1,1188.0,1136.4,-51.6,0.0000,DS!senior_principal_keur,result.periods[i].senior_principal_keur,exact,
Senior Debt,Senior Principal Repayment,Python,10,Y06H1,1188.0,1136.4,-51.6,0.0000,DS!senior_principal_keur,result.periods[i].senior_principal_keur,exact,
Senior Debt,Senior Principal Repayment,Delta,10,Y06H1,1188.0,1136.4,-51.6,-0.0434,DS!senior_principal_keur,result.periods[i].senior_principal_keur,exact,
Senior Debt,Senior Principal Repayment,Excel,11,Y06H2,1243.8,1204.2,-39.6,0.0000,DS!senior_principal_keur,result.periods[i].senior_principal_keur,exact,
Senior Debt,Senior Principal Repayment,Python,11,Y06H2,1243.8,1204.2,-39.6,0.0000,DS!senior_principal_keur,result.periods[i].senior_principal_keur,exact,
Senior Debt,Senior Principal Repayment,Delta,11,Y06H2,1243.8,1204.2,-39.6,-0.0318,DS!senior_principal_keur,result.periods[i].senior_principal_keur,exact,
Senior Debt,Senior Principal Repayment,Excel,12,Y07H1,1308.9,1248.4,-60.4,0.0000,DS!senior_principal_keur,result.periods[i].senior_principal_keur,exact,
Senior Debt,Senior Principal Repayment,Python,12,Y07H1,1308.9,1248.4,-60.4,0.0000,DS!senior_principal_keur,result.periods[i].senior_principal_keur,exact,
Senior Debt,Senior Principal Repayment,Delta,12,Y07H1,1308.9,1248.4,-60.4,-0.0462,DS!senior_principal_keur,result.periods[i].senior_principal_keur,exact,
Senior Debt,Senior Principal Repayment,Excel,13,Y07H2,1363.0,1308.1,-54.9,0.0000,DS!senior_principal_keur,result.periods[i].senior_principal_keur,exact,
Senior Debt,Senior Principal Repayment,Python,13,Y07H2,1363.0,1308.1,-54.9,0.0000,DS!senior_principal_keur,result.periods[i].senior_principal_keur,exact,
Senior Debt,Senior Principal Repayment,Delta,13,Y07H2,1363.0,1308.1,-54.9,-0.0403,DS!senior_principal_keur,result.periods[i].senior_principal_keur,exact,
Senior Debt,Senior Principal Repayment,Excel,14,Y08H1,1438.4,1357.8,-80.6,0.0000,DS!senior_principal_keur,result.periods[i].senior_principal_keur,exact,
Senior Debt,Senior Principal Repayment,Python,14,Y08H1,1438.4,1357.8,-80.6,0.0000,DS!senior_principal_keur,result.periods[i].senior_principal_keur,exact,
Senior Debt,Senior Principal Repayment,Delta,14,Y08H1,1438.4,1357.8,-80.6,-0.0560,DS!senior_principal_keur,result.periods[i].senior_principal_keur,exact,
Senior Debt,Senior Principal Repayment,Excel,15,Y08H2,1506.0,1433.3,-72.7,0.0000,DS!senior_principal_keur,result.periods[i].senior_principal_keur,exact,
Senior Debt,Senior Principal Repayment,Python,15,Y08H2,1506.0,1433.3,-72.7,0.0000,DS!senior_principal_keur,result.periods[i].senior_principal_keur,exact,
Senior Debt,Senior Principal Repayment,Delta,15,Y08H2,1506.0,1433.3,-72.7,-0.0483,DS!senior_principal_keur,result.periods[i].senior_principal_keur,exact,
Senior Debt,Senior Principal Repayment,Excel,16,Y09H1,1581.0,1483.1,-97.9,0.0000,DS!senior_principal_keur,result.periods[i].senior_principal_keur,exact,
Senior Debt,Senior Principal Repayment,Python,16,Y09H1,1581.0,1483.1,-97.9,0.0000,DS!senior_principal_keur,result.periods[i].senior_principal_keur,exact,
Senior Debt,Senior Principal Repayment,Delta,16,Y09H1,1581.0,1483.1,-97.9,-0.0619,DS!senior_principal_keur,result.periods[i].senior_principal_keur,exact,
Senior Debt,Senior Principal Repayment,Excel,17,Y09H2,1655.3,1562.9,-92.3,0.0000,DS!senior_principal_keur,result.periods[i].senior_principal_keur,exact,
Senior Debt,Senior Principal Repayment,Python,17,Y09H2,1655.3,1562.9,-92.3,0.0000,DS!senior_principal_keur,result.periods[i].senior_principal_keur,exact,
Senior Debt,Senior Principal Repayment,Delta,17,Y09H2,1655.3,1562.9,-92.3,-0.0558,DS!senior_principal_keur,result.periods[i].senior_principal_keur,exact,
Senior Debt,Senior Principal Repayment,Excel,18,Y10H1,1730.8,1614.1,-116.7,0.0000,DS!senior_principal_keur,result.periods[i].senior_principal_keur,exact,
Senior Debt,Senior Principal Repayment,Python,18,Y10H1,1730.8,1614.1,-116.7,0.0000,DS!senior_principal_keur,result.periods[i].senior_principal_keur,exact,
Senior Debt,Senior Principal Repayment,Delta,18,Y10H1,1730.8,1614.1,-116.7,-0.0674,DS!senior_principal_keur,result.periods[i].senior_principal_keur,exact,
Senior Debt,Senior Principal Repayment,Excel,19,Y10H2,1812.1,1698.5,-113.6,0.0000,DS!senior_principal_keur,result.periods[i].senior_principal_keur,exact,
Senior Debt,Senior Principal Repayment,Python,19,Y10H2,1812.1,1698.5,-113.6,0.0000,DS!senior_principal_keur,result.periods[i].senior_principal_keur,exact,
Senior Debt,Senior Principal Repayment,Delta,19,Y10H2,1812.1,1698.5,-113.6,-0.0627,DS!senior_principal_keur,result.periods[i].senior_principal_keur,exact,
Senior Debt,Senior Principal Repayment,Excel,20,Y11H1,1874.4,1757.8,-116.6,0.0000,DS!senior_principal_keur,result.periods[i].senior_principal_keur,exact,
Senior Debt,Senior Principal Repayment,Python,20,Y11H1,1874.4,1757.8,-116.6,0.0000,DS!senior_principal_keur,result.periods[i].senior_principal_keur,exact,
Senior Debt,Senior Principal Repayment,Delta,20,Y11H1,1874.4,1757.8,-116.6,-0.0622,DS!senior_principal_keur,result.periods[i].senior_principal_keur,exact,
Senior Debt,Senior Principal Repayment,Excel,21,Y11H2,1952.0,1834.0,-118.0,0.0000,DS!senior_principal_keur,result.periods[i].senior_principal_keur,exact,
Senior Debt,Senior Principal Repayment,Python,21,Y11H2,1952.0,1834.0,-118.0,0.0000,DS!senior_principal_keur,result.periods[i].senior_principal_keur,exact,
Senior Debt,Senior Principal Repayment,Delta,21,Y11H2,1952.0,1834.0,-118.0,-0.0605,DS!senior_principal_keur,result.periods[i].senior_principal_keur,exact,
Senior Debt,Senior Principal Repayment,Excel,22,Y12H1,2040.6,1899.7,-140.9,0.0000,DS!senior_principal_keur,result.periods[i].senior_principal_keur,exact,
Senior Debt,Senior Principal Repayment,Python,22,Y12H1,2040.6,1899.7,-140.9,0.0000,DS!senior_principal_keur,result.periods[i].senior_principal_keur,exact,
Senior Debt,Senior Principal Repayment,Delta,22,Y12H1,2040.6,1899.7,-140.9,-0.0690,DS!senior_principal_keur,result.periods[i].senior_principal_keur,exact,
Senior Debt,Senior Principal Repayment,Excel,23,Y12H2,2136.5,1993.7,-142.7,0.0000,DS!senior_principal_keur,result.periods[i].senior_principal_keur,exact,
Senior Debt,Senior Principal Repayment,Python,23,Y12H2,2136.5,1993.7,-142.7,0.0000,DS!senior_principal_keur,result.periods[i].senior_principal_keur,exact,
Senior Debt,Senior Principal Repayment,Delta,23,Y12H2,2136.5,1993.7,-142.7,-0.0668,DS!senior_principal_keur,result.periods[i].senior_principal_keur,exact,
Senior Debt,Senior Principal Repayment,Excel,24,Y13H1,2556.4,3015.2,458.8,0.0000,DS!senior_principal_keur,result.periods[i].senior_principal_keur,exact,
Senior Debt,Senior Principal Repayment,Python,24,Y13H1,2556.4,3015.2,458.8,0.0000,DS!senior_principal_keur,result.periods[i].senior_principal_keur,exact,
Senior Debt,Senior Principal Repayment,Delta,24,Y13H1,2556.4,3015.2,458.8,0.1795,DS!senior_principal_keur,result.periods[i].senior_principal_keur,exact,
Senior Debt,Senior Principal Repayment,Excel,25,Y13H2,2676.5,3157.9,481.4,0.0000,DS!senior_principal_keur,result.periods[i].senior_principal_keur,exact,
Senior Debt,Senior Principal Repayment,Python,25,Y13H2,2676.5,3157.9,481.4,0.0000,DS!senior_principal_keur,result.periods[i].senior_principal_keur,exact,
Senior Debt,Senior Principal Repayment,Delta,25,Y13H2,2676.5,3157.9,481.4,0.1799,DS!senior_principal_keur,result.periods[i].senior_principal_keur,exact,
Senior Debt,Senior Principal Repayment,Excel,26,Y14H1,2667.0,3179.0,512.0,0.0000,DS!senior_principal_keur,result.periods[i].senior_principal_keur,exact,
Senior Debt,Senior Principal Repayment,Python,26,Y14H1,2667.0,3179.0,512.0,0.0000,DS!senior_principal_keur,result.periods[i].senior_principal_keur,exact,
Senior Debt,Senior Principal Repayment,Delta,26,Y14H1,2667.0,3179.0,512.0,0.1920,DS!senior_principal_keur,result.periods[i].senior_principal_keur,exact,
Senior Debt,Senior Principal Repayment,Excel,27,Y14H2,2760.8,3326.2,565.3,0.0000,DS!senior_principal_keur,result.periods[i].senior_principal_keur,exact,
Senior Debt,Senior Principal Repayment,Python,27,Y14H2,2760.8,3326.2,565.3,0.0000,DS!senior_principal_keur,result.periods[i].senior_principal_keur,exact,
Senior Debt,Senior Principal Repayment,Delta,27,Y14H2,2760.8,3326.2,565.3,0.2048,DS!senior_principal_keur,result.periods[i].senior_principal_keur,exact,
Senior Debt,Senior Principal Repayment,Excel,28,Y15H1,0.0,0.0,0.0,0.0000,DS!senior_principal_keur,result.periods[i].senior_principal_keur,exact,
Senior Debt,Senior Principal Repayment,Python,28,Y15H1,0.0,0.0,0.0,0.0000,DS!senior_principal_keur,result.periods[i].senior_principal_keur,exact,
Senior Debt,Senior Principal Repayment,Delta,28,Y15H1,0.0,0.0,0.0,0.0000,DS!senior_principal_keur,result.periods[i].senior_principal_keur,exact,
Senior Debt,Senior Principal Repayment,Excel,29,Y15H2,0.0,0.0,0.0,0.0000,DS!senior_principal_keur,result.periods[i].senior_principal_keur,exact,
Senior Debt,Senior Principal Repayment,Python,29,Y15H2,0.0,0.0,0.0,0.0000,DS!senior_principal_keur,result.periods[i].senior_principal_keur,exact,
Senior Debt,Senior Principal Repayment,Delta,29,Y15H2,0.0,0.0,0.0,0.0000,DS!senior_principal_keur,result.periods[i].senior_principal_keur,exact,
Senior Debt,Senior Principal Repayment,Excel,30,Y16H1,0.0,0.0,0.0,0.0000,DS!senior_principal_keur,result.periods[i].senior_principal_keur,exact,
Senior Debt,Senior Principal Repayment,Python,30,Y16H1,0.0,0.0,0.0,0.0000,DS!senior_principal_keur,result.periods[i].senior_principal_keur,exact,
Senior Debt,Senior Principal Repayment,Delta,30,Y16H1,0.0,0.0,0.0,0.0000,DS!senior_principal_keur,result.periods[i].senior_principal_keur,exact,
Senior Debt,Senior Principal Repayment,Excel,31,Y16H2,0.0,0.0,0.0,0.0000,DS!senior_principal_keur,result.periods[i].senior_principal_keur,exact,
Senior Debt,Senior Principal Repayment,Python,31,Y16H2,0.0,0.0,0.0,0.0000,DS!senior_principal_keur,result.periods[i].senior_principal_keur,exact,
Senior Debt,Senior Principal Repayment,Delta,31,Y16H2,0.0,0.0,0.0,0.0000,DS!senior_principal_keur,result.periods[i].senior_principal_keur,exact,
Senior Debt,Senior Principal Repayment,Excel,32,Y17H1,0.0,0.0,0.0,0.0000,DS!senior_principal_keur,result.periods[i].senior_principal_keur,exact,
Senior Debt,Senior Principal Repayment,Python,32,Y17H1,0.0,0.0,0.0,0.0000,DS!senior_principal_keur,result.periods[i].senior_principal_keur,exact,
Senior Debt,Senior Principal Repayment,Delta,32,Y17H1,0.0,0.0,0.0,0.0000,DS!senior_principal_keur,result.periods[i].senior_principal_keur,exact,
Senior Debt,Senior Principal Repayment,Excel,33,Y17H2,0.0,0.0,0.0,0.0000,DS!senior_principal_keur,result.periods[i].senior_principal_keur,exact,
Senior Debt,Senior Principal Repayment,Python,33,Y17H2,0.0,0.0,0.0,0.0000,DS!senior_principal_keur,result.periods[i].senior_principal_keur,exact,
Senior Debt,Senior Principal Repayment,Delta,33,Y17H2,0.0,0.0,0.0,0.0000,DS!senior_principal_keur,result.periods[i].senior_principal_keur,exact,
Senior Debt,Senior Principal Repayment,Excel,34,Y18H1,0.0,0.0,0.0,0.0000,DS!senior_principal_keur,result.periods[i].senior_principal_keur,exact,
Senior Debt,Senior Principal Repayment,Python,34,Y18H1,0.0,0.0,0.0,0.0000,DS!senior_principal_keur,result.periods[i].senior_principal_keur,exact,
Senior Debt,Senior Principal Repayment,Delta,34,Y18H1,0.0,0.0,0.0,0.0000,DS!senior_principal_keur,result.periods[i].senior_principal_keur,exact,
Senior Debt,Senior Principal Repayment,Excel,35,Y18H2,0.0,0.0,0.0,0.0000,DS!senior_principal_keur,result.periods[i].senior_principal_keur,exact,
Senior Debt,Senior Principal Repayment,Python,35,Y18H2,0.0,0.0,0.0,0.0000,DS!senior_principal_keur,result.periods[i].senior_principal_keur,exact,
Senior Debt,Senior Principal Repayment,Delta,35,Y18H2,0.0,0.0,0.0,0.0000,DS!senior_principal_keur,result.periods[i].senior_principal_keur,exact,
Senior Debt,Senior Principal Repayment,Excel,36,Y19H1,0.0,0.0,0.0,0.0000,DS!senior_principal_keur,result.periods[i].senior_principal_keur,exact,
Senior Debt,Senior Principal Repayment,Python,36,Y19H1,0.0,0.0,0.0,0.0000,DS!senior_principal_keur,result.periods[i].senior_principal_keur,exact,
Senior Debt,Senior Principal Repayment,Delta,36,Y19H1,0.0,0.0,0.0,0.0000,DS!senior_principal_keur,result.periods[i].senior_principal_keur,exact,
Senior Debt,Senior Principal Repayment,Excel,37,Y19H2,0.0,0.0,0.0,0.0000,DS!senior_principal_keur,result.periods[i].senior_principal_keur,exact,
Senior Debt,Senior Principal Repayment,Python,37,Y19H2,0.0,0.0,0.0,0.0000,DS!senior_principal_keur,result.periods[i].senior_principal_keur,exact,
Senior Debt,Senior Principal Repayment,Delta,37,Y19H2,0.0,0.0,0.0,0.0000,DS!senior_principal_keur,result.periods[i].senior_principal_keur,exact,
Senior Debt,Senior Principal Repayment,Excel,38,Y20H1,0.0,0.0,0.0,0.0000,DS!senior_principal_keur,result.periods[i].senior_principal_keur,exact,
Senior Debt,Senior Principal Repayment,Python,38,Y20H1,0.0,0.0,0.0,0.0000,DS!senior_principal_keur,result.periods[i].senior_principal_keur,exact,
Senior Debt,Senior Principal Repayment,Delta,38,Y20H1,0.0,0.0,0.0,0.0000,DS!senior_principal_keur,result.periods[i].senior_principal_keur,exact,
Senior Debt,Senior Principal Repayment,Excel,39,Y20H2,0.0,0.0,0.0,0.0000,DS!senior_principal_keur,result.periods[i].senior_principal_keur,exact,
Senior Debt,Senior Principal Repayment,Python,39,Y20H2,0.0,0.0,0.0,0.0000,DS!senior_principal_keur,result.periods[i].senior_principal_keur,exact,
Senior Debt,Senior Principal Repayment,Delta,39,Y20H2,0.0,0.0,0.0,0.0000,DS!senior_principal_keur,result.periods[i].senior_principal_keur,exact,
Senior Debt,Senior Principal Repayment,Excel,40,Y21H1,0.0,0.0,0.0,0.0000,DS!senior_principal_keur,result.periods[i].senior_principal_keur,exact,
Senior Debt,Senior Principal Repayment,Python,40,Y21H1,0.0,0.0,0.0,0.0000,DS!senior_principal_keur,result.periods[i].senior_principal_keur,exact,
Senior Debt,Senior Principal Repayment,Delta,40,Y21H1,0.0,0.0,0.0,0.0000,DS!senior_principal_keur,result.periods[i].senior_principal_keur,exact,
Senior Debt,Senior Principal Repayment,Excel,41,Y21H2,0.0,0.0,0.0,0.0000,DS!senior_principal_keur,result.periods[i].senior_principal_keur,exact,
Senior Debt,Senior Principal Repayment,Python,41,Y21H2,0.0,0.0,0.0,0.0000,DS!senior_principal_keur,result.periods[i].senior_principal_keur,exact,
Senior Debt,Senior Principal Repayment,Delta,41,Y21H2,0.0,0.0,0.0,0.0000,DS!senior_principal_keur,result.periods[i].senior_principal_keur,exact,
Senior Debt,Senior Principal Repayment,Excel,42,Y22H1,0.0,0.0,0.0,0.0000,DS!senior_principal_keur,result.periods[i].senior_principal_keur,exact,
Senior Debt,Senior Principal Repayment,Python,42,Y22H1,0.0,0.0,0.0,0.0000,DS!senior_principal_keur,result.periods[i].senior_principal_keur,exact,
Senior Debt,Senior Principal Repayment,Delta,42,Y22H1,0.0,0.0,0.0,0.0000,DS!senior_principal_keur,result.periods[i].senior_principal_keur,exact,
Senior Debt,Senior Principal Repayment,Excel,43,Y22H2,0.0,0.0,0.0,0.0000,DS!senior_principal_keur,result.periods[i].senior_principal_keur,exact,
Senior Debt,Senior Principal Repayment,Python,43,Y22H2,0.0,0.0,0.0,0.0000,DS!senior_principal_keur,result.periods[i].senior_principal_keur,exact,
Senior Debt,Senior Principal Repayment,Delta,43,Y22H2,0.0,0.0,0.0,0.0000,DS!senior_principal_keur,result.periods[i].senior_principal_keur,exact,
Senior Debt,Senior Principal Repayment,Excel,44,Y23H1,0.0,0.0,0.0,0.0000,DS!senior_principal_keur,result.periods[i].senior_principal_keur,exact,
Senior Debt,Senior Principal Repayment,Python,44,Y23H1,0.0,0.0,0.0,0.0000,DS!senior_principal_keur,result.periods[i].senior_principal_keur,exact,
Senior Debt,Senior Principal Repayment,Delta,44,Y23H1,0.0,0.0,0.0,0.0000,DS!senior_principal_keur,result.periods[i].senior_principal_keur,exact,
Senior Debt,Senior Principal Repayment,Excel,45,Y23H2,0.0,0.0,0.0,0.0000,DS!senior_principal_keur,result.periods[i].senior_principal_keur,exact,
Senior Debt,Senior Principal Repayment,Python,45,Y23H2,0.0,0.0,0.0,0.0000,DS!senior_principal_keur,result.periods[i].senior_principal_keur,exact,
Senior Debt,Senior Principal Repayment,Delta,45,Y23H2,0.0,0.0,0.0,0.0000,DS!senior_principal_keur,result.periods[i].senior_principal_keur,exact,
Senior Debt,Senior Principal Repayment,Excel,46,Y24H1,0.0,0.0,0.0,0.0000,DS!senior_principal_keur,result.periods[i].senior_principal_keur,exact,
Senior Debt,Senior Principal Repayment,Python,46,Y24H1,0.0,0.0,0.0,0.0000,DS!senior_principal_keur,result.periods[i].senior_principal_keur,exact,
Senior Debt,Senior Principal Repayment,Delta,46,Y24H1,0.0,0.0,0.0,0.0000,DS!senior_principal_keur,result.periods[i].senior_principal_keur,exact,
Senior Debt,Senior Principal Repayment,Excel,47,Y24H2,0.0,0.0,0.0,0.0000,DS!senior_principal_keur,result.periods[i].senior_principal_keur,exact,
Senior Debt,Senior Principal Repayment,Python,47,Y24H2,0.0,0.0,0.0,0.0000,DS!senior_principal_keur,result.periods[i].senior_principal_keur,exact,
Senior Debt,Senior Principal Repayment,Delta,47,Y24H2,0.0,0.0,0.0,0.0000,DS!senior_principal_keur,result.periods[i].senior_principal_keur,exact,
Senior Debt,Senior Principal Repayment,Excel,48,Y25H1,0.0,0.0,0.0,0.0000,DS!senior_principal_keur,result.periods[i].senior_principal_keur,exact,
Senior Debt,Senior Principal Repayment,Python,48,Y25H1,0.0,0.0,0.0,0.0000,DS!senior_principal_keur,result.periods[i].senior_principal_keur,exact,
Senior Debt,Senior Principal Repayment,Delta,48,Y25H1,0.0,0.0,0.0,0.0000,DS!senior_principal_keur,result.periods[i].senior_principal_keur,exact,
Senior Debt,Senior Principal Repayment,Excel,49,Y25H2,0.0,0.0,0.0,0.0000,DS!senior_principal_keur,result.periods[i].senior_principal_keur,exact,
Senior Debt,Senior Principal Repayment,Python,49,Y25H2,0.0,0.0,0.0,0.0000,DS!senior_principal_keur,result.periods[i].senior_principal_keur,exact,
Senior Debt,Senior Principal Repayment,Delta,49,Y25H2,0.0,0.0,0.0,0.0000,DS!senior_principal_keur,result.periods[i].senior_principal_keur,exact,
Senior Debt,Senior Principal Repayment,Excel,50,Y26H1,0.0,0.0,0.0,0.0000,DS!senior_principal_keur,result.periods[i].senior_principal_keur,exact,
Senior Debt,Senior Principal Repayment,Python,50,Y26H1,0.0,0.0,0.0,0.0000,DS!senior_principal_keur,result.periods[i].senior_principal_keur,exact,
Senior Debt,Senior Principal Repayment,Delta,50,Y26H1,0.0,0.0,0.0,0.0000,DS!senior_principal_keur,result.periods[i].senior_principal_keur,exact,
Senior Debt,Senior Principal Repayment,Excel,51,Y26H2,0.0,0.0,0.0,0.0000,DS!senior_principal_keur,result.periods[i].senior_principal_keur,exact,
Senior Debt,Senior Principal Repayment,Python,51,Y26H2,0.0,0.0,0.0,0.0000,DS!senior_principal_keur,result.periods[i].senior_principal_keur,exact,
Senior Debt,Senior Principal Repayment,Delta,51,Y26H2,0.0,0.0,0.0,0.0000,DS!senior_principal_keur,result.periods[i].senior_principal_keur,exact,
Senior Debt,Senior Principal Repayment,Excel,52,Y27H1,0.0,0.0,0.0,0.0000,DS!senior_principal_keur,result.periods[i].senior_principal_keur,exact,
Senior Debt,Senior Principal Repayment,Python,52,Y27H1,0.0,0.0,0.0,0.0000,DS!senior_principal_keur,result.periods[i].senior_principal_keur,exact,
Senior Debt,Senior Principal Repayment,Delta,52,Y27H1,0.0,0.0,0.0,0.0000,DS!senior_principal_keur,result.periods[i].senior_principal_keur,exact,
Senior Debt,Senior Principal Repayment,Excel,53,Y27H2,0.0,0.0,0.0,0.0000,DS!senior_principal_keur,result.periods[i].senior_principal_keur,exact,
Senior Debt,Senior Principal Repayment,Python,53,Y27H2,0.0,0.0,0.0,0.0000,DS!senior_principal_keur,result.periods[i].senior_principal_keur,exact,
Senior Debt,Senior Principal Repayment,Delta,53,Y27H2,0.0,0.0,0.0,0.0000,DS!senior_principal_keur,result.periods[i].senior_principal_keur,exact,
Senior Debt,Senior Principal Repayment,Excel,54,Y28H1,0.0,0.0,0.0,0.0000,DS!senior_principal_keur,result.periods[i].senior_principal_keur,exact,
Senior Debt,Senior Principal Repayment,Python,54,Y28H1,0.0,0.0,0.0,0.0000,DS!senior_principal_keur,result.periods[i].senior_principal_keur,exact,
Senior Debt,Senior Principal Repayment,Delta,54,Y28H1,0.0,0.0,0.0,0.0000,DS!senior_principal_keur,result.periods[i].senior_principal_keur,exact,
Senior Debt,Senior Principal Repayment,Excel,55,Y28H2,0.0,0.0,0.0,0.0000,DS!senior_principal_keur,result.periods[i].senior_principal_keur,exact,
Senior Debt,Senior Principal Repayment,Python,55,Y28H2,0.0,0.0,0.0,0.0000,DS!senior_principal_keur,result.periods[i].senior_principal_keur,exact,
Senior Debt,Senior Principal Repayment,Delta,55,Y28H2,0.0,0.0,0.0,0.0000,DS!senior_principal_keur,result.periods[i].senior_principal_keur,exact,
Senior Debt,Senior Principal Repayment,Excel,56,Y29H1,0.0,0.0,0.0,0.0000,DS!senior_principal_keur,result.periods[i].senior_principal_keur,exact,
Senior Debt,Senior Principal Repayment,Python,56,Y29H1,0.0,0.0,0.0,0.0000,DS!senior_principal_keur,result.periods[i].senior_principal_keur,exact,
Senior Debt,Senior Principal Repayment,Delta,56,Y29H1,0.0,0.0,0.0,0.0000,DS!senior_principal_keur,result.periods[i].senior_principal_keur,exact,
Senior Debt,Senior Principal Repayment,Excel,57,Y29H2,0.0,0.0,0.0,0.0000,DS!senior_principal_keur,result.periods[i].senior_principal_keur,exact,
Senior Debt,Senior Principal Repayment,Python,57,Y29H2,0.0,0.0,0.0,0.0000,DS!senior_principal_keur,result.periods[i].senior_principal_keur,exact,
Senior Debt,Senior Principal Repayment,Delta,57,Y29H2,0.0,0.0,0.0,0.0000,DS!senior_principal_keur,result.periods[i].senior_principal_keur,exact,
Senior Debt,Senior Principal Repayment,Excel,58,Y30H1,0.0,0.0,0.0,0.0000,DS!senior_principal_keur,result.periods[i].senior_principal_keur,exact,
Senior Debt,Senior Principal Repayment,Python,58,Y30H1,0.0,0.0,0.0,0.0000,DS!senior_principal_keur,result.periods[i].senior_principal_keur,exact,
Senior Debt,Senior Principal Repayment,Delta,58,Y30H1,0.0,0.0,0.0,0.0000,DS!senior_principal_keur,result.periods[i].senior_principal_keur,exact,
Senior Debt,Senior Principal Repayment,Excel,59,Y30H2,0.0,0.0,0.0,0.0000,DS!senior_principal_keur,result.periods[i].senior_principal_keur,exact,
Senior Debt,Senior Principal Repayment,Python,59,Y30H2,0.0,0.0,0.0,0.0000,DS!senior_principal_keur,result.periods[i].senior_principal_keur,exact,
Senior Debt,Senior Principal Repayment,Delta,59,Y30H2,0.0,0.0,0.0,0.0000,DS!senior_principal_keur,result.periods[i].senior_principal_keur,exact,
Senior Debt,Senior Closing Balance,Excel,0,Y01H1,-819.3,42616.5,43435.7,0.0000,DS!senior_principal_keur (cumulative),result.periods[i].senior_balance_keur,approximate,
Senior Debt,Senior Closing Balance,Python,0,Y01H1,-819.3,42616.5,43435.7,0.0000,DS!senior_principal_keur (cumulative),result.periods[i].senior_balance_keur,approximate,
Senior Debt,Senior Closing Balance,Delta,0,Y01H1,-819.3,42616.5,43435.7,53.0170,DS!senior_principal_keur (cumulative),result.periods[i].senior_balance_keur,approximate,
Senior Debt,Senior Closing Balance,Excel,1,Y01H2,-1677.1,41819.6,43496.7,0.0000,DS!senior_principal_keur (cumulative),result.periods[i].senior_balance_keur,approximate,
Senior Debt,Senior Closing Balance,Python,1,Y01H2,-1677.1,41819.6,43496.7,0.0000,DS!senior_principal_keur (cumulative),result.periods[i].senior_balance_keur,approximate,
Senior Debt,Senior Closing Balance,Delta,1,Y01H2,-1677.1,41819.6,43496.7,25.9364,DS!senior_principal_keur (cumulative),result.periods[i].senior_balance_keur,approximate,
Senior Debt,Senior Closing Balance,Excel,2,Y02H1,-2574.8,41010.0,43584.9,0.0000,DS!senior_principal_keur (cumulative),result.periods[i].senior_balance_keur,approximate,
Senior Debt,Senior Closing Balance,Python,2,Y02H1,-2574.8,41010.0,43584.9,0.0000,DS!senior_principal_keur (cumulative),result.periods[i].senior_balance_keur,approximate,
Senior Debt,Senior Closing Balance,Delta,2,Y02H1,-2574.8,41010.0,43584.9,16.9273,DS!senior_principal_keur (cumulative),result.periods[i].senior_balance_keur,approximate,
Senior Debt,Senior Closing Balance,Excel,3,Y02H2,-3514.8,40143.8,43658.6,0.0000,DS!senior_principal_keur (cumulative),result.periods[i].senior_balance_keur,approximate,
Senior Debt,Senior Closing Balance,Python,3,Y02H2,-3514.8,40143.8,43658.6,0.0000,DS!senior_principal_keur (cumulative),result.periods[i].senior_balance_keur,approximate,
Senior Debt,Senior Closing Balance,Delta,3,Y02H2,-3514.8,40143.8,43658.6,12.4214,DS!senior_principal_keur (cumulative),result.periods[i].senior_balance_keur,approximate,
Senior Debt,Senior Closing Balance,Excel,4,Y03H1,-4461.2,39256.9,43718.1,0.0000,DS!senior_principal_keur (cumulative),result.periods[i].senior_balance_keur,approximate,
Senior Debt,Senior Closing Balance,Python,4,Y03H1,-4461.2,39256.9,43718.1,0.0000,DS!senior_principal_keur (cumulative),result.periods[i].senior_balance_keur,approximate,
Senior Debt,Senior Closing Balance,Delta,4,Y03H1,-4461.2,39256.9,43718.1,9.7997,DS!senior_principal_keur (cumulative),result.periods[i].senior_balance_keur,approximate,
Senior Debt,Senior Closing Balance,Excel,5,Y03H2,-5446.8,38322.0,43768.7,0.0000,DS!senior_principal_keur (cumulative),result.periods[i].senior_balance_keur,approximate,
Senior Debt,Senior Closing Balance,Python,5,Y03H2,-5446.8,38322.0,43768.7,0.0000,DS!senior_principal_keur (cumulative),result.periods[i].senior_balance_keur,approximate,
Senior Debt,Senior Closing Balance,Delta,5,Y03H2,-5446.8,38322.0,43768.7,8.0357,DS!senior_principal_keur (cumulative),result.periods[i].senior_balance_keur,approximate,
Senior Debt,Senior Closing Balance,Excel,6,Y04H1,-6481.9,37364.0,43845.9,0.0000,DS!senior_principal_keur (cumulative),result.periods[i].senior_balance_keur,approximate,
Senior Debt,Senior Closing Balance,Python,6,Y04H1,-6481.9,37364.0,43845.9,0.0000,DS!senior_principal_keur (cumulative),result.periods[i].senior_balance_keur,approximate,
Senior Debt,Senior Closing Balance,Delta,6,Y04H1,-6481.9,37364.0,43845.9,6.7643,DS!senior_principal_keur (cumulative),result.periods[i].senior_balance_keur,approximate,
Senior Debt,Senior Closing Balance,Excel,7,Y04H2,-7565.7,36344.3,43910.1,0.0000,DS!senior_principal_keur (cumulative),result.periods[i].senior_balance_keur,approximate,
Senior Debt,Senior Closing Balance,Python,7,Y04H2,-7565.7,36344.3,43910.1,0.0000,DS!senior_principal_keur (cumulative),result.periods[i].senior_balance_keur,approximate,
Senior Debt,Senior Closing Balance,Delta,7,Y04H2,-7565.7,36344.3,43910.1,5.8038,DS!senior_principal_keur (cumulative),result.periods[i].senior_balance_keur,approximate,
Senior Debt,Senior Closing Balance,Excel,8,Y05H1,-8690.0,35309.5,43999.5,0.0000,DS!senior_principal_keur (cumulative),result.periods[i].senior_balance_keur,approximate,
Senior Debt,Senior Closing Balance,Python,8,Y05H1,-8690.0,35309.5,43999.5,0.0000,DS!senior_principal_keur (cumulative),result.periods[i].senior_balance_keur,approximate,
Senior Debt,Senior Closing Balance,Delta,8,Y05H1,-8690.0,35309.5,43999.5,5.0633,DS!senior_principal_keur (cumulative),result.periods[i].senior_balance_keur,approximate,
Senior Debt,Senior Closing Balance,Excel,9,Y05H2,-9867.0,34210.5,44077.5,0.0000,DS!senior_principal_keur (cumulative),result.periods[i].senior_balance_keur,approximate,
Senior Debt,Senior Closing Balance,Python,9,Y05H2,-9867.0,34210.5,44077.5,0.0000,DS!senior_principal_keur (cumulative),result.periods[i].senior_balance_keur,approximate,
Senior Debt,Senior Closing Balance,Delta,9,Y05H2,-9867.0,34210.5,44077.5,4.4672,DS!senior_principal_keur (cumulative),result.periods[i].senior_balance_keur,approximate,
Senior Debt,Senior Closing Balance,Excel,10,Y06H1,-11055.0,33074.1,44129.1,0.0000,DS!senior_principal_keur (cumulative),result.periods[i].senior_balance_keur,approximate,
Senior Debt,Senior Closing Balance,Python,10,Y06H1,-11055.0,33074.1,44129.1,0.0000,DS!senior_principal_keur (cumulative),result.periods[i].senior_balance_keur,approximate,
Senior Debt,Senior Closing Balance,Delta,10,Y06H1,-11055.0,33074.1,44129.1,3.9918,DS!senior_principal_keur (cumulative),result.periods[i].senior_balance_keur,approximate,
Senior Debt,Senior Closing Balance,Excel,11,Y06H2,-12298.9,31869.8,44168.7,0.0000,DS!senior_principal_keur (cumulative),result.periods[i].senior_balance_keur,approximate,
Senior Debt,Senior Closing Balance,Python,11,Y06H2,-12298.9,31869.8,44168.7,0.0000,DS!senior_principal_keur (cumulative),result.periods[i].senior_balance_keur,approximate,
Senior Debt,Senior Closing Balance,Delta,11,Y06H2,-12298.9,31869.8,44168.7,3.5913,DS!senior_principal_keur (cumulative),result.periods[i].senior_balance_keur,approximate,
Senior Debt,Senior Closing Balance,Excel,12,Y07H1,-13607.7,30621.4,44229.1,0.0000,DS!senior_principal_keur (cumulative),result.periods[i].senior_balance_keur,approximate,
Senior Debt,Senior Closing Balance,Python,12,Y07H1,-13607.7,30621.4,44229.1,0.0000,DS!senior_principal_keur (cumulative),result.periods[i].senior_balance_keur,approximate,
Senior Debt,Senior Closing Balance,Delta,12,Y07H1,-13607.7,30621.4,44229.1,3.2503,DS!senior_principal_keur (cumulative),result.periods[i].senior_balance_keur,approximate,
Senior Debt,Senior Closing Balance,Excel,13,Y07H2,-14970.7,29313.2,44284.0,0.0000,DS!senior_principal_keur (cumulative),result.periods[i].senior_balance_keur,approximate,
Senior Debt,Senior Closing Balance,Python,13,Y07H2,-14970.7,29313.2,44284.0,0.0000,DS!senior_principal_keur (cumulative),result.periods[i].senior_balance_keur,approximate,
Senior Debt,Senior Closing Balance,Delta,13,Y07H2,-14970.7,29313.2,44284.0,2.9580,DS!senior_principal_keur (cumulative),result.periods[i].senior_balance_keur,approximate,
Senior Debt,Senior Closing Balance,Excel,14,Y08H1,-16409.2,27955.4,44364.6,0.0000,DS!senior_principal_keur (cumulative),result.periods[i].senior_balance_keur,approximate,
Senior Debt,Senior Closing Balance,Python,14,Y08H1,-16409.2,27955.4,44364.6,0.0000,DS!senior_principal_keur (cumulative),result.periods[i].senior_balance_keur,approximate,
Senior Debt,Senior Closing Balance,Delta,14,Y08H1,-16409.2,27955.4,44364.6,2.7036,DS!senior_principal_keur (cumulative),result.periods[i].senior_balance_keur,approximate,
Senior Debt,Senior Closing Balance,Excel,15,Y08H2,-17915.2,26522.1,44437.3,0.0000,DS!senior_principal_keur (cumulative),result.periods[i].senior_balance_keur,approximate,
Senior Debt,Senior Closing Balance,Python,15,Y08H2,-17915.2,26522.1,44437.3,0.0000,DS!senior_principal_keur (cumulative),result.periods[i].senior_balance_keur,approximate,
Senior Debt,Senior Closing Balance,Delta,15,Y08H2,-17915.2,26522.1,44437.3,2.4804,DS!senior_principal_keur (cumulative),result.periods[i].senior_balance_keur,approximate,
Senior Debt,Senior Closing Balance,Excel,16,Y09H1,-19496.2,25039.0,44535.2,0.0000,DS!senior_principal_keur (cumulative),result.periods[i].senior_balance_keur,approximate,
Senior Debt,Senior Closing Balance,Python,16,Y09H1,-19496.2,25039.0,44535.2,0.0000,DS!senior_principal_keur (cumulative),result.periods[i].senior_balance_keur,approximate,
Senior Debt,Senior Closing Balance,Delta,16,Y09H1,-19496.2,25039.0,44535.2,2.2843,DS!senior_principal_keur (cumulative),result.periods[i].senior_balance_keur,approximate,
Senior Debt,Senior Closing Balance,Excel,17,Y09H2,-21151.4,23476.1,44627.5,0.0000,DS!senior_principal_keur (cumulative),result.periods[i].senior_balance_keur,approximate,
Senior Debt,Senior Closing Balance,Python,17,Y09H2,-21151.4,23476.1,44627.5,0.0000,DS!senior_principal_keur (cumulative),result.periods[i].senior_balance_keur,approximate,
Senior Debt,Senior Closing Balance,Delta,17,Y09H2,-21151.4,23476.1,44627.5,2.1099,DS!senior_principal_keur (cumulative),result.periods[i].senior_balance_keur,approximate,
Senior Debt,Senior Closing Balance,Excel,18,Y10H1,-22882.2,21862.0,44744.2,0.0000,DS!senior_principal_keur (cumulative),result.periods[i].senior_balance_keur,approximate,
Senior Debt,Senior Closing Balance,Python,18,Y10H1,-22882.2,21862.0,44744.2,0.0000,DS!senior_principal_keur (cumulative),result.periods[i].senior_balance_keur,approximate,
Senior Debt,Senior Closing Balance,Delta,18,Y10H1,-22882.2,21862.0,44744.2,1.9554,DS!senior_principal_keur (cumulative),result.periods[i].senior_balance_keur,approximate,
Senior Debt,Senior Closing Balance,Excel,19,Y10H2,-24694.3,20163.5,44857.8,0.0000,DS!senior_principal_keur (cumulative),result.periods[i].senior_balance_keur,approximate,
Senior Debt,Senior Closing Balance,Python,19,Y10H2,-24694.3,20163.5,44857.8,0.0000,DS!senior_principal_keur (cumulative),result.periods[i].senior_balance_keur,approximate,
Senior Debt,Senior Closing Balance,Delta,19,Y10H2,-24694.3,20163.5,44857.8,1.8165,DS!senior_principal_keur (cumulative),result.periods[i].senior_balance_keur,approximate,
Senior Debt,Senior Closing Balance,Excel,20,Y11H1,-26568.7,18405.7,44974.4,0.0000,DS!senior_principal_keur (cumulative),result.periods[i].senior_balance_keur,approximate,
Senior Debt,Senior Closing Balance,Python,20,Y11H1,-26568.7,18405.7,44974.4,0.0000,DS!senior_principal_keur (cumulative),result.periods[i].senior_balance_keur,approximate,
Senior Debt,Senior Closing Balance,Delta,20,Y11H1,-26568.7,18405.7,44974.4,1.6928,DS!senior_principal_keur (cumulative),result.periods[i].senior_balance_keur,approximate,
Senior Debt,Senior Closing Balance,Excel,21,Y11H2,-28520.8,16571.7,45092.4,0.0000,DS!senior_principal_keur (cumulative),result.periods[i].senior_balance_keur,approximate,
Senior Debt,Senior Closing Balance,Python,21,Y11H2,-28520.8,16571.7,45092.4,0.0000,DS!senior_principal_keur (cumulative),result.periods[i].senior_balance_keur,approximate,
Senior Debt,Senior Closing Balance,Delta,21,Y11H2,-28520.8,16571.7,45092.4,1.5810,DS!senior_principal_keur (cumulative),result.periods[i].senior_balance_keur,approximate,
Senior Debt,Senior Closing Balance,Excel,22,Y12H1,-30561.4,14671.9,45233.3,0.0000,DS!senior_principal_keur (cumulative),result.periods[i].senior_balance_keur,approximate,
Senior Debt,Senior Closing Balance,Python,22,Y12H1,-30561.4,14671.9,45233.3,0.0000,DS!senior_principal_keur (cumulative),result.periods[i].senior_balance_keur,approximate,
Senior Debt,Senior Closing Balance,Delta,22,Y12H1,-30561.4,14671.9,45233.3,1.4801,DS!senior_principal_keur (cumulative),result.periods[i].senior_balance_keur,approximate,
Senior Debt,Senior Closing Balance,Excel,23,Y12H2,-32697.9,12678.2,45376.0,0.0000,DS!senior_principal_keur (cumulative),result.periods[i].senior_balance_keur,approximate,
Senior Debt,Senior Closing Balance,Python,23,Y12H2,-32697.9,12678.2,45376.0,0.0000,DS!senior_principal_keur (cumulative),result.periods[i].senior_balance_keur,approximate,
Senior Debt,Senior Closing Balance,Delta,23,Y12H2,-32697.9,12678.2,45376.0,1.3877,DS!senior_principal_keur (cumulative),result.periods[i].senior_balance_keur,approximate,
Senior Debt,Senior Closing Balance,Excel,24,Y13H1,-35254.2,9663.0,44917.2,0.0000,DS!senior_principal_keur (cumulative),result.periods[i].senior_balance_keur,approximate,
Senior Debt,Senior Closing Balance,Python,24,Y13H1,-35254.2,9663.0,44917.2,0.0000,DS!senior_principal_keur (cumulative),result.periods[i].senior_balance_keur,approximate,
Senior Debt,Senior Closing Balance,Delta,24,Y13H1,-35254.2,9663.0,44917.2,1.2741,DS!senior_principal_keur (cumulative),result.periods[i].senior_balance_keur,approximate,
Senior Debt,Senior Closing Balance,Excel,25,Y13H2,-37930.7,6505.1,44435.9,0.0000,DS!senior_principal_keur (cumulative),result.periods[i].senior_balance_keur,approximate,
Senior Debt,Senior Closing Balance,Python,25,Y13H2,-37930.7,6505.1,44435.9,0.0000,DS!senior_principal_keur (cumulative),result.periods[i].senior_balance_keur,approximate,
Senior Debt,Senior Closing Balance,Delta,25,Y13H2,-37930.7,6505.1,44435.9,1.1715,DS!senior_principal_keur (cumulative),result.periods[i].senior_balance_keur,approximate,
Senior Debt,Senior Closing Balance,Excel,26,Y14H1,-40597.7,3326.2,43923.9,0.0000,DS!senior_principal_keur (cumulative),result.periods[i].senior_balance_keur,approximate,
Senior Debt,Senior Closing Balance,Python,26,Y14H1,-40597.7,3326.2,43923.9,0.0000,DS!senior_principal_keur (cumulative),result.periods[i].senior_balance_keur,approximate,
Senior Debt,Senior Closing Balance,Delta,26,Y14H1,-40597.7,3326.2,43923.9,1.0819,DS!senior_principal_keur (cumulative),result.periods[i].senior_balance_keur,approximate,
Senior Debt,Senior Closing Balance,Excel,27,Y14H2,-43358.5,0.0,43358.5,0.0000,DS!senior_principal_keur (cumulative),result.periods[i].senior_balance_keur,approximate,
Senior Debt,Senior Closing Balance,Python,27,Y14H2,-43358.5,0.0,43358.5,0.0000,DS!senior_principal_keur (cumulative),result.periods[i].senior_balance_keur,approximate,
Senior Debt,Senior Closing Balance,Delta,27,Y14H2,-43358.5,0.0,43358.5,1.0000,DS!senior_principal_keur (cumulative),result.periods[i].senior_balance_keur,approximate,
Senior Debt,Senior Closing Balance,Excel,28,Y15H1,-43358.5,0.0,43358.5,0.0000,DS!senior_principal_keur (cumulative),result.periods[i].senior_balance_keur,approximate,
Senior Debt,Senior Closing Balance,Python,28,Y15H1,-43358.5,0.0,43358.5,0.0000,DS!senior_principal_keur (cumulative),result.periods[i].senior_balance_keur,approximate,
Senior Debt,Senior Closing Balance,Delta,28,Y15H1,-43358.5,0.0,43358.5,1.0000,DS!senior_principal_keur (cumulative),result.periods[i].senior_balance_keur,approximate,
Senior Debt,Senior Closing Balance,Excel,29,Y15H2,-43358.5,0.0,43358.5,0.0000,DS!senior_principal_keur (cumulative),result.periods[i].senior_balance_keur,approximate,
Senior Debt,Senior Closing Balance,Python,29,Y15H2,-43358.5,0.0,43358.5,0.0000,DS!senior_principal_keur (cumulative),result.periods[i].senior_balance_keur,approximate,
Senior Debt,Senior Closing Balance,Delta,29,Y15H2,-43358.5,0.0,43358.5,1.0000,DS!senior_principal_keur (cumulative),result.periods[i].senior_balance_keur,approximate,
Senior Debt,Senior Closing Balance,Excel,30,Y16H1,-43358.5,0.0,43358.5,0.0000,DS!senior_principal_keur (cumulative),result.periods[i].senior_balance_keur,approximate,
Senior Debt,Senior Closing Balance,Python,30,Y16H1,-43358.5,0.0,43358.5,0.0000,DS!senior_principal_keur (cumulative),result.periods[i].senior_balance_keur,approximate,
Senior Debt,Senior Closing Balance,Delta,30,Y16H1,-43358.5,0.0,43358.5,1.0000,DS!senior_principal_keur (cumulative),result.periods[i].senior_balance_keur,approximate,
Senior Debt,Senior Closing Balance,Excel,31,Y16H2,-43358.5,0.0,43358.5,0.0000,DS!senior_principal_keur (cumulative),result.periods[i].senior_balance_keur,approximate,
Senior Debt,Senior Closing Balance,Python,31,Y16H2,-43358.5,0.0,43358.5,0.0000,DS!senior_principal_keur (cumulative),result.periods[i].senior_balance_keur,approximate,
Senior Debt,Senior Closing Balance,Delta,31,Y16H2,-43358.5,0.0,43358.5,1.0000,DS!senior_principal_keur (cumulative),result.periods[i].senior_balance_keur,approximate,
Senior Debt,Senior Closing Balance,Excel,32,Y17H1,-43358.5,0.0,43358.5,0.0000,DS!senior_principal_keur (cumulative),result.periods[i].senior_balance_keur,approximate,
Senior Debt,Senior Closing Balance,Python,32,Y17H1,-43358.5,0.0,43358.5,0.0000,DS!senior_principal_keur (cumulative),result.periods[i].senior_balance_keur,approximate,
Senior Debt,Senior Closing Balance,Delta,32,Y17H1,-43358.5,0.0,43358.5,1.0000,DS!senior_principal_keur (cumulative),result.periods[i].senior_balance_keur,approximate,
Senior Debt,Senior Closing Balance,Excel,33,Y17H2,-43358.5,0.0,43358.5,0.0000,DS!senior_principal_keur (cumulative),result.periods[i].senior_balance_keur,approximate,
Senior Debt,Senior Closing Balance,Python,33,Y17H2,-43358.5,0.0,43358.5,0.0000,DS!senior_principal_keur (cumulative),result.periods[i].senior_balance_keur,approximate,
Senior Debt,Senior Closing Balance,Delta,33,Y17H2,-43358.5,0.0,43358.5,1.0000,DS!senior_principal_keur (cumulative),result.periods[i].senior_balance_keur,approximate,
Senior Debt,Senior Closing Balance,Excel,34,Y18H1,-43358.5,0.0,43358.5,0.0000,DS!senior_principal_keur (cumulative),result.periods[i].senior_balance_keur,approximate,
Senior Debt,Senior Closing Balance,Python,34,Y18H1,-43358.5,0.0,43358.5,0.0000,DS!senior_principal_keur (cumulative),result.periods[i].senior_balance_keur,approximate,
Senior Debt,Senior Closing Balance,Delta,34,Y18H1,-43358.5,0.0,43358.5,1.0000,DS!senior_principal_keur (cumulative),result.periods[i].senior_balance_keur,approximate,
Senior Debt,Senior Closing Balance,Excel,35,Y18H2,-43358.5,0.0,43358.5,0.0000,DS!senior_principal_keur (cumulative),result.periods[i].senior_balance_keur,approximate,
Senior Debt,Senior Closing Balance,Python,35,Y18H2,-43358.5,0.0,43358.5,0.0000,DS!senior_principal_keur (cumulative),result.periods[i].senior_balance_keur,approximate,
Senior Debt,Senior Closing Balance,Delta,35,Y18H2,-43358.5,0.0,43358.5,1.0000,DS!senior_principal_keur (cumulative),result.periods[i].senior_balance_keur,approximate,
Senior Debt,Senior Closing Balance,Excel,36,Y19H1,-43358.5,0.0,43358.5,0.0000,DS!senior_principal_keur (cumulative),result.periods[i].senior_balance_keur,approximate,
Senior Debt,Senior Closing Balance,Python,36,Y19H1,-43358.5,0.0,43358.5,0.0000,DS!senior_principal_keur (cumulative),result.periods[i].senior_balance_keur,approximate,
Senior Debt,Senior Closing Balance,Delta,36,Y19H1,-43358.5,0.0,43358.5,1.0000,DS!senior_principal_keur (cumulative),result.periods[i].senior_balance_keur,approximate,
Senior Debt,Senior Closing Balance,Excel,37,Y19H2,-43358.5,0.0,43358.5,0.0000,DS!senior_principal_keur (cumulative),result.periods[i].senior_balance_keur,approximate,
Senior Debt,Senior Closing Balance,Python,37,Y19H2,-43358.5,0.0,43358.5,0.0000,DS!senior_principal_keur (cumulative),result.periods[i].senior_balance_keur,approximate,
Senior Debt,Senior Closing Balance,Delta,37,Y19H2,-43358.5,0.0,43358.5,1.0000,DS!senior_principal_keur (cumulative),result.periods[i].senior_balance_keur,approximate,
Senior Debt,Senior Closing Balance,Excel,38,Y20H1,-43358.5,0.0,43358.5,0.0000,DS!senior_principal_keur (cumulative),result.periods[i].senior_balance_keur,approximate,
Senior Debt,Senior Closing Balance,Python,38,Y20H1,-43358.5,0.0,43358.5,0.0000,DS!senior_principal_keur (cumulative),result.periods[i].senior_balance_keur,approximate,
Senior Debt,Senior Closing Balance,Delta,38,Y20H1,-43358.5,0.0,43358.5,1.0000,DS!senior_principal_keur (cumulative),result.periods[i].senior_balance_keur,approximate,
Senior Debt,Senior Closing Balance,Excel,39,Y20H2,-43358.5,0.0,43358.5,0.0000,DS!senior_principal_keur (cumulative),result.periods[i].senior_balance_keur,approximate,
Senior Debt,Senior Closing Balance,Python,39,Y20H2,-43358.5,0.0,43358.5,0.0000,DS!senior_principal_keur (cumulative),result.periods[i].senior_balance_keur,approximate,
Senior Debt,Senior Closing Balance,Delta,39,Y20H2,-43358.5,0.0,43358.5,1.0000,DS!senior_principal_keur (cumulative),result.periods[i].senior_balance_keur,approximate,
Senior Debt,Senior Closing Balance,Excel,40,Y21H1,-43358.5,0.0,43358.5,0.0000,DS!senior_principal_keur (cumulative),result.periods[i].senior_balance_keur,approximate,
Senior Debt,Senior Closing Balance,Python,40,Y21H1,-43358.5,0.0,43358.5,0.0000,DS!senior_principal_keur (cumulative),result.periods[i].senior_balance_keur,approximate,
Senior Debt,Senior Closing Balance,Delta,40,Y21H1,-43358.5,0.0,43358.5,1.0000,DS!senior_principal_keur (cumulative),result.periods[i].senior_balance_keur,approximate,
Senior Debt,Senior Closing Balance,Excel,41,Y21H2,-43358.5,0.0,43358.5,0.0000,DS!senior_principal_keur (cumulative),result.periods[i].senior_balance_keur,approximate,
Senior Debt,Senior Closing Balance,Python,41,Y21H2,-43358.5,0.0,43358.5,0.0000,DS!senior_principal_keur (cumulative),result.periods[i].senior_balance_keur,approximate,
Senior Debt,Senior Closing Balance,Delta,41,Y21H2,-43358.5,0.0,43358.5,1.0000,DS!senior_principal_keur (cumulative),result.periods[i].senior_balance_keur,approximate,
Senior Debt,Senior Closing Balance,Excel,42,Y22H1,-43358.5,0.0,43358.5,0.0000,DS!senior_principal_keur (cumulative),result.periods[i].senior_balance_keur,approximate,
Senior Debt,Senior Closing Balance,Python,42,Y22H1,-43358.5,0.0,43358.5,0.0000,DS!senior_principal_keur (cumulative),result.periods[i].senior_balance_keur,approximate,
Senior Debt,Senior Closing Balance,Delta,42,Y22H1,-43358.5,0.0,43358.5,1.0000,DS!senior_principal_keur (cumulative),result.periods[i].senior_balance_keur,approximate,
Senior Debt,Senior Closing Balance,Excel,43,Y22H2,-43358.5,0.0,43358.5,0.0000,DS!senior_principal_keur (cumulative),result.periods[i].senior_balance_keur,approximate,
Senior Debt,Senior Closing Balance,Python,43,Y22H2,-43358.5,0.0,43358.5,0.0000,DS!senior_principal_keur (cumulative),result.periods[i].senior_balance_keur,approximate,
Senior Debt,Senior Closing Balance,Delta,43,Y22H2,-43358.5,0.0,43358.5,1.0000,DS!senior_principal_keur (cumulative),result.periods[i].senior_balance_keur,approximate,
Senior Debt,Senior Closing Balance,Excel,44,Y23H1,-43358.5,0.0,43358.5,0.0000,DS!senior_principal_keur (cumulative),result.periods[i].senior_balance_keur,approximate,
Senior Debt,Senior Closing Balance,Python,44,Y23H1,-43358.5,0.0,43358.5,0.0000,DS!senior_principal_keur (cumulative),result.periods[i].senior_balance_keur,approximate,
Senior Debt,Senior Closing Balance,Delta,44,Y23H1,-43358.5,0.0,43358.5,1.0000,DS!senior_principal_keur (cumulative),result.periods[i].senior_balance_keur,approximate,
Senior Debt,Senior Closing Balance,Excel,45,Y23H2,-43358.5,0.0,43358.5,0.0000,DS!senior_principal_keur (cumulative),result.periods[i].senior_balance_keur,approximate,
Senior Debt,Senior Closing Balance,Python,45,Y23H2,-43358.5,0.0,43358.5,0.0000,DS!senior_principal_keur (cumulative),result.periods[i].senior_balance_keur,approximate,
Senior Debt,Senior Closing Balance,Delta,45,Y23H2,-43358.5,0.0,43358.5,1.0000,DS!senior_principal_keur (cumulative),result.periods[i].senior_balance_keur,approximate,
Senior Debt,Senior Closing Balance,Excel,46,Y24H1,-43358.5,0.0,43358.5,0.0000,DS!senior_principal_keur (cumulative),result.periods[i].senior_balance_keur,approximate,
Senior Debt,Senior Closing Balance,Python,46,Y24H1,-43358.5,0.0,43358.5,0.0000,DS!senior_principal_keur (cumulative),result.periods[i].senior_balance_keur,approximate,
Senior Debt,Senior Closing Balance,Delta,46,Y24H1,-43358.5,0.0,43358.5,1.0000,DS!senior_principal_keur (cumulative),result.periods[i].senior_balance_keur,approximate,
Senior Debt,Senior Closing Balance,Excel,47,Y24H2,-43358.5,0.0,43358.5,0.0000,DS!senior_principal_keur (cumulative),result.periods[i].senior_balance_keur,approximate,
Senior Debt,Senior Closing Balance,Python,47,Y24H2,-43358.5,0.0,43358.5,0.0000,DS!senior_principal_keur (cumulative),result.periods[i].senior_balance_keur,approximate,
Senior Debt,Senior Closing Balance,Delta,47,Y24H2,-43358.5,0.0,43358.5,1.0000,DS!senior_principal_keur (cumulative),result.periods[i].senior_balance_keur,approximate,
Senior Debt,Senior Closing Balance,Excel,48,Y25H1,-43358.5,0.0,43358.5,0.0000,DS!senior_principal_keur (cumulative),result.periods[i].senior_balance_keur,approximate,
Senior Debt,Senior Closing Balance,Python,48,Y25H1,-43358.5,0.0,43358.5,0.0000,DS!senior_principal_keur (cumulative),result.periods[i].senior_balance_keur,approximate,
Senior Debt,Senior Closing Balance,Delta,48,Y25H1,-43358.5,0.0,43358.5,1.0000,DS!senior_principal_keur (cumulative),result.periods[i].senior_balance_keur,approximate,
Senior Debt,Senior Closing Balance,Excel,49,Y25H2,-43358.5,0.0,43358.5,0.0000,DS!senior_principal_keur (cumulative),result.periods[i].senior_balance_keur,approximate,
Senior Debt,Senior Closing Balance,Python,49,Y25H2,-43358.5,0.0,43358.5,0.0000,DS!senior_principal_keur (cumulative),result.periods[i].senior_balance_keur,approximate,
Senior Debt,Senior Closing Balance,Delta,49,Y25H2,-43358.5,0.0,43358.5,1.0000,DS!senior_principal_keur (cumulative),result.periods[i].senior_balance_keur,approximate,
Senior Debt,Senior Closing Balance,Excel,50,Y26H1,-43358.5,0.0,43358.5,0.0000,DS!senior_principal_keur (cumulative),result.periods[i].senior_balance_keur,approximate,
Senior Debt,Senior Closing Balance,Python,50,Y26H1,-43358.5,0.0,43358.5,0.0000,DS!senior_principal_keur (cumulative),result.periods[i].senior_balance_keur,approximate,
Senior Debt,Senior Closing Balance,Delta,50,Y26H1,-43358.5,0.0,43358.5,1.0000,DS!senior_principal_keur (cumulative),result.periods[i].senior_balance_keur,approximate,
Senior Debt,Senior Closing Balance,Excel,51,Y26H2,-43358.5,0.0,43358.5,0.0000,DS!senior_principal_keur (cumulative),result.periods[i].senior_balance_keur,approximate,
Senior Debt,Senior Closing Balance,Python,51,Y26H2,-43358.5,0.0,43358.5,0.0000,DS!senior_principal_keur (cumulative),result.periods[i].senior_balance_keur,approximate,
Senior Debt,Senior Closing Balance,Delta,51,Y26H2,-43358.5,0.0,43358.5,1.0000,DS!senior_principal_keur (cumulative),result.periods[i].senior_balance_keur,approximate,
Senior Debt,Senior Closing Balance,Excel,52,Y27H1,-43358.5,0.0,43358.5,0.0000,DS!senior_principal_keur (cumulative),result.periods[i].senior_balance_keur,approximate,
Senior Debt,Senior Closing Balance,Python,52,Y27H1,-43358.5,0.0,43358.5,0.0000,DS!senior_principal_keur (cumulative),result.periods[i].senior_balance_keur,approximate,
Senior Debt,Senior Closing Balance,Delta,52,Y27H1,-43358.5,0.0,43358.5,1.0000,DS!senior_principal_keur (cumulative),result.periods[i].senior_balance_keur,approximate,
Senior Debt,Senior Closing Balance,Excel,53,Y27H2,-43358.5,0.0,43358.5,0.0000,DS!senior_principal_keur (cumulative),result.periods[i].senior_balance_keur,approximate,
Senior Debt,Senior Closing Balance,Python,53,Y27H2,-43358.5,0.0,43358.5,0.0000,DS!senior_principal_keur (cumulative),result.periods[i].senior_balance_keur,approximate,
Senior Debt,Senior Closing Balance,Delta,53,Y27H2,-43358.5,0.0,43358.5,1.0000,DS!senior_principal_keur (cumulative),result.periods[i].senior_balance_keur,approximate,
Senior Debt,Senior Closing Balance,Excel,54,Y28H1,-43358.5,0.0,43358.5,0.0000,DS!senior_principal_keur (cumulative),result.periods[i].senior_balance_keur,approximate,
Senior Debt,Senior Closing Balance,Python,54,Y28H1,-43358.5,0.0,43358.5,0.0000,DS!senior_principal_keur (cumulative),result.periods[i].senior_balance_keur,approximate,
Senior Debt,Senior Closing Balance,Delta,54,Y28H1,-43358.5,0.0,43358.5,1.0000,DS!senior_principal_keur (cumulative),result.periods[i].senior_balance_keur,approximate,
Senior Debt,Senior Closing Balance,Excel,55,Y28H2,-43358.5,0.0,43358.5,0.0000,DS!senior_principal_keur (cumulative),result.periods[i].senior_balance_keur,approximate,
Senior Debt,Senior Closing Balance,Python,55,Y28H2,-43358.5,0.0,43358.5,0.0000,DS!senior_principal_keur (cumulative),result.periods[i].senior_balance_keur,approximate,
Senior Debt,Senior Closing Balance,Delta,55,Y28H2,-43358.5,0.0,43358.5,1.0000,DS!senior_principal_keur (cumulative),result.periods[i].senior_balance_keur,approximate,
Senior Debt,Senior Closing Balance,Excel,56,Y29H1,-43358.5,0.0,43358.5,0.0000,DS!senior_principal_keur (cumulative),result.periods[i].senior_balance_keur,approximate,
Senior Debt,Senior Closing Balance,Python,56,Y29H1,-43358.5,0.0,43358.5,0.0000,DS!senior_principal_keur (cumulative),result.periods[i].senior_balance_keur,approximate,
Senior Debt,Senior Closing Balance,Delta,56,Y29H1,-43358.5,0.0,43358.5,1.0000,DS!senior_principal_keur (cumulative),result.periods[i].senior_balance_keur,approximate,
Senior Debt,Senior Closing Balance,Excel,57,Y29H2,-43358.5,0.0,43358.5,0.0000,DS!senior_principal_keur (cumulative),result.periods[i].senior_balance_keur,approximate,
Senior Debt,Senior Closing Balance,Python,57,Y29H2,-43358.5,0.0,43358.5,0.0000,DS!senior_principal_keur (cumulative),result.periods[i].senior_balance_keur,approximate,
Senior Debt,Senior Closing Balance,Delta,57,Y29H2,-43358.5,0.0,43358.5,1.0000,DS!senior_principal_keur (cumulative),result.periods[i].senior_balance_keur,approximate,
Senior Debt,Senior Closing Balance,Excel,58,Y30H1,-43358.5,0.0,43358.5,0.0000,DS!senior_principal_keur (cumulative),result.periods[i].senior_balance_keur,approximate,
Senior Debt,Senior Closing Balance,Python,58,Y30H1,-43358.5,0.0,43358.5,0.0000,DS!senior_principal_keur (cumulative),result.periods[i].senior_balance_keur,approximate,
Senior Debt,Senior Closing Balance,Delta,58,Y30H1,-43358.5,0.0,43358.5,1.0000,DS!senior_principal_keur (cumulative),result.periods[i].senior_balance_keur,approximate,
Senior Debt,Senior Closing Balance,Excel,59,Y30H2,-43358.5,0.0,43358.5,0.0000,DS!senior_principal_keur (cumulative),result.periods[i].senior_balance_keur,approximate,
Senior Debt,Senior Closing Balance,Python,59,Y30H2,-43358.5,0.0,43358.5,0.0000,DS!senior_principal_keur (cumulative),result.periods[i].senior_balance_keur,approximate,
Senior Debt,Senior Closing Balance,Delta,59,Y30H2,-43358.5,0.0,43358.5,1.0000,DS!senior_principal_keur (cumulative),result.periods[i].senior_balance_keur,approximate,
SHL,SHL Gross Accrued Interest,Excel,0,Y01H1,3568.7,1286.0,-2282.6,0.0000,SHL schedule!gross_interest,result.periods[i].shl_gross_accrued_interest_keur,approximate,SHL gross-accrued is candidate driver; treatment may differ from Excel
SHL,SHL Gross Accrued Interest,Python,0,Y01H1,3568.7,1286.0,-2282.6,0.0000,SHL schedule!gross_interest,result.periods[i].shl_gross_accrued_interest_keur,approximate,SHL gross-accrued is candidate driver; treatment may differ from Excel
SHL,SHL Gross Accrued Interest,Delta,0,Y01H1,3568.7,1286.0,-2282.6,-0.6396,SHL schedule!gross_interest,result.periods[i].shl_gross_accrued_interest_keur,approximate,SHL gross-accrued is candidate driver; treatment may differ from Excel
SHL,SHL Gross Accrued Interest,Excel,1,Y01H2,1297.4,1307.4,10.0,0.0000,SHL schedule!gross_interest,result.periods[i].shl_gross_accrued_interest_keur,approximate,SHL gross-accrued is candidate driver; treatment may differ from Excel
SHL,SHL Gross Accrued Interest,Python,1,Y01H2,1297.4,1307.4,10.0,0.0000,SHL schedule!gross_interest,result.periods[i].shl_gross_accrued_interest_keur,approximate,SHL gross-accrued is candidate driver; treatment may differ from Excel
SHL,SHL Gross Accrued Interest,Delta,1,Y01H2,1297.4,1307.4,10.0,0.0077,SHL schedule!gross_interest,result.periods[i].shl_gross_accrued_interest_keur,approximate,SHL gross-accrued is candidate driver; treatment may differ from Excel
SHL,SHL Gross Accrued Interest,Excel,2,Y02H1,1332.8,1294.2,-38.5,0.0000,SHL schedule!gross_interest,result.periods[i].shl_gross_accrued_interest_keur,approximate,SHL gross-accrued is candidate driver; treatment may differ from Excel
SHL,SHL Gross Accrued Interest,Python,2,Y02H1,1332.8,1294.2,-38.5,0.0000,SHL schedule!gross_interest,result.periods[i].shl_gross_accrued_interest_keur,approximate,SHL gross-accrued is candidate driver; treatment may differ from Excel
SHL,SHL Gross Accrued Interest,Delta,2,Y02H1,1332.8,1294.2,-38.5,-0.0289,SHL schedule!gross_interest,result.periods[i].shl_gross_accrued_interest_keur,approximate,SHL gross-accrued is candidate driver; treatment may differ from Excel
SHL,SHL Gross Accrued Interest,Excel,3,Y02H2,1325.4,1323.7,-1.7,0.0000,SHL schedule!gross_interest,result.periods[i].shl_gross_accrued_interest_keur,approximate,SHL gross-accrued is candidate driver; treatment may differ from Excel
SHL,SHL Gross Accrued Interest,Python,3,Y02H2,1325.4,1323.7,-1.7,0.0000,SHL schedule!gross_interest,result.periods[i].shl_gross_accrued_interest_keur,approximate,SHL gross-accrued is candidate driver; treatment may differ from Excel
SHL,SHL Gross Accrued Interest,Delta,3,Y02H2,1325.4,1323.7,-1.7,-0.0013,SHL schedule!gross_interest,result.periods[i].shl_gross_accrued_interest_keur,approximate,SHL gross-accrued is candidate driver; treatment may differ from Excel
SHL,SHL Gross Accrued Interest,Excel,4,Y03H1,1361.9,1314.1,-47.8,0.0000,SHL schedule!gross_interest,result.periods[i].shl_gross_accrued_interest_keur,approximate,SHL gross-accrued is candidate driver; treatment may differ from Excel
SHL,SHL Gross Accrued Interest,Python,4,Y03H1,1361.9,1314.1,-47.8,0.0000,SHL schedule!gross_interest,result.periods[i].shl_gross_accrued_interest_keur,approximate,SHL gross-accrued is candidate driver; treatment may differ from Excel
SHL,SHL Gross Accrued Interest,Delta,4,Y03H1,1361.9,1314.1,-47.8,-0.0351,SHL schedule!gross_interest,result.periods[i].shl_gross_accrued_interest_keur,approximate,SHL gross-accrued is candidate driver; treatment may differ from Excel
SHL,SHL Gross Accrued Interest,Excel,5,Y03H2,1362.2,1336.7,-25.5,0.0000,SHL schedule!gross_interest,result.periods[i].shl_gross_accrued_interest_keur,approximate,SHL gross-accrued is candidate driver; treatment may differ from Excel
SHL,SHL Gross Accrued Interest,Python,5,Y03H2,1362.2,1336.7,-25.5,0.0000,SHL schedule!gross_interest,result.periods[i].shl_gross_accrued_interest_keur,approximate,SHL gross-accrued is candidate driver; treatment may differ from Excel
SHL,SHL Gross Accrued Interest,Delta,5,Y03H2,1362.2,1336.7,-25.5,-0.0187,SHL schedule!gross_interest,result.periods[i].shl_gross_accrued_interest_keur,approximate,SHL gross-accrued is candidate driver; treatment may differ from Excel
SHL,SHL Gross Accrued Interest,Excel,6,Y04H1,1392.7,1327.0,-65.7,0.0000,SHL schedule!gross_interest,result.periods[i].shl_gross_accrued_interest_keur,approximate,SHL gross-accrued is candidate driver; treatment may differ from Excel
SHL,SHL Gross Accrued Interest,Python,6,Y04H1,1392.7,1327.0,-65.7,0.0000,SHL schedule!gross_interest,result.periods[i].shl_gross_accrued_interest_keur,approximate,SHL gross-accrued is candidate driver; treatment may differ from Excel
SHL,SHL Gross Accrued Interest,Delta,6,Y04H1,1392.7,1327.0,-65.7,-0.0472,SHL schedule!gross_interest,result.periods[i].shl_gross_accrued_interest_keur,approximate,SHL gross-accrued is candidate driver; treatment may differ from Excel
SHL,SHL Gross Accrued Interest,Excel,7,Y04H2,1386.1,1357.3,-28.8,0.0000,SHL schedule!gross_interest,result.periods[i].shl_gross_accrued_interest_keur,approximate,SHL gross-accrued is candidate driver; treatment may differ from Excel
SHL,SHL Gross Accrued Interest,Python,7,Y04H2,1386.1,1357.3,-28.8,0.0000,SHL schedule!gross_interest,result.periods[i].shl_gross_accrued_interest_keur,approximate,SHL gross-accrued is candidate driver; treatment may differ from Excel
SHL,SHL Gross Accrued Interest,Delta,7,Y04H2,1386.1,1357.3,-28.8,-0.0208,SHL schedule!gross_interest,result.periods[i].shl_gross_accrued_interest_keur,approximate,SHL gross-accrued is candidate driver; treatment may differ from Excel
SHL,SHL Gross Accrued Interest,Excel,8,Y05H1,1425.1,1343.8,-81.4,0.0000,SHL schedule!gross_interest,result.periods[i].shl_gross_accrued_interest_keur,approximate,SHL gross-accrued is candidate driver; treatment may differ from Excel
SHL,SHL Gross Accrued Interest,Python,8,Y05H1,1425.1,1343.8,-81.4,0.0000,SHL schedule!gross_interest,result.periods[i].shl_gross_accrued_interest_keur,approximate,SHL gross-accrued is candidate driver; treatment may differ from Excel
SHL,SHL Gross Accrued Interest,Delta,8,Y05H1,1425.1,1343.8,-81.4,-0.0571,SHL schedule!gross_interest,result.periods[i].shl_gross_accrued_interest_keur,approximate,SHL gross-accrued is candidate driver; treatment may differ from Excel
SHL,SHL Gross Accrued Interest,Excel,9,Y05H2,1418.6,1374.6,-44.0,0.0000,SHL schedule!gross_interest,result.periods[i].shl_gross_accrued_interest_keur,approximate,SHL gross-accrued is candidate driver; treatment may differ from Excel
SHL,SHL Gross Accrued Interest,Python,9,Y05H2,1418.6,1374.6,-44.0,0.0000,SHL schedule!gross_interest,result.periods[i].shl_gross_accrued_interest_keur,approximate,SHL gross-accrued is candidate driver; treatment may differ from Excel
SHL,SHL Gross Accrued Interest,Delta,9,Y05H2,1418.6,1374.6,-44.0,-0.0311,SHL schedule!gross_interest,result.periods[i].shl_gross_accrued_interest_keur,approximate,SHL gross-accrued is candidate driver; treatment may differ from Excel
SHL,SHL Gross Accrued Interest,Excel,10,Y06H1,1459.0,1361.0,-98.0,0.0000,SHL schedule!gross_interest,result.periods[i].shl_gross_accrued_interest_keur,approximate,SHL gross-accrued is candidate driver; treatment may differ from Excel
SHL,SHL Gross Accrued Interest,Python,10,Y06H1,1459.0,1361.0,-98.0,0.0000,SHL schedule!gross_interest,result.periods[i].shl_gross_accrued_interest_keur,approximate,SHL gross-accrued is candidate driver; treatment may differ from Excel
SHL,SHL Gross Accrued Interest,Delta,10,Y06H1,1459.0,1361.0,-98.0,-0.0672,SHL schedule!gross_interest,result.periods[i].shl_gross_accrued_interest_keur,approximate,SHL gross-accrued is candidate driver; treatment may differ from Excel
SHL,SHL Gross Accrued Interest,Excel,11,Y06H2,1452.8,1391.9,-60.9,0.0000,SHL schedule!gross_interest,result.periods[i].shl_gross_accrued_interest_keur,approximate,SHL gross-accrued is candidate driver; treatment may differ from Excel
SHL,SHL Gross Accrued Interest,Python,11,Y06H2,1452.8,1391.9,-60.9,0.0000,SHL schedule!gross_interest,result.periods[i].shl_gross_accrued_interest_keur,approximate,SHL gross-accrued is candidate driver; treatment may differ from Excel
SHL,SHL Gross Accrued Interest,Delta,11,Y06H2,1452.8,1391.9,-60.9,-0.0419,SHL schedule!gross_interest,result.periods[i].shl_gross_accrued_interest_keur,approximate,SHL gross-accrued is candidate driver; treatment may differ from Excel
SHL,SHL Gross Accrued Interest,Excel,12,Y07H1,1494.7,1381.7,-113.0,0.0000,SHL schedule!gross_interest,result.periods[i].shl_gross_accrued_interest_keur,approximate,SHL gross-accrued is candidate driver; treatment may differ from Excel
SHL,SHL Gross Accrued Interest,Python,12,Y07H1,1494.7,1381.7,-113.0,0.0000,SHL schedule!gross_interest,result.periods[i].shl_gross_accrued_interest_keur,approximate,SHL gross-accrued is candidate driver; treatment may differ from Excel
SHL,SHL Gross Accrued Interest,Delta,12,Y07H1,1494.7,1381.7,-113.0,-0.0756,SHL schedule!gross_interest,result.periods[i].shl_gross_accrued_interest_keur,approximate,SHL gross-accrued is candidate driver; treatment may differ from Excel
SHL,SHL Gross Accrued Interest,Excel,13,Y07H2,1497.1,1405.1,-92.0,0.0000,SHL schedule!gross_interest,result.periods[i].shl_gross_accrued_interest_keur,approximate,SHL gross-accrued is candidate driver; treatment may differ from Excel
SHL,SHL Gross Accrued Interest,Python,13,Y07H2,1497.1,1405.1,-92.0,0.0000,SHL schedule!gross_interest,result.periods[i].shl_gross_accrued_interest_keur,approximate,SHL gross-accrued is candidate driver; treatment may differ from Excel
SHL,SHL Gross Accrued Interest,Delta,13,Y07H2,1497.1,1405.1,-92.0,-0.0615,SHL schedule!gross_interest,result.periods[i].shl_gross_accrued_interest_keur,approximate,SHL gross-accrued is candidate driver; treatment may differ from Excel
SHL,SHL Gross Accrued Interest,Excel,14,Y08H1,1532.3,1394.5,-137.8,0.0000,SHL schedule!gross_interest,result.periods[i].shl_gross_accrued_interest_keur,approximate,SHL gross-accrued is candidate driver; treatment may differ from Excel
SHL,SHL Gross Accrued Interest,Python,14,Y08H1,1532.3,1394.5,-137.8,0.0000,SHL schedule!gross_interest,result.periods[i].shl_gross_accrued_interest_keur,approximate,SHL gross-accrued is candidate driver; treatment may differ from Excel
SHL,SHL Gross Accrued Interest,Delta,14,Y08H1,1532.3,1394.5,-137.8,-0.0900,SHL schedule!gross_interest,result.periods[i].shl_gross_accrued_interest_keur,approximate,SHL gross-accrued is candidate driver; treatment may differ from Excel
SHL,SHL Gross Accrued Interest,Excel,15,Y08H2,1526.7,1425.5,-101.1,0.0000,SHL schedule!gross_interest,result.periods[i].shl_gross_accrued_interest_keur,approximate,SHL gross-accrued is candidate driver; treatment may differ from Excel
SHL,SHL Gross Accrued Interest,Python,15,Y08H2,1526.7,1425.5,-101.1,0.0000,SHL schedule!gross_interest,result.periods[i].shl_gross_accrued_interest_keur,approximate,SHL gross-accrued is candidate driver; treatment may differ from Excel
SHL,SHL Gross Accrued Interest,Delta,15,Y08H2,1526.7,1425.5,-101.1,-0.0663,SHL schedule!gross_interest,result.periods[i].shl_gross_accrued_interest_keur,approximate,SHL gross-accrued is candidate driver; treatment may differ from Excel
SHL,SHL Gross Accrued Interest,Excel,16,Y09H1,1571.1,1410.5,-160.6,0.0000,SHL schedule!gross_interest,result.periods[i].shl_gross_accrued_interest_keur,approximate,SHL gross-accrued is candidate driver; treatment may differ from Excel
SHL,SHL Gross Accrued Interest,Python,16,Y09H1,1571.1,1410.5,-160.6,0.0000,SHL schedule!gross_interest,result.periods[i].shl_gross_accrued_interest_keur,approximate,SHL gross-accrued is candidate driver; treatment may differ from Excel
SHL,SHL Gross Accrued Interest,Delta,16,Y09H1,1571.1,1410.5,-160.6,-0.1022,SHL schedule!gross_interest,result.periods[i].shl_gross_accrued_interest_keur,approximate,SHL gross-accrued is candidate driver; treatment may differ from Excel
SHL,SHL Gross Accrued Interest,Excel,17,Y09H2,1565.3,1441.5,-123.9,0.0000,SHL schedule!gross_interest,result.periods[i].shl_gross_accrued_interest_keur,approximate,SHL gross-accrued is candidate driver; treatment may differ from Excel
SHL,SHL Gross Accrued Interest,Python,17,Y09H2,1565.3,1441.5,-123.9,0.0000,SHL schedule!gross_interest,result.periods[i].shl_gross_accrued_interest_keur,approximate,SHL gross-accrued is candidate driver; treatment may differ from Excel
SHL,SHL Gross Accrued Interest,Delta,17,Y09H2,1565.3,1441.5,-123.9,-0.0791,SHL schedule!gross_interest,result.periods[i].shl_gross_accrued_interest_keur,approximate,SHL gross-accrued is candidate driver; treatment may differ from Excel
SHL,SHL Gross Accrued Interest,Excel,18,Y10H1,1611.0,1425.9,-185.1,0.0000,SHL schedule!gross_interest,result.periods[i].shl_gross_accrued_interest_keur,approximate,SHL gross-accrued is candidate driver; treatment may differ from Excel
SHL,SHL Gross Accrued Interest,Python,18,Y10H1,1611.0,1425.9,-185.1,0.0000,SHL schedule!gross_interest,result.periods[i].shl_gross_accrued_interest_keur,approximate,SHL gross-accrued is candidate driver; treatment may differ from Excel
SHL,SHL Gross Accrued Interest,Delta,18,Y10H1,1611.0,1425.9,-185.1,-0.1149,SHL schedule!gross_interest,result.periods[i].shl_gross_accrued_interest_keur,approximate,SHL gross-accrued is candidate driver; treatment may differ from Excel
SHL,SHL Gross Accrued Interest,Excel,19,Y10H2,1605.3,1456.8,-148.5,0.0000,SHL schedule!gross_interest,result.periods[i].shl_gross_accrued_interest_keur,approximate,SHL gross-accrued is candidate driver; treatment may differ from Excel
SHL,SHL Gross Accrued Interest,Python,19,Y10H2,1605.3,1456.8,-148.5,0.0000,SHL schedule!gross_interest,result.periods[i].shl_gross_accrued_interest_keur,approximate,SHL gross-accrued is candidate driver; treatment may differ from Excel
SHL,SHL Gross Accrued Interest,Delta,19,Y10H2,1605.3,1456.8,-148.5,-0.0925,SHL schedule!gross_interest,result.periods[i].shl_gross_accrued_interest_keur,approximate,SHL gross-accrued is candidate driver; treatment may differ from Excel
SHL,SHL Gross Accrued Interest,Excel,20,Y11H1,1652.3,1444.6,-207.7,0.0000,SHL schedule!gross_interest,result.periods[i].shl_gross_accrued_interest_keur,approximate,SHL gross-accrued is candidate driver; treatment may differ from Excel
SHL,SHL Gross Accrued Interest,Python,20,Y11H1,1652.3,1444.6,-207.7,0.0000,SHL schedule!gross_interest,result.periods[i].shl_gross_accrued_interest_keur,approximate,SHL gross-accrued is candidate driver; treatment may differ from Excel
SHL,SHL Gross Accrued Interest,Delta,20,Y11H1,1652.3,1444.6,-207.7,-0.1257,SHL schedule!gross_interest,result.periods[i].shl_gross_accrued_interest_keur,approximate,SHL gross-accrued is candidate driver; treatment may differ from Excel
SHL,SHL Gross Accrued Interest,Excel,21,Y11H2,1655.7,1467.4,-188.3,0.0000,SHL schedule!gross_interest,result.periods[i].shl_gross_accrued_interest_keur,approximate,SHL gross-accrued is candidate driver; treatment may differ from Excel
SHL,SHL Gross Accrued Interest,Python,21,Y11H2,1655.7,1467.4,-188.3,0.0000,SHL schedule!gross_interest,result.periods[i].shl_gross_accrued_interest_keur,approximate,SHL gross-accrued is candidate driver; treatment may differ from Excel
SHL,SHL Gross Accrued Interest,Delta,21,Y11H2,1655.7,1467.4,-188.3,-0.1137,SHL schedule!gross_interest,result.periods[i].shl_gross_accrued_interest_keur,approximate,SHL gross-accrued is candidate driver; treatment may differ from Excel
SHL,SHL Gross Accrued Interest,Excel,22,Y12H1,1695.4,1466.3,-229.2,0.0000,SHL schedule!gross_interest,result.periods[i].shl_gross_accrued_interest_keur,approximate,SHL gross-accrued is candidate driver; treatment may differ from Excel
SHL,SHL Gross Accrued Interest,Python,22,Y12H1,1695.4,1466.3,-229.2,0.0000,SHL schedule!gross_interest,result.periods[i].shl_gross_accrued_interest_keur,approximate,SHL gross-accrued is candidate driver; treatment may differ from Excel
SHL,SHL Gross Accrued Interest,Delta,22,Y12H1,1695.4,1466.3,-229.2,-0.1352,SHL schedule!gross_interest,result.periods[i].shl_gross_accrued_interest_keur,approximate,SHL gross-accrued is candidate driver; treatment may differ from Excel
SHL,SHL Gross Accrued Interest,Excel,23,Y12H2,1690.1,1497.6,-192.5,0.0000,SHL schedule!gross_interest,result.periods[i].shl_gross_accrued_interest_keur,approximate,SHL gross-accrued is candidate driver; treatment may differ from Excel
SHL,SHL Gross Accrued Interest,Python,23,Y12H2,1690.1,1497.6,-192.5,0.0000,SHL schedule!gross_interest,result.periods[i].shl_gross_accrued_interest_keur,approximate,SHL gross-accrued is candidate driver; treatment may differ from Excel
SHL,SHL Gross Accrued Interest,Delta,23,Y12H2,1690.1,1497.6,-192.5,-0.1139,SHL schedule!gross_interest,result.periods[i].shl_gross_accrued_interest_keur,approximate,SHL gross-accrued is candidate driver; treatment may differ from Excel
SHL,SHL Gross Accrued Interest,Excel,24,Y13H1,1740.2,1495.4,-244.8,0.0000,SHL schedule!gross_interest,result.periods[i].shl_gross_accrued_interest_keur,approximate,SHL gross-accrued is candidate driver; treatment may differ from Excel
SHL,SHL Gross Accrued Interest,Python,24,Y13H1,1740.2,1495.4,-244.8,0.0000,SHL schedule!gross_interest,result.periods[i].shl_gross_accrued_interest_keur,approximate,SHL gross-accrued is candidate driver; treatment may differ from Excel
SHL,SHL Gross Accrued Interest,Delta,24,Y13H1,1740.2,1495.4,-244.8,-0.1407,SHL schedule!gross_interest,result.periods[i].shl_gross_accrued_interest_keur,approximate,SHL gross-accrued is candidate driver; treatment may differ from Excel
SHL,SHL Gross Accrued Interest,Excel,25,Y13H2,1734.9,1520.2,-214.6,0.0000,SHL schedule!gross_interest,result.periods[i].shl_gross_accrued_interest_keur,approximate,SHL gross-accrued is candidate driver; treatment may differ from Excel
SHL,SHL Gross Accrued Interest,Python,25,Y13H2,1734.9,1520.2,-214.6,0.0000,SHL schedule!gross_interest,result.periods[i].shl_gross_accrued_interest_keur,approximate,SHL gross-accrued is candidate driver; treatment may differ from Excel
SHL,SHL Gross Accrued Interest,Delta,25,Y13H2,1734.9,1520.2,-214.6,-0.1237,SHL schedule!gross_interest,result.periods[i].shl_gross_accrued_interest_keur,approximate,SHL gross-accrued is candidate driver; treatment may differ from Excel
SHL,SHL Gross Accrued Interest,Excel,26,Y14H1,1703.2,1495.4,-207.7,0.0000,SHL schedule!gross_interest,result.periods[i].shl_gross_accrued_interest_keur,approximate,SHL gross-accrued is candidate driver; treatment may differ from Excel
SHL,SHL Gross Accrued Interest,Python,26,Y14H1,1703.2,1495.4,-207.7,0.0000,SHL schedule!gross_interest,result.periods[i].shl_gross_accrued_interest_keur,approximate,SHL gross-accrued is candidate driver; treatment may differ from Excel
SHL,SHL Gross Accrued Interest,Delta,26,Y14H1,1703.2,1495.4,-207.7,-0.1220,SHL schedule!gross_interest,result.periods[i].shl_gross_accrued_interest_keur,approximate,SHL gross-accrued is candidate driver; treatment may differ from Excel
SHL,SHL Gross Accrued Interest,Excel,27,Y14H2,1617.3,1520.2,-97.1,0.0000,SHL schedule!gross_interest,result.periods[i].shl_gross_accrued_interest_keur,approximate,SHL gross-accrued is candidate driver; treatment may differ from Excel
SHL,SHL Gross Accrued Interest,Python,27,Y14H2,1617.3,1520.2,-97.1,0.0000,SHL schedule!gross_interest,result.periods[i].shl_gross_accrued_interest_keur,approximate,SHL gross-accrued is candidate driver; treatment may differ from Excel
SHL,SHL Gross Accrued Interest,Delta,27,Y14H2,1617.3,1520.2,-97.1,-0.0600,SHL schedule!gross_interest,result.periods[i].shl_gross_accrued_interest_keur,approximate,SHL gross-accrued is candidate driver; treatment may differ from Excel
SHL,SHL Gross Accrued Interest,Excel,28,Y15H1,1577.7,1499.6,-78.1,0.0000,SHL schedule!gross_interest,result.periods[i].shl_gross_accrued_interest_keur,approximate,SHL gross-accrued is candidate driver; treatment may differ from Excel
SHL,SHL Gross Accrued Interest,Python,28,Y15H1,1577.7,1499.6,-78.1,0.0000,SHL schedule!gross_interest,result.periods[i].shl_gross_accrued_interest_keur,approximate,SHL gross-accrued is candidate driver; treatment may differ from Excel
SHL,SHL Gross Accrued Interest,Delta,28,Y15H1,1577.7,1499.6,-78.1,-0.0495,SHL schedule!gross_interest,result.periods[i].shl_gross_accrued_interest_keur,approximate,SHL gross-accrued is candidate driver; treatment may differ from Excel
SHL,SHL Gross Accrued Interest,Excel,29,Y15H2,1527.9,1329.1,-198.7,0.0000,SHL schedule!gross_interest,result.periods[i].shl_gross_accrued_interest_keur,approximate,SHL gross-accrued is candidate driver; treatment may differ from Excel
SHL,SHL Gross Accrued Interest,Python,29,Y15H2,1527.9,1329.1,-198.7,0.0000,SHL schedule!gross_interest,result.periods[i].shl_gross_accrued_interest_keur,approximate,SHL gross-accrued is candidate driver; treatment may differ from Excel
SHL,SHL Gross Accrued Interest,Delta,29,Y15H2,1527.9,1329.1,-198.7,-0.1301,SHL schedule!gross_interest,result.periods[i].shl_gross_accrued_interest_keur,approximate,SHL gross-accrued is candidate driver; treatment may differ from Excel
SHL,SHL Gross Accrued Interest,Excel,30,Y16H1,1356.6,1153.2,-203.4,0.0000,SHL schedule!gross_interest,result.periods[i].shl_gross_accrued_interest_keur,approximate,SHL gross-accrued is candidate driver; treatment may differ from Excel
SHL,SHL Gross Accrued Interest,Python,30,Y16H1,1356.6,1153.2,-203.4,0.0000,SHL schedule!gross_interest,result.periods[i].shl_gross_accrued_interest_keur,approximate,SHL gross-accrued is candidate driver; treatment may differ from Excel
SHL,SHL Gross Accrued Interest,Delta,30,Y16H1,1356.6,1153.2,-203.4,-0.1499,SHL schedule!gross_interest,result.periods[i].shl_gross_accrued_interest_keur,approximate,SHL gross-accrued is candidate driver; treatment may differ from Excel
SHL,SHL Gross Accrued Interest,Excel,31,Y16H2,1183.0,969.7,-213.3,0.0000,SHL schedule!gross_interest,result.periods[i].shl_gross_accrued_interest_keur,approximate,SHL gross-accrued is candidate driver; treatment may differ from Excel
SHL,SHL Gross Accrued Interest,Python,31,Y16H2,1183.0,969.7,-213.3,0.0000,SHL schedule!gross_interest,result.periods[i].shl_gross_accrued_interest_keur,approximate,SHL gross-accrued is candidate driver; treatment may differ from Excel
SHL,SHL Gross Accrued Interest,Delta,31,Y16H2,1183.0,969.7,-213.3,-0.1803,SHL schedule!gross_interest,result.periods[i].shl_gross_accrued_interest_keur,approximate,SHL gross-accrued is candidate driver; treatment may differ from Excel
SHL,SHL Gross Accrued Interest,Excel,32,Y17H1,999.8,779.7,-220.1,0.0000,SHL schedule!gross_interest,result.periods[i].shl_gross_accrued_interest_keur,approximate,SHL gross-accrued is candidate driver; treatment may differ from Excel
SHL,SHL Gross Accrued Interest,Python,32,Y17H1,999.8,779.7,-220.1,0.0000,SHL schedule!gross_interest,result.periods[i].shl_gross_accrued_interest_keur,approximate,SHL gross-accrued is candidate driver; treatment may differ from Excel
SHL,SHL Gross Accrued Interest,Delta,32,Y17H1,999.8,779.7,-220.1,-0.2201,SHL schedule!gross_interest,result.periods[i].shl_gross_accrued_interest_keur,approximate,SHL gross-accrued is candidate driver; treatment may differ from Excel
SHL,SHL Gross Accrued Interest,Excel,33,Y17H2,821.2,567.1,-254.0,0.0000,SHL schedule!gross_interest,result.periods[i].shl_gross_accrued_interest_keur,approximate,SHL gross-accrued is candidate driver; treatment may differ from Excel
SHL,SHL Gross Accrued Interest,Python,33,Y17H2,821.2,567.1,-254.0,0.0000,SHL schedule!gross_interest,result.periods[i].shl_gross_accrued_interest_keur,approximate,SHL gross-accrued is candidate driver; treatment may differ from Excel
SHL,SHL Gross Accrued Interest,Delta,33,Y17H2,821.2,567.1,-254.0,-0.3094,SHL schedule!gross_interest,result.periods[i].shl_gross_accrued_interest_keur,approximate,SHL gross-accrued is candidate driver; treatment may differ from Excel
SHL,SHL Gross Accrued Interest,Excel,34,Y18H1,608.9,361.3,-247.5,0.0000,SHL schedule!gross_interest,result.periods[i].shl_gross_accrued_interest_keur,approximate,SHL gross-accrued is candidate driver; treatment may differ from Excel
SHL,SHL Gross Accrued Interest,Python,34,Y18H1,608.9,361.3,-247.5,0.0000,SHL schedule!gross_interest,result.periods[i].shl_gross_accrued_interest_keur,approximate,SHL gross-accrued is candidate driver; treatment may differ from Excel
SHL,SHL Gross Accrued Interest,Delta,34,Y18H1,608.9,361.3,-247.5,-0.4065,SHL schedule!gross_interest,result.periods[i].shl_gross_accrued_interest_keur,approximate,SHL gross-accrued is candidate driver; treatment may differ from Excel
SHL,SHL Gross Accrued Interest,Excel,35,Y18H2,421.1,119.1,-302.0,0.0000,SHL schedule!gross_interest,result.periods[i].shl_gross_accrued_interest_keur,approximate,SHL gross-accrued is candidate driver; treatment may differ from Excel
SHL,SHL Gross Accrued Interest,Python,35,Y18H2,421.1,119.1,-302.0,0.0000,SHL schedule!gross_interest,result.periods[i].shl_gross_accrued_interest_keur,approximate,SHL gross-accrued is candidate driver; treatment may differ from Excel
SHL,SHL Gross Accrued Interest,Delta,35,Y18H2,421.1,119.1,-302.0,-0.7171,SHL schedule!gross_interest,result.periods[i].shl_gross_accrued_interest_keur,approximate,SHL gross-accrued is candidate driver; treatment may differ from Excel
SHL,SHL Gross Accrued Interest,Excel,36,Y19H1,179.4,0.0,-179.4,0.0000,SHL schedule!gross_interest,result.periods[i].shl_gross_accrued_interest_keur,approximate,SHL gross-accrued is candidate driver; treatment may differ from Excel
SHL,SHL Gross Accrued Interest,Python,36,Y19H1,179.4,0.0,-179.4,0.0000,SHL schedule!gross_interest,result.periods[i].shl_gross_accrued_interest_keur,approximate,SHL gross-accrued is candidate driver; treatment may differ from Excel
SHL,SHL Gross Accrued Interest,Delta,36,Y19H1,179.4,0.0,-179.4,-1.0000,SHL schedule!gross_interest,result.periods[i].shl_gross_accrued_interest_keur,approximate,SHL gross-accrued is candidate driver; treatment may differ from Excel
SHL,SHL Gross Accrued Interest,Excel,37,Y19H2,0.0,0.0,0.0,0.0000,SHL schedule!gross_interest,result.periods[i].shl_gross_accrued_interest_keur,approximate,SHL gross-accrued is candidate driver; treatment may differ from Excel
SHL,SHL Gross Accrued Interest,Python,37,Y19H2,0.0,0.0,0.0,0.0000,SHL schedule!gross_interest,result.periods[i].shl_gross_accrued_interest_keur,approximate,SHL gross-accrued is candidate driver; treatment may differ from Excel
SHL,SHL Gross Accrued Interest,Delta,37,Y19H2,0.0,0.0,0.0,0.0000,SHL schedule!gross_interest,result.periods[i].shl_gross_accrued_interest_keur,approximate,SHL gross-accrued is candidate driver; treatment may differ from Excel
SHL,SHL Gross Accrued Interest,Excel,38,Y20H1,0.0,0.0,0.0,0.0000,SHL schedule!gross_interest,result.periods[i].shl_gross_accrued_interest_keur,approximate,SHL gross-accrued is candidate driver; treatment may differ from Excel
SHL,SHL Gross Accrued Interest,Python,38,Y20H1,0.0,0.0,0.0,0.0000,SHL schedule!gross_interest,result.periods[i].shl_gross_accrued_interest_keur,approximate,SHL gross-accrued is candidate driver; treatment may differ from Excel
SHL,SHL Gross Accrued Interest,Delta,38,Y20H1,0.0,0.0,0.0,0.0000,SHL schedule!gross_interest,result.periods[i].shl_gross_accrued_interest_keur,approximate,SHL gross-accrued is candidate driver; treatment may differ from Excel
SHL,SHL Gross Accrued Interest,Excel,39,Y20H2,0.0,0.0,0.0,0.0000,SHL schedule!gross_interest,result.periods[i].shl_gross_accrued_interest_keur,approximate,SHL gross-accrued is candidate driver; treatment may differ from Excel
SHL,SHL Gross Accrued Interest,Python,39,Y20H2,0.0,0.0,0.0,0.0000,SHL schedule!gross_interest,result.periods[i].shl_gross_accrued_interest_keur,approximate,SHL gross-accrued is candidate driver; treatment may differ from Excel
SHL,SHL Gross Accrued Interest,Delta,39,Y20H2,0.0,0.0,0.0,0.0000,SHL schedule!gross_interest,result.periods[i].shl_gross_accrued_interest_keur,approximate,SHL gross-accrued is candidate driver; treatment may differ from Excel
SHL,SHL Gross Accrued Interest,Excel,40,Y21H1,0.0,0.0,0.0,0.0000,SHL schedule!gross_interest,result.periods[i].shl_gross_accrued_interest_keur,approximate,SHL gross-accrued is candidate driver; treatment may differ from Excel
SHL,SHL Gross Accrued Interest,Python,40,Y21H1,0.0,0.0,0.0,0.0000,SHL schedule!gross_interest,result.periods[i].shl_gross_accrued_interest_keur,approximate,SHL gross-accrued is candidate driver; treatment may differ from Excel
SHL,SHL Gross Accrued Interest,Delta,40,Y21H1,0.0,0.0,0.0,0.0000,SHL schedule!gross_interest,result.periods[i].shl_gross_accrued_interest_keur,approximate,SHL gross-accrued is candidate driver; treatment may differ from Excel
SHL,SHL Gross Accrued Interest,Excel,41,Y21H2,0.0,0.0,0.0,0.0000,SHL schedule!gross_interest,result.periods[i].shl_gross_accrued_interest_keur,approximate,SHL gross-accrued is candidate driver; treatment may differ from Excel
SHL,SHL Gross Accrued Interest,Python,41,Y21H2,0.0,0.0,0.0,0.0000,SHL schedule!gross_interest,result.periods[i].shl_gross_accrued_interest_keur,approximate,SHL gross-accrued is candidate driver; treatment may differ from Excel
SHL,SHL Gross Accrued Interest,Delta,41,Y21H2,0.0,0.0,0.0,0.0000,SHL schedule!gross_interest,result.periods[i].shl_gross_accrued_interest_keur,approximate,SHL gross-accrued is candidate driver; treatment may differ from Excel
SHL,SHL Gross Accrued Interest,Excel,42,Y22H1,0.0,0.0,0.0,0.0000,SHL schedule!gross_interest,result.periods[i].shl_gross_accrued_interest_keur,approximate,SHL gross-accrued is candidate driver; treatment may differ from Excel
SHL,SHL Gross Accrued Interest,Python,42,Y22H1,0.0,0.0,0.0,0.0000,SHL schedule!gross_interest,result.periods[i].shl_gross_accrued_interest_keur,approximate,SHL gross-accrued is candidate driver; treatment may differ from Excel
SHL,SHL Gross Accrued Interest,Delta,42,Y22H1,0.0,0.0,0.0,0.0000,SHL schedule!gross_interest,result.periods[i].shl_gross_accrued_interest_keur,approximate,SHL gross-accrued is candidate driver; treatment may differ from Excel
SHL,SHL Gross Accrued Interest,Excel,43,Y22H2,0.0,0.0,0.0,0.0000,SHL schedule!gross_interest,result.periods[i].shl_gross_accrued_interest_keur,approximate,SHL gross-accrued is candidate driver; treatment may differ from Excel
SHL,SHL Gross Accrued Interest,Python,43,Y22H2,0.0,0.0,0.0,0.0000,SHL schedule!gross_interest,result.periods[i].shl_gross_accrued_interest_keur,approximate,SHL gross-accrued is candidate driver; treatment may differ from Excel
SHL,SHL Gross Accrued Interest,Delta,43,Y22H2,0.0,0.0,0.0,0.0000,SHL schedule!gross_interest,result.periods[i].shl_gross_accrued_interest_keur,approximate,SHL gross-accrued is candidate driver; treatment may differ from Excel
SHL,SHL Gross Accrued Interest,Excel,44,Y23H1,0.0,0.0,0.0,0.0000,SHL schedule!gross_interest,result.periods[i].shl_gross_accrued_interest_keur,approximate,SHL gross-accrued is candidate driver; treatment may differ from Excel
SHL,SHL Gross Accrued Interest,Python,44,Y23H1,0.0,0.0,0.0,0.0000,SHL schedule!gross_interest,result.periods[i].shl_gross_accrued_interest_keur,approximate,SHL gross-accrued is candidate driver; treatment may differ from Excel
SHL,SHL Gross Accrued Interest,Delta,44,Y23H1,0.0,0.0,0.0,0.0000,SHL schedule!gross_interest,result.periods[i].shl_gross_accrued_interest_keur,approximate,SHL gross-accrued is candidate driver; treatment may differ from Excel
SHL,SHL Gross Accrued Interest,Excel,45,Y23H2,0.0,0.0,0.0,0.0000,SHL schedule!gross_interest,result.periods[i].shl_gross_accrued_interest_keur,approximate,SHL gross-accrued is candidate driver; treatment may differ from Excel
SHL,SHL Gross Accrued Interest,Python,45,Y23H2,0.0,0.0,0.0,0.0000,SHL schedule!gross_interest,result.periods[i].shl_gross_accrued_interest_keur,approximate,SHL gross-accrued is candidate driver; treatment may differ from Excel
SHL,SHL Gross Accrued Interest,Delta,45,Y23H2,0.0,0.0,0.0,0.0000,SHL schedule!gross_interest,result.periods[i].shl_gross_accrued_interest_keur,approximate,SHL gross-accrued is candidate driver; treatment may differ from Excel
SHL,SHL Gross Accrued Interest,Excel,46,Y24H1,0.0,0.0,0.0,0.0000,SHL schedule!gross_interest,result.periods[i].shl_gross_accrued_interest_keur,approximate,SHL gross-accrued is candidate driver; treatment may differ from Excel
SHL,SHL Gross Accrued Interest,Python,46,Y24H1,0.0,0.0,0.0,0.0000,SHL schedule!gross_interest,result.periods[i].shl_gross_accrued_interest_keur,approximate,SHL gross-accrued is candidate driver; treatment may differ from Excel
SHL,SHL Gross Accrued Interest,Delta,46,Y24H1,0.0,0.0,0.0,0.0000,SHL schedule!gross_interest,result.periods[i].shl_gross_accrued_interest_keur,approximate,SHL gross-accrued is candidate driver; treatment may differ from Excel
SHL,SHL Gross Accrued Interest,Excel,47,Y24H2,0.0,0.0,0.0,0.0000,SHL schedule!gross_interest,result.periods[i].shl_gross_accrued_interest_keur,approximate,SHL gross-accrued is candidate driver; treatment may differ from Excel
SHL,SHL Gross Accrued Interest,Python,47,Y24H2,0.0,0.0,0.0,0.0000,SHL schedule!gross_interest,result.periods[i].shl_gross_accrued_interest_keur,approximate,SHL gross-accrued is candidate driver; treatment may differ from Excel
SHL,SHL Gross Accrued Interest,Delta,47,Y24H2,0.0,0.0,0.0,0.0000,SHL schedule!gross_interest,result.periods[i].shl_gross_accrued_interest_keur,approximate,SHL gross-accrued is candidate driver; treatment may differ from Excel
SHL,SHL Gross Accrued Interest,Excel,48,Y25H1,0.0,0.0,0.0,0.0000,SHL schedule!gross_interest,result.periods[i].shl_gross_accrued_interest_keur,approximate,SHL gross-accrued is candidate driver; treatment may differ from Excel
SHL,SHL Gross Accrued Interest,Python,48,Y25H1,0.0,0.0,0.0,0.0000,SHL schedule!gross_interest,result.periods[i].shl_gross_accrued_interest_keur,approximate,SHL gross-accrued is candidate driver; treatment may differ from Excel
SHL,SHL Gross Accrued Interest,Delta,48,Y25H1,0.0,0.0,0.0,0.0000,SHL schedule!gross_interest,result.periods[i].shl_gross_accrued_interest_keur,approximate,SHL gross-accrued is candidate driver; treatment may differ from Excel
SHL,SHL Gross Accrued Interest,Excel,49,Y25H2,0.0,0.0,0.0,0.0000,SHL schedule!gross_interest,result.periods[i].shl_gross_accrued_interest_keur,approximate,SHL gross-accrued is candidate driver; treatment may differ from Excel
SHL,SHL Gross Accrued Interest,Python,49,Y25H2,0.0,0.0,0.0,0.0000,SHL schedule!gross_interest,result.periods[i].shl_gross_accrued_interest_keur,approximate,SHL gross-accrued is candidate driver; treatment may differ from Excel
SHL,SHL Gross Accrued Interest,Delta,49,Y25H2,0.0,0.0,0.0,0.0000,SHL schedule!gross_interest,result.periods[i].shl_gross_accrued_interest_keur,approximate,SHL gross-accrued is candidate driver; treatment may differ from Excel
SHL,SHL Gross Accrued Interest,Excel,50,Y26H1,0.0,0.0,0.0,0.0000,SHL schedule!gross_interest,result.periods[i].shl_gross_accrued_interest_keur,approximate,SHL gross-accrued is candidate driver; treatment may differ from Excel
SHL,SHL Gross Accrued Interest,Python,50,Y26H1,0.0,0.0,0.0,0.0000,SHL schedule!gross_interest,result.periods[i].shl_gross_accrued_interest_keur,approximate,SHL gross-accrued is candidate driver; treatment may differ from Excel
SHL,SHL Gross Accrued Interest,Delta,50,Y26H1,0.0,0.0,0.0,0.0000,SHL schedule!gross_interest,result.periods[i].shl_gross_accrued_interest_keur,approximate,SHL gross-accrued is candidate driver; treatment may differ from Excel
SHL,SHL Gross Accrued Interest,Excel,51,Y26H2,0.0,0.0,0.0,0.0000,SHL schedule!gross_interest,result.periods[i].shl_gross_accrued_interest_keur,approximate,SHL gross-accrued is candidate driver; treatment may differ from Excel
SHL,SHL Gross Accrued Interest,Python,51,Y26H2,0.0,0.0,0.0,0.0000,SHL schedule!gross_interest,result.periods[i].shl_gross_accrued_interest_keur,approximate,SHL gross-accrued is candidate driver; treatment may differ from Excel
SHL,SHL Gross Accrued Interest,Delta,51,Y26H2,0.0,0.0,0.0,0.0000,SHL schedule!gross_interest,result.periods[i].shl_gross_accrued_interest_keur,approximate,SHL gross-accrued is candidate driver; treatment may differ from Excel
SHL,SHL Gross Accrued Interest,Excel,52,Y27H1,0.0,0.0,0.0,0.0000,SHL schedule!gross_interest,result.periods[i].shl_gross_accrued_interest_keur,approximate,SHL gross-accrued is candidate driver; treatment may differ from Excel
SHL,SHL Gross Accrued Interest,Python,52,Y27H1,0.0,0.0,0.0,0.0000,SHL schedule!gross_interest,result.periods[i].shl_gross_accrued_interest_keur,approximate,SHL gross-accrued is candidate driver; treatment may differ from Excel
SHL,SHL Gross Accrued Interest,Delta,52,Y27H1,0.0,0.0,0.0,0.0000,SHL schedule!gross_interest,result.periods[i].shl_gross_accrued_interest_keur,approximate,SHL gross-accrued is candidate driver; treatment may differ from Excel
SHL,SHL Gross Accrued Interest,Excel,53,Y27H2,0.0,0.0,0.0,0.0000,SHL schedule!gross_interest,result.periods[i].shl_gross_accrued_interest_keur,approximate,SHL gross-accrued is candidate driver; treatment may differ from Excel
SHL,SHL Gross Accrued Interest,Python,53,Y27H2,0.0,0.0,0.0,0.0000,SHL schedule!gross_interest,result.periods[i].shl_gross_accrued_interest_keur,approximate,SHL gross-accrued is candidate driver; treatment may differ from Excel
SHL,SHL Gross Accrued Interest,Delta,53,Y27H2,0.0,0.0,0.0,0.0000,SHL schedule!gross_interest,result.periods[i].shl_gross_accrued_interest_keur,approximate,SHL gross-accrued is candidate driver; treatment may differ from Excel
SHL,SHL Gross Accrued Interest,Excel,54,Y28H1,0.0,0.0,0.0,0.0000,SHL schedule!gross_interest,result.periods[i].shl_gross_accrued_interest_keur,approximate,SHL gross-accrued is candidate driver; treatment may differ from Excel
SHL,SHL Gross Accrued Interest,Python,54,Y28H1,0.0,0.0,0.0,0.0000,SHL schedule!gross_interest,result.periods[i].shl_gross_accrued_interest_keur,approximate,SHL gross-accrued is candidate driver; treatment may differ from Excel
SHL,SHL Gross Accrued Interest,Delta,54,Y28H1,0.0,0.0,0.0,0.0000,SHL schedule!gross_interest,result.periods[i].shl_gross_accrued_interest_keur,approximate,SHL gross-accrued is candidate driver; treatment may differ from Excel
SHL,SHL Gross Accrued Interest,Excel,55,Y28H2,0.0,0.0,0.0,0.0000,SHL schedule!gross_interest,result.periods[i].shl_gross_accrued_interest_keur,approximate,SHL gross-accrued is candidate driver; treatment may differ from Excel
SHL,SHL Gross Accrued Interest,Python,55,Y28H2,0.0,0.0,0.0,0.0000,SHL schedule!gross_interest,result.periods[i].shl_gross_accrued_interest_keur,approximate,SHL gross-accrued is candidate driver; treatment may differ from Excel
SHL,SHL Gross Accrued Interest,Delta,55,Y28H2,0.0,0.0,0.0,0.0000,SHL schedule!gross_interest,result.periods[i].shl_gross_accrued_interest_keur,approximate,SHL gross-accrued is candidate driver; treatment may differ from Excel
SHL,SHL Gross Accrued Interest,Excel,56,Y29H1,0.0,0.0,0.0,0.0000,SHL schedule!gross_interest,result.periods[i].shl_gross_accrued_interest_keur,approximate,SHL gross-accrued is candidate driver; treatment may differ from Excel
SHL,SHL Gross Accrued Interest,Python,56,Y29H1,0.0,0.0,0.0,0.0000,SHL schedule!gross_interest,result.periods[i].shl_gross_accrued_interest_keur,approximate,SHL gross-accrued is candidate driver; treatment may differ from Excel
SHL,SHL Gross Accrued Interest,Delta,56,Y29H1,0.0,0.0,0.0,0.0000,SHL schedule!gross_interest,result.periods[i].shl_gross_accrued_interest_keur,approximate,SHL gross-accrued is candidate driver; treatment may differ from Excel
SHL,SHL Gross Accrued Interest,Excel,57,Y29H2,0.0,0.0,0.0,0.0000,SHL schedule!gross_interest,result.periods[i].shl_gross_accrued_interest_keur,approximate,SHL gross-accrued is candidate driver; treatment may differ from Excel
SHL,SHL Gross Accrued Interest,Python,57,Y29H2,0.0,0.0,0.0,0.0000,SHL schedule!gross_interest,result.periods[i].shl_gross_accrued_interest_keur,approximate,SHL gross-accrued is candidate driver; treatment may differ from Excel
SHL,SHL Gross Accrued Interest,Delta,57,Y29H2,0.0,0.0,0.0,0.0000,SHL schedule!gross_interest,result.periods[i].shl_gross_accrued_interest_keur,approximate,SHL gross-accrued is candidate driver; treatment may differ from Excel
SHL,SHL Gross Accrued Interest,Excel,58,Y30H1,0.0,0.0,0.0,0.0000,SHL schedule!gross_interest,result.periods[i].shl_gross_accrued_interest_keur,approximate,SHL gross-accrued is candidate driver; treatment may differ from Excel
SHL,SHL Gross Accrued Interest,Python,58,Y30H1,0.0,0.0,0.0,0.0000,SHL schedule!gross_interest,result.periods[i].shl_gross_accrued_interest_keur,approximate,SHL gross-accrued is candidate driver; treatment may differ from Excel
SHL,SHL Gross Accrued Interest,Delta,58,Y30H1,0.0,0.0,0.0,0.0000,SHL schedule!gross_interest,result.periods[i].shl_gross_accrued_interest_keur,approximate,SHL gross-accrued is candidate driver; treatment may differ from Excel
SHL,SHL Gross Accrued Interest,Excel,59,Y30H2,0.0,0.0,0.0,0.0000,SHL schedule!gross_interest,result.periods[i].shl_gross_accrued_interest_keur,approximate,SHL gross-accrued is candidate driver; treatment may differ from Excel
SHL,SHL Gross Accrued Interest,Python,59,Y30H2,0.0,0.0,0.0,0.0000,SHL schedule!gross_interest,result.periods[i].shl_gross_accrued_interest_keur,approximate,SHL gross-accrued is candidate driver; treatment may differ from Excel
SHL,SHL Gross Accrued Interest,Delta,59,Y30H2,0.0,0.0,0.0,0.0000,SHL schedule!gross_interest,result.periods[i].shl_gross_accrued_interest_keur,approximate,SHL gross-accrued is candidate driver; treatment may differ from Excel
SHL,SHL Closing Balance,Excel,0,Y01H1,32703.9,32703.7,-0.2,0.0000,SHL schedule!closing,result.periods[i].shl_balance_keur,approximate,
SHL,SHL Closing Balance,Python,0,Y01H1,32703.9,32703.7,-0.2,0.0000,SHL schedule!closing,result.periods[i].shl_balance_keur,approximate,
SHL,SHL Closing Balance,Delta,0,Y01H1,32703.9,32703.7,-0.2,-0.0000,SHL schedule!closing,result.periods[i].shl_balance_keur,approximate,
SHL,SHL Closing Balance,Excel,1,Y01H2,33047.5,32912.0,-135.4,0.0000,SHL schedule!closing,result.periods[i].shl_balance_keur,approximate,
SHL,SHL Closing Balance,Python,1,Y01H2,33047.5,32912.0,-135.4,0.0000,SHL schedule!closing,result.periods[i].shl_balance_keur,approximate,
SHL,SHL Closing Balance,Delta,1,Y01H2,33047.5,32912.0,-135.4,-0.0041,SHL schedule!closing,result.periods[i].shl_balance_keur,approximate,
SHL,SHL Closing Balance,Excel,2,Y02H1,33410.6,33112.8,-297.8,0.0000,SHL schedule!closing,result.periods[i].shl_balance_keur,approximate,
SHL,SHL Closing Balance,Python,2,Y02H1,33410.6,33112.8,-297.8,0.0000,SHL schedule!closing,result.periods[i].shl_balance_keur,approximate,
SHL,SHL Closing Balance,Delta,2,Y02H1,33410.6,33112.8,-297.8,-0.0089,SHL schedule!closing,result.periods[i].shl_balance_keur,approximate,
SHL,SHL Closing Balance,Excel,3,Y02H2,33769.1,33324.9,-444.2,0.0000,SHL schedule!closing,result.periods[i].shl_balance_keur,approximate,
SHL,SHL Closing Balance,Python,3,Y02H2,33769.1,33324.9,-444.2,0.0000,SHL schedule!closing,result.periods[i].shl_balance_keur,approximate,
SHL,SHL Closing Balance,Delta,3,Y02H2,33769.1,33324.9,-444.2,-0.0132,SHL schedule!closing,result.periods[i].shl_balance_keur,approximate,
SHL,SHL Closing Balance,Excel,4,Y03H1,34148.0,33529.7,-618.3,0.0000,SHL schedule!closing,result.periods[i].shl_balance_keur,approximate,
SHL,SHL Closing Balance,Python,4,Y03H1,34148.0,33529.7,-618.3,0.0000,SHL schedule!closing,result.periods[i].shl_balance_keur,approximate,
SHL,SHL Closing Balance,Delta,4,Y03H1,34148.0,33529.7,-618.3,-0.0181,SHL schedule!closing,result.periods[i].shl_balance_keur,approximate,
SHL,SHL Closing Balance,Excel,5,Y03H2,34533.9,33744.9,-789.0,0.0000,SHL schedule!closing,result.periods[i].shl_balance_keur,approximate,
SHL,SHL Closing Balance,Python,5,Y03H2,34533.9,33744.9,-789.0,0.0000,SHL schedule!closing,result.periods[i].shl_balance_keur,approximate,
SHL,SHL Closing Balance,Delta,5,Y03H2,34533.9,33744.9,-789.0,-0.0228,SHL schedule!closing,result.periods[i].shl_balance_keur,approximate,
SHL,SHL Closing Balance,Excel,6,Y04H1,34939.7,33952.4,-987.3,0.0000,SHL schedule!closing,result.periods[i].shl_balance_keur,approximate,
SHL,SHL Closing Balance,Python,6,Y04H1,34939.7,33952.4,-987.3,0.0000,SHL schedule!closing,result.periods[i].shl_balance_keur,approximate,
SHL,SHL Closing Balance,Delta,6,Y04H1,34939.7,33952.4,-987.3,-0.0283,SHL schedule!closing,result.periods[i].shl_balance_keur,approximate,
SHL,SHL Closing Balance,Excel,7,Y04H2,35338.2,34171.6,-1166.6,0.0000,SHL schedule!closing,result.periods[i].shl_balance_keur,approximate,
SHL,SHL Closing Balance,Python,7,Y04H2,35338.2,34171.6,-1166.6,0.0000,SHL schedule!closing,result.periods[i].shl_balance_keur,approximate,
SHL,SHL Closing Balance,Delta,7,Y04H2,35338.2,34171.6,-1166.6,-0.0330,SHL schedule!closing,result.periods[i].shl_balance_keur,approximate,
SHL,SHL Closing Balance,Excel,8,Y05H1,35759.5,34385.1,-1374.4,0.0000,SHL schedule!closing,result.periods[i].shl_balance_keur,approximate,
SHL,SHL Closing Balance,Python,8,Y05H1,35759.5,34385.1,-1374.4,0.0000,SHL schedule!closing,result.periods[i].shl_balance_keur,approximate,
SHL,SHL Closing Balance,Delta,8,Y05H1,35759.5,34385.1,-1374.4,-0.0384,SHL schedule!closing,result.periods[i].shl_balance_keur,approximate,
SHL,SHL Closing Balance,Excel,9,Y05H2,36178.3,34610.6,-1567.8,0.0000,SHL schedule!closing,result.periods[i].shl_balance_keur,approximate,
SHL,SHL Closing Balance,Python,9,Y05H2,36178.3,34610.6,-1567.8,0.0000,SHL schedule!closing,result.periods[i].shl_balance_keur,approximate,
SHL,SHL Closing Balance,Delta,9,Y05H2,36178.3,34610.6,-1567.8,-0.0433,SHL schedule!closing,result.periods[i].shl_balance_keur,approximate,
SHL,SHL Closing Balance,Excel,10,Y06H1,36621.0,34819.4,-1801.6,0.0000,SHL schedule!closing,result.periods[i].shl_balance_keur,approximate,
SHL,SHL Closing Balance,Python,10,Y06H1,36621.0,34819.4,-1801.6,0.0000,SHL schedule!closing,result.periods[i].shl_balance_keur,approximate,
SHL,SHL Closing Balance,Delta,10,Y06H1,36621.0,34819.4,-1801.6,-0.0492,SHL schedule!closing,result.periods[i].shl_balance_keur,approximate,
SHL,SHL Closing Balance,Excel,11,Y06H2,37063.7,35040.0,-2023.7,0.0000,SHL schedule!closing,result.periods[i].shl_balance_keur,approximate,
SHL,SHL Closing Balance,Python,11,Y06H2,37063.7,35040.0,-2023.7,0.0000,SHL schedule!closing,result.periods[i].shl_balance_keur,approximate,
SHL,SHL Closing Balance,Delta,11,Y06H2,37063.7,35040.0,-2023.7,-0.0546,SHL schedule!closing,result.periods[i].shl_balance_keur,approximate,
SHL,SHL Closing Balance,Excel,12,Y07H1,37531.6,35245.2,-2286.3,0.0000,SHL schedule!closing,result.periods[i].shl_balance_keur,approximate,
SHL,SHL Closing Balance,Python,12,Y07H1,37531.6,35245.2,-2286.3,0.0000,SHL schedule!closing,result.periods[i].shl_balance_keur,approximate,
SHL,SHL Closing Balance,Delta,12,Y07H1,37531.6,35245.2,-2286.3,-0.0609,SHL schedule!closing,result.periods[i].shl_balance_keur,approximate,
SHL,SHL Closing Balance,Excel,13,Y07H2,37995.3,35460.9,-2534.4,0.0000,SHL schedule!closing,result.periods[i].shl_balance_keur,approximate,
SHL,SHL Closing Balance,Python,13,Y07H2,37995.3,35460.9,-2534.4,0.0000,SHL schedule!closing,result.periods[i].shl_balance_keur,approximate,
SHL,SHL Closing Balance,Delta,13,Y07H2,37995.3,35460.9,-2534.4,-0.0667,SHL schedule!closing,result.periods[i].shl_balance_keur,approximate,
SHL,SHL Closing Balance,Excel,14,Y08H1,38482.7,35659.3,-2823.4,0.0000,SHL schedule!closing,result.periods[i].shl_balance_keur,approximate,
SHL,SHL Closing Balance,Python,14,Y08H1,38482.7,35659.3,-2823.4,0.0000,SHL schedule!closing,result.periods[i].shl_balance_keur,approximate,
SHL,SHL Closing Balance,Delta,14,Y08H1,38482.7,35659.3,-2823.4,-0.0734,SHL schedule!closing,result.periods[i].shl_balance_keur,approximate,
SHL,SHL Closing Balance,Excel,15,Y08H2,38956.8,35869.0,-3087.8,0.0000,SHL schedule!closing,result.periods[i].shl_balance_keur,approximate,
SHL,SHL Closing Balance,Python,15,Y08H2,38956.8,35869.0,-3087.8,0.0000,SHL schedule!closing,result.periods[i].shl_balance_keur,approximate,
SHL,SHL Closing Balance,Delta,15,Y08H2,38956.8,35869.0,-3087.8,-0.0793,SHL schedule!closing,result.periods[i].shl_balance_keur,approximate,
SHL,SHL Closing Balance,Excel,16,Y09H1,39457.9,36059.0,-3398.9,0.0000,SHL schedule!closing,result.periods[i].shl_balance_keur,approximate,
SHL,SHL Closing Balance,Python,16,Y09H1,39457.9,36059.0,-3398.9,0.0000,SHL schedule!closing,result.periods[i].shl_balance_keur,approximate,
SHL,SHL Closing Balance,Delta,16,Y09H1,39457.9,36059.0,-3398.9,-0.0861,SHL schedule!closing,result.periods[i].shl_balance_keur,approximate,
SHL,SHL Closing Balance,Excel,17,Y09H2,39947.3,36259.8,-3687.4,0.0000,SHL schedule!closing,result.periods[i].shl_balance_keur,approximate,
SHL,SHL Closing Balance,Python,17,Y09H2,39947.3,36259.8,-3687.4,0.0000,SHL schedule!closing,result.periods[i].shl_balance_keur,approximate,
SHL,SHL Closing Balance,Delta,17,Y09H2,39947.3,36259.8,-3687.4,-0.0923,SHL schedule!closing,result.periods[i].shl_balance_keur,approximate,
SHL,SHL Closing Balance,Excel,18,Y10H1,40464.4,36441.6,-4022.9,0.0000,SHL schedule!closing,result.periods[i].shl_balance_keur,approximate,
SHL,SHL Closing Balance,Python,18,Y10H1,40464.4,36441.6,-4022.9,0.0000,SHL schedule!closing,result.periods[i].shl_balance_keur,approximate,
SHL,SHL Closing Balance,Delta,18,Y10H1,40464.4,36441.6,-4022.9,-0.0994,SHL schedule!closing,result.periods[i].shl_balance_keur,approximate,
SHL,SHL Closing Balance,Excel,19,Y10H2,40970.8,36633.6,-4337.2,0.0000,SHL schedule!closing,result.periods[i].shl_balance_keur,approximate,
SHL,SHL Closing Balance,Python,19,Y10H2,40970.8,36633.6,-4337.2,0.0000,SHL schedule!closing,result.periods[i].shl_balance_keur,approximate,
SHL,SHL Closing Balance,Delta,19,Y10H2,40970.8,36633.6,-4337.2,-0.1059,SHL schedule!closing,result.periods[i].shl_balance_keur,approximate,
SHL,SHL Closing Balance,Excel,20,Y11H1,41506.0,36807.8,-4698.2,0.0000,SHL schedule!closing,result.periods[i].shl_balance_keur,approximate,
SHL,SHL Closing Balance,Python,20,Y11H1,41506.0,36807.8,-4698.2,0.0000,SHL schedule!closing,result.periods[i].shl_balance_keur,approximate,
SHL,SHL Closing Balance,Delta,20,Y11H1,41506.0,36807.8,-4698.2,-0.1132,SHL schedule!closing,result.periods[i].shl_balance_keur,approximate,
SHL,SHL Closing Balance,Excel,21,Y11H2,42040.7,37287.1,-4753.6,0.0000,SHL schedule!closing,result.periods[i].shl_balance_keur,approximate,
SHL,SHL Closing Balance,Python,21,Y11H2,42040.7,37287.1,-4753.6,0.0000,SHL schedule!closing,result.periods[i].shl_balance_keur,approximate,
SHL,SHL Closing Balance,Delta,21,Y11H2,42040.7,37287.1,-4753.6,-0.1131,SHL schedule!closing,result.periods[i].shl_balance_keur,approximate,
SHL,SHL Closing Balance,Excel,22,Y12H1,42602.9,37461.9,-5140.9,0.0000,SHL schedule!closing,result.periods[i].shl_balance_keur,approximate,
SHL,SHL Closing Balance,Python,22,Y12H1,42602.9,37461.9,-5140.9,0.0000,SHL schedule!closing,result.periods[i].shl_balance_keur,approximate,
SHL,SHL Closing Balance,Delta,22,Y12H1,42602.9,37461.9,-5140.9,-0.1207,SHL schedule!closing,result.periods[i].shl_balance_keur,approximate,
SHL,SHL Closing Balance,Excel,23,Y12H2,43151.2,38028.0,-5123.2,0.0000,SHL schedule!closing,result.periods[i].shl_balance_keur,approximate,
SHL,SHL Closing Balance,Python,23,Y12H2,43151.2,38028.0,-5123.2,0.0000,SHL schedule!closing,result.periods[i].shl_balance_keur,approximate,
SHL,SHL Closing Balance,Delta,23,Y12H2,43151.2,38028.0,-5123.2,-0.1187,SHL schedule!closing,result.periods[i].shl_balance_keur,approximate,
SHL,SHL Closing Balance,Excel,24,Y13H1,43730.7,38028.0,-5702.7,0.0000,SHL schedule!closing,result.periods[i].shl_balance_keur,approximate,
SHL,SHL Closing Balance,Python,24,Y13H1,43730.7,38028.0,-5702.7,0.0000,SHL schedule!closing,result.periods[i].shl_balance_keur,approximate,
SHL,SHL Closing Balance,Delta,24,Y13H1,43730.7,38028.0,-5702.7,-0.1304,SHL schedule!closing,result.periods[i].shl_balance_keur,approximate,
SHL,SHL Closing Balance,Excel,25,Y13H2,42231.9,38028.0,-4203.9,0.0000,SHL schedule!closing,result.periods[i].shl_balance_keur,approximate,
SHL,SHL Closing Balance,Python,25,Y13H2,42231.9,38028.0,-4203.9,0.0000,SHL schedule!closing,result.periods[i].shl_balance_keur,approximate,
SHL,SHL Closing Balance,Delta,25,Y13H2,42231.9,38028.0,-4203.9,-0.0995,SHL schedule!closing,result.periods[i].shl_balance_keur,approximate,
SHL,SHL Closing Balance,Excel,26,Y14H1,40768.0,38028.0,-2740.0,0.0000,SHL schedule!closing,result.periods[i].shl_balance_keur,approximate,
SHL,SHL Closing Balance,Python,26,Y14H1,40768.0,38028.0,-2740.0,0.0000,SHL schedule!closing,result.periods[i].shl_balance_keur,approximate,
SHL,SHL Closing Balance,Delta,26,Y14H1,40768.0,38028.0,-2740.0,-0.0672,SHL schedule!closing,result.periods[i].shl_balance_keur,approximate,
SHL,SHL Closing Balance,Excel,27,Y14H2,39120.1,38028.0,-1092.1,0.0000,SHL schedule!closing,result.periods[i].shl_balance_keur,approximate,
SHL,SHL Closing Balance,Python,27,Y14H2,39120.1,38028.0,-1092.1,0.0000,SHL schedule!closing,result.periods[i].shl_balance_keur,approximate,
SHL,SHL Closing Balance,Delta,27,Y14H2,39120.1,38028.0,-1092.1,-0.0279,SHL schedule!closing,result.periods[i].shl_balance_keur,approximate,
SHL,SHL Closing Balance,Excel,28,Y15H1,38302.2,33339.7,-4962.4,0.0000,SHL schedule!closing,result.periods[i].shl_balance_keur,approximate,
SHL,SHL Closing Balance,Python,28,Y15H1,38302.2,33339.7,-4962.4,0.0000,SHL schedule!closing,result.periods[i].shl_balance_keur,approximate,
SHL,SHL Closing Balance,Delta,28,Y15H1,38302.2,33339.7,-4962.4,-0.1296,SHL schedule!closing,result.periods[i].shl_balance_keur,approximate,
SHL,SHL Closing Balance,Excel,29,Y15H2,33638.2,29325.9,-4312.4,0.0000,SHL schedule!closing,result.periods[i].shl_balance_keur,approximate,
SHL,SHL Closing Balance,Python,29,Y15H2,33638.2,29325.9,-4312.4,0.0000,SHL schedule!closing,result.periods[i].shl_balance_keur,approximate,
SHL,SHL Closing Balance,Delta,29,Y15H2,33638.2,29325.9,-4312.4,-0.1282,SHL schedule!closing,result.periods[i].shl_balance_keur,approximate,
SHL,SHL Closing Balance,Excel,30,Y16H1,29819.5,24257.3,-5562.2,0.0000,SHL schedule!closing,result.periods[i].shl_balance_keur,approximate,
SHL,SHL Closing Balance,Python,30,Y16H1,29819.5,24257.3,-5562.2,0.0000,SHL schedule!closing,result.periods[i].shl_balance_keur,approximate,
SHL,SHL Closing Balance,Delta,30,Y16H1,29819.5,24257.3,-5562.2,-0.1865,SHL schedule!closing,result.periods[i].shl_balance_keur,approximate,
SHL,SHL Closing Balance,Excel,31,Y16H2,24790.2,19826.7,-4963.4,0.0000,SHL schedule!closing,result.periods[i].shl_balance_keur,approximate,
SHL,SHL Closing Balance,Python,31,Y16H2,24790.2,19826.7,-4963.4,0.0000,SHL schedule!closing,result.periods[i].shl_balance_keur,approximate,
SHL,SHL Closing Balance,Delta,31,Y16H2,24790.2,19826.7,-4963.4,-0.2002,SHL schedule!closing,result.periods[i].shl_balance_keur,approximate,
SHL,SHL Closing Balance,Excel,32,Y17H1,20699.2,14186.9,-6512.2,0.0000,SHL schedule!closing,result.periods[i].shl_balance_keur,approximate,
SHL,SHL Closing Balance,Python,32,Y17H1,20699.2,14186.9,-6512.2,0.0000,SHL schedule!closing,result.periods[i].shl_balance_keur,approximate,
SHL,SHL Closing Balance,Delta,32,Y17H1,20699.2,14186.9,-6512.2,-0.3146,SHL schedule!closing,result.periods[i].shl_balance_keur,approximate,
SHL,SHL Closing Balance,Excel,33,Y17H2,15098.0,9189.0,-5909.0,0.0000,SHL schedule!closing,result.periods[i].shl_balance_keur,approximate,
SHL,SHL Closing Balance,Python,33,Y17H2,15098.0,9189.0,-5909.0,0.0000,SHL schedule!closing,result.periods[i].shl_balance_keur,approximate,
SHL,SHL Closing Balance,Delta,33,Y17H2,15098.0,9189.0,-5909.0,-0.3914,SHL schedule!closing,result.periods[i].shl_balance_keur,approximate,
SHL,SHL Closing Balance,Excel,34,Y18H1,10614.4,2980.1,-7634.3,0.0000,SHL schedule!closing,result.periods[i].shl_balance_keur,approximate,
SHL,SHL Closing Balance,Python,34,Y18H1,10614.4,2980.1,-7634.3,0.0000,SHL schedule!closing,result.periods[i].shl_balance_keur,approximate,
SHL,SHL Closing Balance,Delta,34,Y18H1,10614.4,2980.1,-7634.3,-0.7192,SHL schedule!closing,result.periods[i].shl_balance_keur,approximate,
SHL,SHL Closing Balance,Excel,35,Y18H2,4449.5,0.0,-4449.5,0.0000,SHL schedule!closing,result.periods[i].shl_balance_keur,approximate,
SHL,SHL Closing Balance,Python,35,Y18H2,4449.5,0.0,-4449.5,0.0000,SHL schedule!closing,result.periods[i].shl_balance_keur,approximate,
SHL,SHL Closing Balance,Delta,35,Y18H2,4449.5,0.0,-4449.5,-1.0000,SHL schedule!closing,result.periods[i].shl_balance_keur,approximate,
SHL,SHL Closing Balance,Excel,36,Y19H1,0.0,0.0,0.0,0.0000,SHL schedule!closing,result.periods[i].shl_balance_keur,approximate,
SHL,SHL Closing Balance,Python,36,Y19H1,0.0,0.0,0.0,0.0000,SHL schedule!closing,result.periods[i].shl_balance_keur,approximate,
SHL,SHL Closing Balance,Delta,36,Y19H1,0.0,0.0,0.0,0.0000,SHL schedule!closing,result.periods[i].shl_balance_keur,approximate,
SHL,SHL Closing Balance,Excel,37,Y19H2,0.0,0.0,0.0,0.0000,SHL schedule!closing,result.periods[i].shl_balance_keur,approximate,
SHL,SHL Closing Balance,Python,37,Y19H2,0.0,0.0,0.0,0.0000,SHL schedule!closing,result.periods[i].shl_balance_keur,approximate,
SHL,SHL Closing Balance,Delta,37,Y19H2,0.0,0.0,0.0,0.0000,SHL schedule!closing,result.periods[i].shl_balance_keur,approximate,
SHL,SHL Closing Balance,Excel,38,Y20H1,0.0,0.0,0.0,0.0000,SHL schedule!closing,result.periods[i].shl_balance_keur,approximate,
SHL,SHL Closing Balance,Python,38,Y20H1,0.0,0.0,0.0,0.0000,SHL schedule!closing,result.periods[i].shl_balance_keur,approximate,
SHL,SHL Closing Balance,Delta,38,Y20H1,0.0,0.0,0.0,0.0000,SHL schedule!closing,result.periods[i].shl_balance_keur,approximate,
SHL,SHL Closing Balance,Excel,39,Y20H2,0.0,0.0,0.0,0.0000,SHL schedule!closing,result.periods[i].shl_balance_keur,approximate,
SHL,SHL Closing Balance,Python,39,Y20H2,0.0,0.0,0.0,0.0000,SHL schedule!closing,result.periods[i].shl_balance_keur,approximate,
SHL,SHL Closing Balance,Delta,39,Y20H2,0.0,0.0,0.0,0.0000,SHL schedule!closing,result.periods[i].shl_balance_keur,approximate,
SHL,SHL Closing Balance,Excel,40,Y21H1,0.0,0.0,0.0,0.0000,SHL schedule!closing,result.periods[i].shl_balance_keur,approximate,
SHL,SHL Closing Balance,Python,40,Y21H1,0.0,0.0,0.0,0.0000,SHL schedule!closing,result.periods[i].shl_balance_keur,approximate,
SHL,SHL Closing Balance,Delta,40,Y21H1,0.0,0.0,0.0,0.0000,SHL schedule!closing,result.periods[i].shl_balance_keur,approximate,
SHL,SHL Closing Balance,Excel,41,Y21H2,0.0,0.0,0.0,0.0000,SHL schedule!closing,result.periods[i].shl_balance_keur,approximate,
SHL,SHL Closing Balance,Python,41,Y21H2,0.0,0.0,0.0,0.0000,SHL schedule!closing,result.periods[i].shl_balance_keur,approximate,
SHL,SHL Closing Balance,Delta,41,Y21H2,0.0,0.0,0.0,0.0000,SHL schedule!closing,result.periods[i].shl_balance_keur,approximate,
SHL,SHL Closing Balance,Excel,42,Y22H1,0.0,0.0,0.0,0.0000,SHL schedule!closing,result.periods[i].shl_balance_keur,approximate,
SHL,SHL Closing Balance,Python,42,Y22H1,0.0,0.0,0.0,0.0000,SHL schedule!closing,result.periods[i].shl_balance_keur,approximate,
SHL,SHL Closing Balance,Delta,42,Y22H1,0.0,0.0,0.0,0.0000,SHL schedule!closing,result.periods[i].shl_balance_keur,approximate,
SHL,SHL Closing Balance,Excel,43,Y22H2,0.0,0.0,0.0,0.0000,SHL schedule!closing,result.periods[i].shl_balance_keur,approximate,
SHL,SHL Closing Balance,Python,43,Y22H2,0.0,0.0,0.0,0.0000,SHL schedule!closing,result.periods[i].shl_balance_keur,approximate,
SHL,SHL Closing Balance,Delta,43,Y22H2,0.0,0.0,0.0,0.0000,SHL schedule!closing,result.periods[i].shl_balance_keur,approximate,
SHL,SHL Closing Balance,Excel,44,Y23H1,0.0,0.0,0.0,0.0000,SHL schedule!closing,result.periods[i].shl_balance_keur,approximate,
SHL,SHL Closing Balance,Python,44,Y23H1,0.0,0.0,0.0,0.0000,SHL schedule!closing,result.periods[i].shl_balance_keur,approximate,
SHL,SHL Closing Balance,Delta,44,Y23H1,0.0,0.0,0.0,0.0000,SHL schedule!closing,result.periods[i].shl_balance_keur,approximate,
SHL,SHL Closing Balance,Excel,45,Y23H2,0.0,0.0,0.0,0.0000,SHL schedule!closing,result.periods[i].shl_balance_keur,approximate,
SHL,SHL Closing Balance,Python,45,Y23H2,0.0,0.0,0.0,0.0000,SHL schedule!closing,result.periods[i].shl_balance_keur,approximate,
SHL,SHL Closing Balance,Delta,45,Y23H2,0.0,0.0,0.0,0.0000,SHL schedule!closing,result.periods[i].shl_balance_keur,approximate,
SHL,SHL Closing Balance,Excel,46,Y24H1,0.0,0.0,0.0,0.0000,SHL schedule!closing,result.periods[i].shl_balance_keur,approximate,
SHL,SHL Closing Balance,Python,46,Y24H1,0.0,0.0,0.0,0.0000,SHL schedule!closing,result.periods[i].shl_balance_keur,approximate,
SHL,SHL Closing Balance,Delta,46,Y24H1,0.0,0.0,0.0,0.0000,SHL schedule!closing,result.periods[i].shl_balance_keur,approximate,
SHL,SHL Closing Balance,Excel,47,Y24H2,0.0,0.0,0.0,0.0000,SHL schedule!closing,result.periods[i].shl_balance_keur,approximate,
SHL,SHL Closing Balance,Python,47,Y24H2,0.0,0.0,0.0,0.0000,SHL schedule!closing,result.periods[i].shl_balance_keur,approximate,
SHL,SHL Closing Balance,Delta,47,Y24H2,0.0,0.0,0.0,0.0000,SHL schedule!closing,result.periods[i].shl_balance_keur,approximate,
SHL,SHL Closing Balance,Excel,48,Y25H1,0.0,0.0,0.0,0.0000,SHL schedule!closing,result.periods[i].shl_balance_keur,approximate,
SHL,SHL Closing Balance,Python,48,Y25H1,0.0,0.0,0.0,0.0000,SHL schedule!closing,result.periods[i].shl_balance_keur,approximate,
SHL,SHL Closing Balance,Delta,48,Y25H1,0.0,0.0,0.0,0.0000,SHL schedule!closing,result.periods[i].shl_balance_keur,approximate,
SHL,SHL Closing Balance,Excel,49,Y25H2,0.0,0.0,0.0,0.0000,SHL schedule!closing,result.periods[i].shl_balance_keur,approximate,
SHL,SHL Closing Balance,Python,49,Y25H2,0.0,0.0,0.0,0.0000,SHL schedule!closing,result.periods[i].shl_balance_keur,approximate,
SHL,SHL Closing Balance,Delta,49,Y25H2,0.0,0.0,0.0,0.0000,SHL schedule!closing,result.periods[i].shl_balance_keur,approximate,
SHL,SHL Closing Balance,Excel,50,Y26H1,0.0,0.0,0.0,0.0000,SHL schedule!closing,result.periods[i].shl_balance_keur,approximate,
SHL,SHL Closing Balance,Python,50,Y26H1,0.0,0.0,0.0,0.0000,SHL schedule!closing,result.periods[i].shl_balance_keur,approximate,
SHL,SHL Closing Balance,Delta,50,Y26H1,0.0,0.0,0.0,0.0000,SHL schedule!closing,result.periods[i].shl_balance_keur,approximate,
SHL,SHL Closing Balance,Excel,51,Y26H2,0.0,0.0,0.0,0.0000,SHL schedule!closing,result.periods[i].shl_balance_keur,approximate,
SHL,SHL Closing Balance,Python,51,Y26H2,0.0,0.0,0.0,0.0000,SHL schedule!closing,result.periods[i].shl_balance_keur,approximate,
SHL,SHL Closing Balance,Delta,51,Y26H2,0.0,0.0,0.0,0.0000,SHL schedule!closing,result.periods[i].shl_balance_keur,approximate,
SHL,SHL Closing Balance,Excel,52,Y27H1,0.0,0.0,0.0,0.0000,SHL schedule!closing,result.periods[i].shl_balance_keur,approximate,
SHL,SHL Closing Balance,Python,52,Y27H1,0.0,0.0,0.0,0.0000,SHL schedule!closing,result.periods[i].shl_balance_keur,approximate,
SHL,SHL Closing Balance,Delta,52,Y27H1,0.0,0.0,0.0,0.0000,SHL schedule!closing,result.periods[i].shl_balance_keur,approximate,
SHL,SHL Closing Balance,Excel,53,Y27H2,0.0,0.0,0.0,0.0000,SHL schedule!closing,result.periods[i].shl_balance_keur,approximate,
SHL,SHL Closing Balance,Python,53,Y27H2,0.0,0.0,0.0,0.0000,SHL schedule!closing,result.periods[i].shl_balance_keur,approximate,
SHL,SHL Closing Balance,Delta,53,Y27H2,0.0,0.0,0.0,0.0000,SHL schedule!closing,result.periods[i].shl_balance_keur,approximate,
SHL,SHL Closing Balance,Excel,54,Y28H1,0.0,0.0,0.0,0.0000,SHL schedule!closing,result.periods[i].shl_balance_keur,approximate,
SHL,SHL Closing Balance,Python,54,Y28H1,0.0,0.0,0.0,0.0000,SHL schedule!closing,result.periods[i].shl_balance_keur,approximate,
SHL,SHL Closing Balance,Delta,54,Y28H1,0.0,0.0,0.0,0.0000,SHL schedule!closing,result.periods[i].shl_balance_keur,approximate,
SHL,SHL Closing Balance,Excel,55,Y28H2,0.0,0.0,0.0,0.0000,SHL schedule!closing,result.periods[i].shl_balance_keur,approximate,
SHL,SHL Closing Balance,Python,55,Y28H2,0.0,0.0,0.0,0.0000,SHL schedule!closing,result.periods[i].shl_balance_keur,approximate,
SHL,SHL Closing Balance,Delta,55,Y28H2,0.0,0.0,0.0,0.0000,SHL schedule!closing,result.periods[i].shl_balance_keur,approximate,
SHL,SHL Closing Balance,Excel,56,Y29H1,0.0,0.0,0.0,0.0000,SHL schedule!closing,result.periods[i].shl_balance_keur,approximate,
SHL,SHL Closing Balance,Python,56,Y29H1,0.0,0.0,0.0,0.0000,SHL schedule!closing,result.periods[i].shl_balance_keur,approximate,
SHL,SHL Closing Balance,Delta,56,Y29H1,0.0,0.0,0.0,0.0000,SHL schedule!closing,result.periods[i].shl_balance_keur,approximate,
SHL,SHL Closing Balance,Excel,57,Y29H2,0.0,0.0,0.0,0.0000,SHL schedule!closing,result.periods[i].shl_balance_keur,approximate,
SHL,SHL Closing Balance,Python,57,Y29H2,0.0,0.0,0.0,0.0000,SHL schedule!closing,result.periods[i].shl_balance_keur,approximate,
SHL,SHL Closing Balance,Delta,57,Y29H2,0.0,0.0,0.0,0.0000,SHL schedule!closing,result.periods[i].shl_balance_keur,approximate,
SHL,SHL Closing Balance,Excel,58,Y30H1,0.0,0.0,0.0,0.0000,SHL schedule!closing,result.periods[i].shl_balance_keur,approximate,
SHL,SHL Closing Balance,Python,58,Y30H1,0.0,0.0,0.0,0.0000,SHL schedule!closing,result.periods[i].shl_balance_keur,approximate,
SHL,SHL Closing Balance,Delta,58,Y30H1,0.0,0.0,0.0,0.0000,SHL schedule!closing,result.periods[i].shl_balance_keur,approximate,
SHL,SHL Closing Balance,Excel,59,Y30H2,0.0,0.0,0.0,0.0000,SHL schedule!closing,result.periods[i].shl_balance_keur,approximate,
SHL,SHL Closing Balance,Python,59,Y30H2,0.0,0.0,0.0,0.0000,SHL schedule!closing,result.periods[i].shl_balance_keur,approximate,
SHL,SHL Closing Balance,Delta,59,Y30H2,0.0,0.0,0.0,0.0000,SHL schedule!closing,result.periods[i].shl_balance_keur,approximate,
SHL,SHL PIK / Capitalised Interest,Excel,0,Y01H1,0.0,0.0,0.0,0.0000,SHL schedule!capitalized_interest,result.periods[i].shl_pik_keur,approximate,
SHL,SHL PIK / Capitalised Interest,Python,0,Y01H1,0.0,0.0,0.0,0.0000,SHL schedule!capitalized_interest,result.periods[i].shl_pik_keur,approximate,
SHL,SHL PIK / Capitalised Interest,Delta,0,Y01H1,0.0,0.0,0.0,0.0000,SHL schedule!capitalized_interest,result.periods[i].shl_pik_keur,approximate,
SHL,SHL PIK / Capitalised Interest,Excel,1,Y01H2,953.8,208.4,-745.5,0.0000,SHL schedule!capitalized_interest,result.periods[i].shl_pik_keur,approximate,
SHL,SHL PIK / Capitalised Interest,Python,1,Y01H2,953.8,208.4,-745.5,0.0000,SHL schedule!capitalized_interest,result.periods[i].shl_pik_keur,approximate,
SHL,SHL PIK / Capitalised Interest,Delta,1,Y01H2,953.8,208.4,-745.5,-0.7816,SHL schedule!capitalized_interest,result.periods[i].shl_pik_keur,approximate,
SHL,SHL PIK / Capitalised Interest,Excel,2,Y02H1,969.6,200.8,-768.9,0.0000,SHL schedule!capitalized_interest,result.periods[i].shl_pik_keur,approximate,
SHL,SHL PIK / Capitalised Interest,Python,2,Y02H1,969.6,200.8,-768.9,0.0000,SHL schedule!capitalized_interest,result.periods[i].shl_pik_keur,approximate,
SHL,SHL PIK / Capitalised Interest,Delta,2,Y02H1,969.6,200.8,-768.9,-0.7929,SHL schedule!capitalized_interest,result.periods[i].shl_pik_keur,approximate,
SHL,SHL PIK / Capitalised Interest,Excel,3,Y02H2,967.0,212.1,-754.8,0.0000,SHL schedule!capitalized_interest,result.periods[i].shl_pik_keur,approximate,
SHL,SHL PIK / Capitalised Interest,Python,3,Y02H2,967.0,212.1,-754.8,0.0000,SHL schedule!capitalized_interest,result.periods[i].shl_pik_keur,approximate,
SHL,SHL PIK / Capitalised Interest,Delta,3,Y02H2,967.0,212.1,-754.8,-0.7806,SHL schedule!capitalized_interest,result.periods[i].shl_pik_keur,approximate,
SHL,SHL PIK / Capitalised Interest,Excel,4,Y03H1,983.0,204.8,-778.2,0.0000,SHL schedule!capitalized_interest,result.periods[i].shl_pik_keur,approximate,
SHL,SHL PIK / Capitalised Interest,Python,4,Y03H1,983.0,204.8,-778.2,0.0000,SHL schedule!capitalized_interest,result.periods[i].shl_pik_keur,approximate,
SHL,SHL PIK / Capitalised Interest,Delta,4,Y03H1,983.0,204.8,-778.2,-0.7917,SHL schedule!capitalized_interest,result.periods[i].shl_pik_keur,approximate,
SHL,SHL PIK / Capitalised Interest,Excel,5,Y03H2,976.2,215.2,-761.0,0.0000,SHL schedule!capitalized_interest,result.periods[i].shl_pik_keur,approximate,
SHL,SHL PIK / Capitalised Interest,Python,5,Y03H2,976.2,215.2,-761.0,0.0000,SHL schedule!capitalized_interest,result.periods[i].shl_pik_keur,approximate,
SHL,SHL PIK / Capitalised Interest,Delta,5,Y03H2,976.2,215.2,-761.0,-0.7796,SHL schedule!capitalized_interest,result.periods[i].shl_pik_keur,approximate,
SHL,SHL PIK / Capitalised Interest,Excel,6,Y04H1,987.0,207.5,-779.4,0.0000,SHL schedule!capitalized_interest,result.periods[i].shl_pik_keur,approximate,
SHL,SHL PIK / Capitalised Interest,Python,6,Y04H1,987.0,207.5,-779.4,0.0000,SHL schedule!capitalized_interest,result.periods[i].shl_pik_keur,approximate,
SHL,SHL PIK / Capitalised Interest,Delta,6,Y04H1,987.0,207.5,-779.4,-0.7897,SHL schedule!capitalized_interest,result.periods[i].shl_pik_keur,approximate,
SHL,SHL PIK / Capitalised Interest,Excel,7,Y04H2,987.5,219.2,-768.3,0.0000,SHL schedule!capitalized_interest,result.periods[i].shl_pik_keur,approximate,
SHL,SHL PIK / Capitalised Interest,Python,7,Y04H2,987.5,219.2,-768.3,0.0000,SHL schedule!capitalized_interest,result.periods[i].shl_pik_keur,approximate,
SHL,SHL PIK / Capitalised Interest,Delta,7,Y04H2,987.5,219.2,-768.3,-0.7780,SHL schedule!capitalized_interest,result.periods[i].shl_pik_keur,approximate,
SHL,SHL PIK / Capitalised Interest,Excel,8,Y05H1,1003.9,213.4,-790.5,0.0000,SHL schedule!capitalized_interest,result.periods[i].shl_pik_keur,approximate,
SHL,SHL PIK / Capitalised Interest,Python,8,Y05H1,1003.9,213.4,-790.5,0.0000,SHL schedule!capitalized_interest,result.periods[i].shl_pik_keur,approximate,
SHL,SHL PIK / Capitalised Interest,Delta,8,Y05H1,1003.9,213.4,-790.5,-0.7874,SHL schedule!capitalized_interest,result.periods[i].shl_pik_keur,approximate,
SHL,SHL PIK / Capitalised Interest,Excel,9,Y05H2,999.8,225.5,-774.3,0.0000,SHL schedule!capitalized_interest,result.periods[i].shl_pik_keur,approximate,
SHL,SHL PIK / Capitalised Interest,Python,9,Y05H2,999.8,225.5,-774.3,0.0000,SHL schedule!capitalized_interest,result.periods[i].shl_pik_keur,approximate,
SHL,SHL PIK / Capitalised Interest,Delta,9,Y05H2,999.8,225.5,-774.3,-0.7744,SHL schedule!capitalized_interest,result.periods[i].shl_pik_keur,approximate,
SHL,SHL PIK / Capitalised Interest,Excel,10,Y06H1,1016.4,208.8,-807.6,0.0000,SHL schedule!capitalized_interest,result.periods[i].shl_pik_keur,approximate,
SHL,SHL PIK / Capitalised Interest,Python,10,Y06H1,1016.4,208.8,-807.6,0.0000,SHL schedule!capitalized_interest,result.periods[i].shl_pik_keur,approximate,
SHL,SHL PIK / Capitalised Interest,Delta,10,Y06H1,1016.4,208.8,-807.6,-0.7946,SHL schedule!capitalized_interest,result.periods[i].shl_pik_keur,approximate,
SHL,SHL PIK / Capitalised Interest,Excel,11,Y06H2,1010.1,220.6,-789.5,0.0000,SHL schedule!capitalized_interest,result.periods[i].shl_pik_keur,approximate,
SHL,SHL PIK / Capitalised Interest,Python,11,Y06H2,1010.1,220.6,-789.5,0.0000,SHL schedule!capitalized_interest,result.periods[i].shl_pik_keur,approximate,
SHL,SHL PIK / Capitalised Interest,Delta,11,Y06H2,1010.1,220.6,-789.5,-0.7816,SHL schedule!capitalized_interest,result.periods[i].shl_pik_keur,approximate,
SHL,SHL PIK / Capitalised Interest,Excel,12,Y07H1,1026.8,205.2,-821.6,0.0000,SHL schedule!capitalized_interest,result.periods[i].shl_pik_keur,approximate,
SHL,SHL PIK / Capitalised Interest,Python,12,Y07H1,1026.8,205.2,-821.6,0.0000,SHL schedule!capitalized_interest,result.periods[i].shl_pik_keur,approximate,
SHL,SHL PIK / Capitalised Interest,Delta,12,Y07H1,1026.8,205.2,-821.6,-0.8001,SHL schedule!capitalized_interest,result.periods[i].shl_pik_keur,approximate,
SHL,SHL PIK / Capitalised Interest,Excel,13,Y07H2,1033.5,215.7,-817.8,0.0000,SHL schedule!capitalized_interest,result.periods[i].shl_pik_keur,approximate,
SHL,SHL PIK / Capitalised Interest,Python,13,Y07H2,1033.5,215.7,-817.8,0.0000,SHL schedule!capitalized_interest,result.periods[i].shl_pik_keur,approximate,
SHL,SHL PIK / Capitalised Interest,Delta,13,Y07H2,1033.5,215.7,-817.8,-0.7913,SHL schedule!capitalized_interest,result.periods[i].shl_pik_keur,approximate,
SHL,SHL PIK / Capitalised Interest,Excel,14,Y08H1,1044.8,198.4,-846.4,0.0000,SHL schedule!capitalized_interest,result.periods[i].shl_pik_keur,approximate,
SHL,SHL PIK / Capitalised Interest,Python,14,Y08H1,1044.8,198.4,-846.4,0.0000,SHL schedule!capitalized_interest,result.periods[i].shl_pik_keur,approximate,
SHL,SHL PIK / Capitalised Interest,Delta,14,Y08H1,1044.8,198.4,-846.4,-0.8101,SHL schedule!capitalized_interest,result.periods[i].shl_pik_keur,approximate,
SHL,SHL PIK / Capitalised Interest,Excel,15,Y08H2,1052.6,209.7,-842.9,0.0000,SHL schedule!capitalized_interest,result.periods[i].shl_pik_keur,approximate,
SHL,SHL PIK / Capitalised Interest,Python,15,Y08H2,1052.6,209.7,-842.9,0.0000,SHL schedule!capitalized_interest,result.periods[i].shl_pik_keur,approximate,
SHL,SHL PIK / Capitalised Interest,Delta,15,Y08H2,1052.6,209.7,-842.9,-0.8008,SHL schedule!capitalized_interest,result.periods[i].shl_pik_keur,approximate,
SHL,SHL PIK / Capitalised Interest,Excel,16,Y09H1,1070.0,190.0,-880.0,0.0000,SHL schedule!capitalized_interest,result.periods[i].shl_pik_keur,approximate,
SHL,SHL PIK / Capitalised Interest,Python,16,Y09H1,1070.0,190.0,-880.0,0.0000,SHL schedule!capitalized_interest,result.periods[i].shl_pik_keur,approximate,
SHL,SHL PIK / Capitalised Interest,Delta,16,Y09H1,1070.0,190.0,-880.0,-0.8224,SHL schedule!capitalized_interest,result.periods[i].shl_pik_keur,approximate,
SHL,SHL PIK / Capitalised Interest,Excel,17,Y09H2,1076.0,200.8,-875.2,0.0000,SHL schedule!capitalized_interest,result.periods[i].shl_pik_keur,approximate,
SHL,SHL PIK / Capitalised Interest,Python,17,Y09H2,1076.0,200.8,-875.2,0.0000,SHL schedule!capitalized_interest,result.periods[i].shl_pik_keur,approximate,
SHL,SHL PIK / Capitalised Interest,Delta,17,Y09H2,1076.0,200.8,-875.2,-0.8134,SHL schedule!capitalized_interest,result.periods[i].shl_pik_keur,approximate,
SHL,SHL PIK / Capitalised Interest,Excel,18,Y10H1,1093.8,181.8,-912.1,0.0000,SHL schedule!capitalized_interest,result.periods[i].shl_pik_keur,approximate,
SHL,SHL PIK / Capitalised Interest,Python,18,Y10H1,1093.8,181.8,-912.1,0.0000,SHL schedule!capitalized_interest,result.periods[i].shl_pik_keur,approximate,
SHL,SHL PIK / Capitalised Interest,Delta,18,Y10H1,1093.8,181.8,-912.1,-0.8338,SHL schedule!capitalized_interest,result.periods[i].shl_pik_keur,approximate,
SHL,SHL PIK / Capitalised Interest,Excel,19,Y10H2,1098.9,192.0,-906.9,0.0000,SHL schedule!capitalized_interest,result.periods[i].shl_pik_keur,approximate,
SHL,SHL PIK / Capitalised Interest,Python,19,Y10H2,1098.9,192.0,-906.9,0.0000,SHL schedule!capitalized_interest,result.periods[i].shl_pik_keur,approximate,
SHL,SHL PIK / Capitalised Interest,Delta,19,Y10H2,1098.9,192.0,-906.9,-0.8252,SHL schedule!capitalized_interest,result.periods[i].shl_pik_keur,approximate,
SHL,SHL PIK / Capitalised Interest,Excel,20,Y11H1,1117.1,174.1,-943.0,0.0000,SHL schedule!capitalized_interest,result.periods[i].shl_pik_keur,approximate,
SHL,SHL PIK / Capitalised Interest,Python,20,Y11H1,1117.1,174.1,-943.0,0.0000,SHL schedule!capitalized_interest,result.periods[i].shl_pik_keur,approximate,
SHL,SHL PIK / Capitalised Interest,Delta,20,Y11H1,1117.1,174.1,-943.0,-0.8441,SHL schedule!capitalized_interest,result.periods[i].shl_pik_keur,approximate,
SHL,SHL PIK / Capitalised Interest,Excel,21,Y11H2,1121.0,479.3,-641.6,0.0000,SHL schedule!capitalized_interest,result.periods[i].shl_pik_keur,approximate,
SHL,SHL PIK / Capitalised Interest,Python,21,Y11H2,1121.0,479.3,-641.6,0.0000,SHL schedule!capitalized_interest,result.periods[i].shl_pik_keur,approximate,
SHL,SHL PIK / Capitalised Interest,Delta,21,Y11H2,1121.0,479.3,-641.6,-0.5724,SHL schedule!capitalized_interest,result.periods[i].shl_pik_keur,approximate,
SHL,SHL PIK / Capitalised Interest,Excel,22,Y12H1,1133.3,174.8,-958.5,0.0000,SHL schedule!capitalized_interest,result.periods[i].shl_pik_keur,approximate,
SHL,SHL PIK / Capitalised Interest,Python,22,Y12H1,1133.3,174.8,-958.5,0.0000,SHL schedule!capitalized_interest,result.periods[i].shl_pik_keur,approximate,
SHL,SHL PIK / Capitalised Interest,Delta,22,Y12H1,1133.3,174.8,-958.5,-0.8457,SHL schedule!capitalized_interest,result.periods[i].shl_pik_keur,approximate,
SHL,SHL PIK / Capitalised Interest,Excel,23,Y12H2,1141.8,566.1,-575.7,0.0000,SHL schedule!capitalized_interest,result.periods[i].shl_pik_keur,approximate,
SHL,SHL PIK / Capitalised Interest,Python,23,Y12H2,1141.8,566.1,-575.7,0.0000,SHL schedule!capitalized_interest,result.periods[i].shl_pik_keur,approximate,
SHL,SHL PIK / Capitalised Interest,Delta,23,Y12H2,1141.8,566.1,-575.7,-0.5042,SHL schedule!capitalized_interest,result.periods[i].shl_pik_keur,approximate,
SHL,SHL PIK / Capitalised Interest,Excel,24,Y13H1,1160.7,0.0,-1160.7,0.0000,SHL schedule!capitalized_interest,result.periods[i].shl_pik_keur,approximate,
SHL,SHL PIK / Capitalised Interest,Python,24,Y13H1,1160.7,0.0,-1160.7,0.0000,SHL schedule!capitalized_interest,result.periods[i].shl_pik_keur,approximate,
SHL,SHL PIK / Capitalised Interest,Delta,24,Y13H1,1160.7,0.0,-1160.7,-1.0000,SHL schedule!capitalized_interest,result.periods[i].shl_pik_keur,approximate,
SHL,SHL PIK / Capitalised Interest,Excel,25,Y13H2,1734.9,0.0,-1734.9,0.0000,SHL schedule!capitalized_interest,result.periods[i].shl_pik_keur,approximate,
SHL,SHL PIK / Capitalised Interest,Python,25,Y13H2,1734.9,0.0,-1734.9,0.0000,SHL schedule!capitalized_interest,result.periods[i].shl_pik_keur,approximate,
SHL,SHL PIK / Capitalised Interest,Delta,25,Y13H2,1734.9,0.0,-1734.9,-1.0000,SHL schedule!capitalized_interest,result.periods[i].shl_pik_keur,approximate,
SHL,SHL PIK / Capitalised Interest,Excel,26,Y14H1,1703.2,0.0,-1703.2,0.0000,SHL schedule!capitalized_interest,result.periods[i].shl_pik_keur,approximate,
SHL,SHL PIK / Capitalised Interest,Python,26,Y14H1,1703.2,0.0,-1703.2,0.0000,SHL schedule!capitalized_interest,result.periods[i].shl_pik_keur,approximate,
SHL,SHL PIK / Capitalised Interest,Delta,26,Y14H1,1703.2,0.0,-1703.2,-1.0000,SHL schedule!capitalized_interest,result.periods[i].shl_pik_keur,approximate,
SHL,SHL PIK / Capitalised Interest,Excel,27,Y14H2,1617.3,0.0,-1617.3,0.0000,SHL schedule!capitalized_interest,result.periods[i].shl_pik_keur,approximate,
SHL,SHL PIK / Capitalised Interest,Python,27,Y14H2,1617.3,0.0,-1617.3,0.0000,SHL schedule!capitalized_interest,result.periods[i].shl_pik_keur,approximate,
SHL,SHL PIK / Capitalised Interest,Delta,27,Y14H2,1617.3,0.0,-1617.3,-1.0000,SHL schedule!capitalized_interest,result.periods[i].shl_pik_keur,approximate,
SHL,SHL PIK / Capitalised Interest,Excel,28,Y15H1,1577.7,0.0,-1577.7,0.0000,SHL schedule!capitalized_interest,result.periods[i].shl_pik_keur,approximate,
SHL,SHL PIK / Capitalised Interest,Python,28,Y15H1,1577.7,0.0,-1577.7,0.0000,SHL schedule!capitalized_interest,result.periods[i].shl_pik_keur,approximate,
SHL,SHL PIK / Capitalised Interest,Delta,28,Y15H1,1577.7,0.0,-1577.7,-1.0000,SHL schedule!capitalized_interest,result.periods[i].shl_pik_keur,approximate,
SHL,SHL PIK / Capitalised Interest,Excel,29,Y15H2,1527.9,0.0,-1527.9,0.0000,SHL schedule!capitalized_interest,result.periods[i].shl_pik_keur,approximate,
SHL,SHL PIK / Capitalised Interest,Python,29,Y15H2,1527.9,0.0,-1527.9,0.0000,SHL schedule!capitalized_interest,result.periods[i].shl_pik_keur,approximate,
SHL,SHL PIK / Capitalised Interest,Delta,29,Y15H2,1527.9,0.0,-1527.9,-1.0000,SHL schedule!capitalized_interest,result.periods[i].shl_pik_keur,approximate,
SHL,SHL PIK / Capitalised Interest,Excel,30,Y16H1,1356.6,0.0,-1356.6,0.0000,SHL schedule!capitalized_interest,result.periods[i].shl_pik_keur,approximate,
SHL,SHL PIK / Capitalised Interest,Python,30,Y16H1,1356.6,0.0,-1356.6,0.0000,SHL schedule!capitalized_interest,result.periods[i].shl_pik_keur,approximate,
SHL,SHL PIK / Capitalised Interest,Delta,30,Y16H1,1356.6,0.0,-1356.6,-1.0000,SHL schedule!capitalized_interest,result.periods[i].shl_pik_keur,approximate,
SHL,SHL PIK / Capitalised Interest,Excel,31,Y16H2,1183.0,0.0,-1183.0,0.0000,SHL schedule!capitalized_interest,result.periods[i].shl_pik_keur,approximate,
SHL,SHL PIK / Capitalised Interest,Python,31,Y16H2,1183.0,0.0,-1183.0,0.0000,SHL schedule!capitalized_interest,result.periods[i].shl_pik_keur,approximate,
SHL,SHL PIK / Capitalised Interest,Delta,31,Y16H2,1183.0,0.0,-1183.0,-1.0000,SHL schedule!capitalized_interest,result.periods[i].shl_pik_keur,approximate,
SHL,SHL PIK / Capitalised Interest,Excel,32,Y17H1,999.8,0.0,-999.8,0.0000,SHL schedule!capitalized_interest,result.periods[i].shl_pik_keur,approximate,
SHL,SHL PIK / Capitalised Interest,Python,32,Y17H1,999.8,0.0,-999.8,0.0000,SHL schedule!capitalized_interest,result.periods[i].shl_pik_keur,approximate,
SHL,SHL PIK / Capitalised Interest,Delta,32,Y17H1,999.8,0.0,-999.8,-1.0000,SHL schedule!capitalized_interest,result.periods[i].shl_pik_keur,approximate,
SHL,SHL PIK / Capitalised Interest,Excel,33,Y17H2,821.2,0.0,-821.2,0.0000,SHL schedule!capitalized_interest,result.periods[i].shl_pik_keur,approximate,
SHL,SHL PIK / Capitalised Interest,Python,33,Y17H2,821.2,0.0,-821.2,0.0000,SHL schedule!capitalized_interest,result.periods[i].shl_pik_keur,approximate,
SHL,SHL PIK / Capitalised Interest,Delta,33,Y17H2,821.2,0.0,-821.2,-1.0000,SHL schedule!capitalized_interest,result.periods[i].shl_pik_keur,approximate,
SHL,SHL PIK / Capitalised Interest,Excel,34,Y18H1,608.9,0.0,-608.9,0.0000,SHL schedule!capitalized_interest,result.periods[i].shl_pik_keur,approximate,
SHL,SHL PIK / Capitalised Interest,Python,34,Y18H1,608.9,0.0,-608.9,0.0000,SHL schedule!capitalized_interest,result.periods[i].shl_pik_keur,approximate,
SHL,SHL PIK / Capitalised Interest,Delta,34,Y18H1,608.9,0.0,-608.9,-1.0000,SHL schedule!capitalized_interest,result.periods[i].shl_pik_keur,approximate,
SHL,SHL PIK / Capitalised Interest,Excel,35,Y18H2,421.1,0.0,-421.1,0.0000,SHL schedule!capitalized_interest,result.periods[i].shl_pik_keur,approximate,
SHL,SHL PIK / Capitalised Interest,Python,35,Y18H2,421.1,0.0,-421.1,0.0000,SHL schedule!capitalized_interest,result.periods[i].shl_pik_keur,approximate,
SHL,SHL PIK / Capitalised Interest,Delta,35,Y18H2,421.1,0.0,-421.1,-1.0000,SHL schedule!capitalized_interest,result.periods[i].shl_pik_keur,approximate,
SHL,SHL PIK / Capitalised Interest,Excel,36,Y19H1,179.4,0.0,-179.4,0.0000,SHL schedule!capitalized_interest,result.periods[i].shl_pik_keur,approximate,
SHL,SHL PIK / Capitalised Interest,Python,36,Y19H1,179.4,0.0,-179.4,0.0000,SHL schedule!capitalized_interest,result.periods[i].shl_pik_keur,approximate,
SHL,SHL PIK / Capitalised Interest,Delta,36,Y19H1,179.4,0.0,-179.4,-1.0000,SHL schedule!capitalized_interest,result.periods[i].shl_pik_keur,approximate,
SHL,SHL PIK / Capitalised Interest,Excel,37,Y19H2,0.0,0.0,0.0,0.0000,SHL schedule!capitalized_interest,result.periods[i].shl_pik_keur,approximate,
SHL,SHL PIK / Capitalised Interest,Python,37,Y19H2,0.0,0.0,0.0,0.0000,SHL schedule!capitalized_interest,result.periods[i].shl_pik_keur,approximate,
SHL,SHL PIK / Capitalised Interest,Delta,37,Y19H2,0.0,0.0,0.0,0.0000,SHL schedule!capitalized_interest,result.periods[i].shl_pik_keur,approximate,
SHL,SHL PIK / Capitalised Interest,Excel,38,Y20H1,0.0,0.0,0.0,0.0000,SHL schedule!capitalized_interest,result.periods[i].shl_pik_keur,approximate,
SHL,SHL PIK / Capitalised Interest,Python,38,Y20H1,0.0,0.0,0.0,0.0000,SHL schedule!capitalized_interest,result.periods[i].shl_pik_keur,approximate,
SHL,SHL PIK / Capitalised Interest,Delta,38,Y20H1,0.0,0.0,0.0,0.0000,SHL schedule!capitalized_interest,result.periods[i].shl_pik_keur,approximate,
SHL,SHL PIK / Capitalised Interest,Excel,39,Y20H2,0.0,0.0,0.0,0.0000,SHL schedule!capitalized_interest,result.periods[i].shl_pik_keur,approximate,
SHL,SHL PIK / Capitalised Interest,Python,39,Y20H2,0.0,0.0,0.0,0.0000,SHL schedule!capitalized_interest,result.periods[i].shl_pik_keur,approximate,
SHL,SHL PIK / Capitalised Interest,Delta,39,Y20H2,0.0,0.0,0.0,0.0000,SHL schedule!capitalized_interest,result.periods[i].shl_pik_keur,approximate,
SHL,SHL PIK / Capitalised Interest,Excel,40,Y21H1,0.0,0.0,0.0,0.0000,SHL schedule!capitalized_interest,result.periods[i].shl_pik_keur,approximate,
SHL,SHL PIK / Capitalised Interest,Python,40,Y21H1,0.0,0.0,0.0,0.0000,SHL schedule!capitalized_interest,result.periods[i].shl_pik_keur,approximate,
SHL,SHL PIK / Capitalised Interest,Delta,40,Y21H1,0.0,0.0,0.0,0.0000,SHL schedule!capitalized_interest,result.periods[i].shl_pik_keur,approximate,
SHL,SHL PIK / Capitalised Interest,Excel,41,Y21H2,0.0,0.0,0.0,0.0000,SHL schedule!capitalized_interest,result.periods[i].shl_pik_keur,approximate,
SHL,SHL PIK / Capitalised Interest,Python,41,Y21H2,0.0,0.0,0.0,0.0000,SHL schedule!capitalized_interest,result.periods[i].shl_pik_keur,approximate,
SHL,SHL PIK / Capitalised Interest,Delta,41,Y21H2,0.0,0.0,0.0,0.0000,SHL schedule!capitalized_interest,result.periods[i].shl_pik_keur,approximate,
SHL,SHL PIK / Capitalised Interest,Excel,42,Y22H1,0.0,0.0,0.0,0.0000,SHL schedule!capitalized_interest,result.periods[i].shl_pik_keur,approximate,
SHL,SHL PIK / Capitalised Interest,Python,42,Y22H1,0.0,0.0,0.0,0.0000,SHL schedule!capitalized_interest,result.periods[i].shl_pik_keur,approximate,
SHL,SHL PIK / Capitalised Interest,Delta,42,Y22H1,0.0,0.0,0.0,0.0000,SHL schedule!capitalized_interest,result.periods[i].shl_pik_keur,approximate,
SHL,SHL PIK / Capitalised Interest,Excel,43,Y22H2,0.0,0.0,0.0,0.0000,SHL schedule!capitalized_interest,result.periods[i].shl_pik_keur,approximate,
SHL,SHL PIK / Capitalised Interest,Python,43,Y22H2,0.0,0.0,0.0,0.0000,SHL schedule!capitalized_interest,result.periods[i].shl_pik_keur,approximate,
SHL,SHL PIK / Capitalised Interest,Delta,43,Y22H2,0.0,0.0,0.0,0.0000,SHL schedule!capitalized_interest,result.periods[i].shl_pik_keur,approximate,
SHL,SHL PIK / Capitalised Interest,Excel,44,Y23H1,0.0,0.0,0.0,0.0000,SHL schedule!capitalized_interest,result.periods[i].shl_pik_keur,approximate,
SHL,SHL PIK / Capitalised Interest,Python,44,Y23H1,0.0,0.0,0.0,0.0000,SHL schedule!capitalized_interest,result.periods[i].shl_pik_keur,approximate,
SHL,SHL PIK / Capitalised Interest,Delta,44,Y23H1,0.0,0.0,0.0,0.0000,SHL schedule!capitalized_interest,result.periods[i].shl_pik_keur,approximate,
SHL,SHL PIK / Capitalised Interest,Excel,45,Y23H2,0.0,0.0,0.0,0.0000,SHL schedule!capitalized_interest,result.periods[i].shl_pik_keur,approximate,
SHL,SHL PIK / Capitalised Interest,Python,45,Y23H2,0.0,0.0,0.0,0.0000,SHL schedule!capitalized_interest,result.periods[i].shl_pik_keur,approximate,
SHL,SHL PIK / Capitalised Interest,Delta,45,Y23H2,0.0,0.0,0.0,0.0000,SHL schedule!capitalized_interest,result.periods[i].shl_pik_keur,approximate,
SHL,SHL PIK / Capitalised Interest,Excel,46,Y24H1,0.0,0.0,0.0,0.0000,SHL schedule!capitalized_interest,result.periods[i].shl_pik_keur,approximate,
SHL,SHL PIK / Capitalised Interest,Python,46,Y24H1,0.0,0.0,0.0,0.0000,SHL schedule!capitalized_interest,result.periods[i].shl_pik_keur,approximate,
SHL,SHL PIK / Capitalised Interest,Delta,46,Y24H1,0.0,0.0,0.0,0.0000,SHL schedule!capitalized_interest,result.periods[i].shl_pik_keur,approximate,
SHL,SHL PIK / Capitalised Interest,Excel,47,Y24H2,0.0,0.0,0.0,0.0000,SHL schedule!capitalized_interest,result.periods[i].shl_pik_keur,approximate,
SHL,SHL PIK / Capitalised Interest,Python,47,Y24H2,0.0,0.0,0.0,0.0000,SHL schedule!capitalized_interest,result.periods[i].shl_pik_keur,approximate,
SHL,SHL PIK / Capitalised Interest,Delta,47,Y24H2,0.0,0.0,0.0,0.0000,SHL schedule!capitalized_interest,result.periods[i].shl_pik_keur,approximate,
SHL,SHL PIK / Capitalised Interest,Excel,48,Y25H1,0.0,0.0,0.0,0.0000,SHL schedule!capitalized_interest,result.periods[i].shl_pik_keur,approximate,
SHL,SHL PIK / Capitalised Interest,Python,48,Y25H1,0.0,0.0,0.0,0.0000,SHL schedule!capitalized_interest,result.periods[i].shl_pik_keur,approximate,
SHL,SHL PIK / Capitalised Interest,Delta,48,Y25H1,0.0,0.0,0.0,0.0000,SHL schedule!capitalized_interest,result.periods[i].shl_pik_keur,approximate,
SHL,SHL PIK / Capitalised Interest,Excel,49,Y25H2,0.0,0.0,0.0,0.0000,SHL schedule!capitalized_interest,result.periods[i].shl_pik_keur,approximate,
SHL,SHL PIK / Capitalised Interest,Python,49,Y25H2,0.0,0.0,0.0,0.0000,SHL schedule!capitalized_interest,result.periods[i].shl_pik_keur,approximate,
SHL,SHL PIK / Capitalised Interest,Delta,49,Y25H2,0.0,0.0,0.0,0.0000,SHL schedule!capitalized_interest,result.periods[i].shl_pik_keur,approximate,
SHL,SHL PIK / Capitalised Interest,Excel,50,Y26H1,0.0,0.0,0.0,0.0000,SHL schedule!capitalized_interest,result.periods[i].shl_pik_keur,approximate,
SHL,SHL PIK / Capitalised Interest,Python,50,Y26H1,0.0,0.0,0.0,0.0000,SHL schedule!capitalized_interest,result.periods[i].shl_pik_keur,approximate,
SHL,SHL PIK / Capitalised Interest,Delta,50,Y26H1,0.0,0.0,0.0,0.0000,SHL schedule!capitalized_interest,result.periods[i].shl_pik_keur,approximate,
SHL,SHL PIK / Capitalised Interest,Excel,51,Y26H2,0.0,0.0,0.0,0.0000,SHL schedule!capitalized_interest,result.periods[i].shl_pik_keur,approximate,
SHL,SHL PIK / Capitalised Interest,Python,51,Y26H2,0.0,0.0,0.0,0.0000,SHL schedule!capitalized_interest,result.periods[i].shl_pik_keur,approximate,
SHL,SHL PIK / Capitalised Interest,Delta,51,Y26H2,0.0,0.0,0.0,0.0000,SHL schedule!capitalized_interest,result.periods[i].shl_pik_keur,approximate,
SHL,SHL PIK / Capitalised Interest,Excel,52,Y27H1,0.0,0.0,0.0,0.0000,SHL schedule!capitalized_interest,result.periods[i].shl_pik_keur,approximate,
SHL,SHL PIK / Capitalised Interest,Python,52,Y27H1,0.0,0.0,0.0,0.0000,SHL schedule!capitalized_interest,result.periods[i].shl_pik_keur,approximate,
SHL,SHL PIK / Capitalised Interest,Delta,52,Y27H1,0.0,0.0,0.0,0.0000,SHL schedule!capitalized_interest,result.periods[i].shl_pik_keur,approximate,
SHL,SHL PIK / Capitalised Interest,Excel,53,Y27H2,0.0,0.0,0.0,0.0000,SHL schedule!capitalized_interest,result.periods[i].shl_pik_keur,approximate,
SHL,SHL PIK / Capitalised Interest,Python,53,Y27H2,0.0,0.0,0.0,0.0000,SHL schedule!capitalized_interest,result.periods[i].shl_pik_keur,approximate,
SHL,SHL PIK / Capitalised Interest,Delta,53,Y27H2,0.0,0.0,0.0,0.0000,SHL schedule!capitalized_interest,result.periods[i].shl_pik_keur,approximate,
SHL,SHL PIK / Capitalised Interest,Excel,54,Y28H1,0.0,0.0,0.0,0.0000,SHL schedule!capitalized_interest,result.periods[i].shl_pik_keur,approximate,
SHL,SHL PIK / Capitalised Interest,Python,54,Y28H1,0.0,0.0,0.0,0.0000,SHL schedule!capitalized_interest,result.periods[i].shl_pik_keur,approximate,
SHL,SHL PIK / Capitalised Interest,Delta,54,Y28H1,0.0,0.0,0.0,0.0000,SHL schedule!capitalized_interest,result.periods[i].shl_pik_keur,approximate,
SHL,SHL PIK / Capitalised Interest,Excel,55,Y28H2,0.0,0.0,0.0,0.0000,SHL schedule!capitalized_interest,result.periods[i].shl_pik_keur,approximate,
SHL,SHL PIK / Capitalised Interest,Python,55,Y28H2,0.0,0.0,0.0,0.0000,SHL schedule!capitalized_interest,result.periods[i].shl_pik_keur,approximate,
SHL,SHL PIK / Capitalised Interest,Delta,55,Y28H2,0.0,0.0,0.0,0.0000,SHL schedule!capitalized_interest,result.periods[i].shl_pik_keur,approximate,
SHL,SHL PIK / Capitalised Interest,Excel,56,Y29H1,0.0,0.0,0.0,0.0000,SHL schedule!capitalized_interest,result.periods[i].shl_pik_keur,approximate,
SHL,SHL PIK / Capitalised Interest,Python,56,Y29H1,0.0,0.0,0.0,0.0000,SHL schedule!capitalized_interest,result.periods[i].shl_pik_keur,approximate,
SHL,SHL PIK / Capitalised Interest,Delta,56,Y29H1,0.0,0.0,0.0,0.0000,SHL schedule!capitalized_interest,result.periods[i].shl_pik_keur,approximate,
SHL,SHL PIK / Capitalised Interest,Excel,57,Y29H2,0.0,0.0,0.0,0.0000,SHL schedule!capitalized_interest,result.periods[i].shl_pik_keur,approximate,
SHL,SHL PIK / Capitalised Interest,Python,57,Y29H2,0.0,0.0,0.0,0.0000,SHL schedule!capitalized_interest,result.periods[i].shl_pik_keur,approximate,
SHL,SHL PIK / Capitalised Interest,Delta,57,Y29H2,0.0,0.0,0.0,0.0000,SHL schedule!capitalized_interest,result.periods[i].shl_pik_keur,approximate,
SHL,SHL PIK / Capitalised Interest,Excel,58,Y30H1,0.0,0.0,0.0,0.0000,SHL schedule!capitalized_interest,result.periods[i].shl_pik_keur,approximate,
SHL,SHL PIK / Capitalised Interest,Python,58,Y30H1,0.0,0.0,0.0,0.0000,SHL schedule!capitalized_interest,result.periods[i].shl_pik_keur,approximate,
SHL,SHL PIK / Capitalised Interest,Delta,58,Y30H1,0.0,0.0,0.0,0.0000,SHL schedule!capitalized_interest,result.periods[i].shl_pik_keur,approximate,
SHL,SHL PIK / Capitalised Interest,Excel,59,Y30H2,0.0,0.0,0.0,0.0000,SHL schedule!capitalized_interest,result.periods[i].shl_pik_keur,approximate,
SHL,SHL PIK / Capitalised Interest,Python,59,Y30H2,0.0,0.0,0.0,0.0000,SHL schedule!capitalized_interest,result.periods[i].shl_pik_keur,approximate,
SHL,SHL PIK / Capitalised Interest,Delta,59,Y30H2,0.0,0.0,0.0,0.0000,SHL schedule!capitalized_interest,result.periods[i].shl_pik_keur,approximate,
CIT / Tax,Taxable Income / R35 (Python flag-on),Excel,0,Y01H1,-1369.7,487.9,1857.6,0.0000,P&L!taxable_income_keur,result.periods[i].taxable_income_before_losses_audit_keur,exact,Python R35 uses flag-on tax bridge; Excel may differ in construction-period trea
CIT / Tax,Taxable Income / R35 (Python flag-on),Python,0,Y01H1,-1369.7,487.9,1857.6,0.0000,P&L!taxable_income_keur,result.periods[i].taxable_income_before_losses_audit_keur,exact,Python R35 uses flag-on tax bridge; Excel may differ in construction-period trea
CIT / Tax,Taxable Income / R35 (Python flag-on),Delta,0,Y01H1,-1369.7,487.9,1857.6,1.3562,P&L!taxable_income_keur,result.periods[i].taxable_income_before_losses_audit_keur,exact,Python R35 uses flag-on tax bridge; Excel may differ in construction-period trea
CIT / Tax,Taxable Income / R35 (Python flag-on),Excel,1,Y01H2,-1381.4,524.7,1906.1,0.0000,P&L!taxable_income_keur,result.periods[i].taxable_income_before_losses_audit_keur,exact,Python R35 uses flag-on tax bridge; Excel may differ in construction-period trea
CIT / Tax,Taxable Income / R35 (Python flag-on),Python,1,Y01H2,-1381.4,524.7,1906.1,0.0000,P&L!taxable_income_keur,result.periods[i].taxable_income_before_losses_audit_keur,exact,Python R35 uses flag-on tax bridge; Excel may differ in construction-period trea
CIT / Tax,Taxable Income / R35 (Python flag-on),Delta,1,Y01H2,-1381.4,524.7,1906.1,1.3799,P&L!taxable_income_keur,result.periods[i].taxable_income_before_losses_audit_keur,exact,Python R35 uses flag-on tax bridge; Excel may differ in construction-period trea
CIT / Tax,Taxable Income / R35 (Python flag-on),Excel,2,Y02H1,-1306.1,539.2,1845.4,0.0000,P&L!taxable_income_keur,result.periods[i].taxable_income_before_losses_audit_keur,exact,Python R35 uses flag-on tax bridge; Excel may differ in construction-period trea
CIT / Tax,Taxable Income / R35 (Python flag-on),Python,2,Y02H1,-1306.1,539.2,1845.4,0.0000,P&L!taxable_income_keur,result.periods[i].taxable_income_before_losses_audit_keur,exact,Python R35 uses flag-on tax bridge; Excel may differ in construction-period trea
CIT / Tax,Taxable Income / R35 (Python flag-on),Delta,2,Y02H1,-1306.1,539.2,1845.4,1.4129,P&L!taxable_income_keur,result.periods[i].taxable_income_before_losses_audit_keur,exact,Python R35 uses flag-on tax bridge; Excel may differ in construction-period trea
CIT / Tax,Taxable Income / R35 (Python flag-on),Excel,3,Y02H2,-1314.9,577.6,1892.5,0.0000,P&L!taxable_income_keur,result.periods[i].taxable_income_before_losses_audit_keur,exact,Python R35 uses flag-on tax bridge; Excel may differ in construction-period trea
CIT / Tax,Taxable Income / R35 (Python flag-on),Python,3,Y02H2,-1314.9,577.6,1892.5,0.0000,P&L!taxable_income_keur,result.periods[i].taxable_income_before_losses_audit_keur,exact,Python R35 uses flag-on tax bridge; Excel may differ in construction-period trea
CIT / Tax,Taxable Income / R35 (Python flag-on),Delta,3,Y02H2,-1314.9,577.6,1892.5,1.4392,P&L!taxable_income_keur,result.periods[i].taxable_income_before_losses_audit_keur,exact,Python R35 uses flag-on tax bridge; Excel may differ in construction-period trea
CIT / Tax,Taxable Income / R35 (Python flag-on),Excel,4,Y03H1,-1290.1,595.8,1885.9,0.0000,P&L!taxable_income_keur,result.periods[i].taxable_income_before_losses_audit_keur,exact,Python R35 uses flag-on tax bridge; Excel may differ in construction-period trea
CIT / Tax,Taxable Income / R35 (Python flag-on),Python,4,Y03H1,-1290.1,595.8,1885.9,0.0000,P&L!taxable_income_keur,result.periods[i].taxable_income_before_losses_audit_keur,exact,Python R35 uses flag-on tax bridge; Excel may differ in construction-period trea
CIT / Tax,Taxable Income / R35 (Python flag-on),Delta,4,Y03H1,-1290.1,595.8,1885.9,1.4618,P&L!taxable_income_keur,result.periods[i].taxable_income_before_losses_audit_keur,exact,Python R35 uses flag-on tax bridge; Excel may differ in construction-period trea
CIT / Tax,Taxable Income / R35 (Python flag-on),Excel,5,Y03H2,-1291.1,625.3,1916.4,0.0000,P&L!taxable_income_keur,result.periods[i].taxable_income_before_losses_audit_keur,exact,Python R35 uses flag-on tax bridge; Excel may differ in construction-period trea
CIT / Tax,Taxable Income / R35 (Python flag-on),Python,5,Y03H2,-1291.1,625.3,1916.4,0.0000,P&L!taxable_income_keur,result.periods[i].taxable_income_before_losses_audit_keur,exact,Python R35 uses flag-on tax bridge; Excel may differ in construction-period trea
CIT / Tax,Taxable Income / R35 (Python flag-on),Delta,5,Y03H2,-1291.1,625.3,1916.4,1.4844,P&L!taxable_income_keur,result.periods[i].taxable_income_before_losses_audit_keur,exact,Python R35 uses flag-on tax bridge; Excel may differ in construction-period trea
CIT / Tax,Taxable Income / R35 (Python flag-on),Excel,6,Y04H1,-1208.8,653.0,1861.8,0.0000,P&L!taxable_income_keur,result.periods[i].taxable_income_before_losses_audit_keur,exact,Python R35 uses flag-on tax bridge; Excel may differ in construction-period trea
CIT / Tax,Taxable Income / R35 (Python flag-on),Python,6,Y04H1,-1208.8,653.0,1861.8,0.0000,P&L!taxable_income_keur,result.periods[i].taxable_income_before_losses_audit_keur,exact,Python R35 uses flag-on tax bridge; Excel may differ in construction-period trea
CIT / Tax,Taxable Income / R35 (Python flag-on),Delta,6,Y04H1,-1208.8,653.0,1861.8,1.5402,P&L!taxable_income_keur,result.periods[i].taxable_income_before_losses_audit_keur,exact,Python R35 uses flag-on tax bridge; Excel may differ in construction-period trea
CIT / Tax,Taxable Income / R35 (Python flag-on),Excel,7,Y04H2,-1675.9,231.8,1907.7,0.0000,P&L!taxable_income_keur,result.periods[i].taxable_income_before_losses_audit_keur,exact,Python R35 uses flag-on tax bridge; Excel may differ in construction-period trea
CIT / Tax,Taxable Income / R35 (Python flag-on),Python,7,Y04H2,-1675.9,231.8,1907.7,0.0000,P&L!taxable_income_keur,result.periods[i].taxable_income_before_losses_audit_keur,exact,Python R35 uses flag-on tax bridge; Excel may differ in construction-period trea
CIT / Tax,Taxable Income / R35 (Python flag-on),Delta,7,Y04H2,-1675.9,231.8,1907.7,1.1383,P&L!taxable_income_keur,result.periods[i].taxable_income_before_losses_audit_keur,exact,Python R35 uses flag-on tax bridge; Excel may differ in construction-period trea
CIT / Tax,Taxable Income / R35 (Python flag-on),Excel,8,Y05H1,-1600.2,248.0,1848.2,0.0000,P&L!taxable_income_keur,result.periods[i].taxable_income_before_losses_audit_keur,exact,Python R35 uses flag-on tax bridge; Excel may differ in construction-period trea
CIT / Tax,Taxable Income / R35 (Python flag-on),Python,8,Y05H1,-1600.2,248.0,1848.2,0.0000,P&L!taxable_income_keur,result.periods[i].taxable_income_before_losses_audit_keur,exact,Python R35 uses flag-on tax bridge; Excel may differ in construction-period trea
CIT / Tax,Taxable Income / R35 (Python flag-on),Delta,8,Y05H1,-1600.2,248.0,1848.2,1.1550,P&L!taxable_income_keur,result.periods[i].taxable_income_before_losses_audit_keur,exact,Python R35 uses flag-on tax bridge; Excel may differ in construction-period trea
CIT / Tax,Taxable Income / R35 (Python flag-on),Excel,9,Y05H2,-1626.3,266.0,1892.3,0.0000,P&L!taxable_income_keur,result.periods[i].taxable_income_before_losses_audit_keur,exact,Python R35 uses flag-on tax bridge; Excel may differ in construction-period trea
CIT / Tax,Taxable Income / R35 (Python flag-on),Python,9,Y05H2,-1626.3,266.0,1892.3,0.0000,P&L!taxable_income_keur,result.periods[i].taxable_income_before_losses_audit_keur,exact,Python R35 uses flag-on tax bridge; Excel may differ in construction-period trea
CIT / Tax,Taxable Income / R35 (Python flag-on),Delta,9,Y05H2,-1626.3,266.0,1892.3,1.1636,P&L!taxable_income_keur,result.periods[i].taxable_income_before_losses_audit_keur,exact,Python R35 uses flag-on tax bridge; Excel may differ in construction-period trea
CIT / Tax,Taxable Income / R35 (Python flag-on),Excel,10,Y06H1,-1592.9,304.7,1897.6,0.0000,P&L!taxable_income_keur,result.periods[i].taxable_income_before_losses_audit_keur,exact,Python R35 uses flag-on tax bridge; Excel may differ in construction-period trea
CIT / Tax,Taxable Income / R35 (Python flag-on),Python,10,Y06H1,-1592.9,304.7,1897.6,0.0000,P&L!taxable_income_keur,result.periods[i].taxable_income_before_losses_audit_keur,exact,Python R35 uses flag-on tax bridge; Excel may differ in construction-period trea
CIT / Tax,Taxable Income / R35 (Python flag-on),Delta,10,Y06H1,-1592.9,304.7,1897.6,1.1913,P&L!taxable_income_keur,result.periods[i].taxable_income_before_losses_audit_keur,exact,Python R35 uses flag-on tax bridge; Excel may differ in construction-period trea
CIT / Tax,Taxable Income / R35 (Python flag-on),Excel,11,Y06H2,-1618.9,323.6,1942.5,0.0000,P&L!taxable_income_keur,result.periods[i].taxable_income_before_losses_audit_keur,exact,Python R35 uses flag-on tax bridge; Excel may differ in construction-period trea
CIT / Tax,Taxable Income / R35 (Python flag-on),Python,11,Y06H2,-1618.9,323.6,1942.5,0.0000,P&L!taxable_income_keur,result.periods[i].taxable_income_before_losses_audit_keur,exact,Python R35 uses flag-on tax bridge; Excel may differ in construction-period trea
CIT / Tax,Taxable Income / R35 (Python flag-on),Delta,11,Y06H2,-1618.9,323.6,1942.5,1.1999,P&L!taxable_income_keur,result.periods[i].taxable_income_before_losses_audit_keur,exact,Python R35 uses flag-on tax bridge; Excel may differ in construction-period trea
CIT / Tax,Taxable Income / R35 (Python flag-on),Excel,12,Y07H1,-1519.6,375.3,1894.9,0.0000,P&L!taxable_income_keur,result.periods[i].taxable_income_before_losses_audit_keur,exact,Python R35 uses flag-on tax bridge; Excel may differ in construction-period trea
CIT / Tax,Taxable Income / R35 (Python flag-on),Python,12,Y07H1,-1519.6,375.3,1894.9,0.0000,P&L!taxable_income_keur,result.periods[i].taxable_income_before_losses_audit_keur,exact,Python R35 uses flag-on tax bridge; Excel may differ in construction-period trea
CIT / Tax,Taxable Income / R35 (Python flag-on),Delta,12,Y07H1,-1519.6,375.3,1894.9,1.2470,P&L!taxable_income_keur,result.periods[i].taxable_income_before_losses_audit_keur,exact,Python R35 uses flag-on tax bridge; Excel may differ in construction-period trea
CIT / Tax,Taxable Income / R35 (Python flag-on),Excel,13,Y07H2,-1533.9,388.4,1922.3,0.0000,P&L!taxable_income_keur,result.periods[i].taxable_income_before_losses_audit_keur,exact,Python R35 uses flag-on tax bridge; Excel may differ in construction-period trea
CIT / Tax,Taxable Income / R35 (Python flag-on),Python,13,Y07H2,-1533.9,388.4,1922.3,0.0000,P&L!taxable_income_keur,result.periods[i].taxable_income_before_losses_audit_keur,exact,Python R35 uses flag-on tax bridge; Excel may differ in construction-period trea
CIT / Tax,Taxable Income / R35 (Python flag-on),Delta,13,Y07H2,-1533.9,388.4,1922.3,1.2532,P&L!taxable_income_keur,result.periods[i].taxable_income_before_losses_audit_keur,exact,Python R35 uses flag-on tax bridge; Excel may differ in construction-period trea
CIT / Tax,Taxable Income / R35 (Python flag-on),Excel,14,Y08H1,-1405.7,464.2,1869.9,0.0000,P&L!taxable_income_keur,result.periods[i].taxable_income_before_losses_audit_keur,exact,Python R35 uses flag-on tax bridge; Excel may differ in construction-period trea
CIT / Tax,Taxable Income / R35 (Python flag-on),Python,14,Y08H1,-1405.7,464.2,1869.9,0.0000,P&L!taxable_income_keur,result.periods[i].taxable_income_before_losses_audit_keur,exact,Python R35 uses flag-on tax bridge; Excel may differ in construction-period trea
CIT / Tax,Taxable Income / R35 (Python flag-on),Delta,14,Y08H1,-1405.7,464.2,1869.9,1.3302,P&L!taxable_income_keur,result.periods[i].taxable_income_before_losses_audit_keur,exact,Python R35 uses flag-on tax bridge; Excel may differ in construction-period trea
CIT / Tax,Taxable Income / R35 (Python flag-on),Excel,15,Y08H2,-1423.5,487.3,1910.8,0.0000,P&L!taxable_income_keur,result.periods[i].taxable_income_before_losses_audit_keur,exact,Python R35 uses flag-on tax bridge; Excel may differ in construction-period trea
CIT / Tax,Taxable Income / R35 (Python flag-on),Python,15,Y08H2,-1423.5,487.3,1910.8,0.0000,P&L!taxable_income_keur,result.periods[i].taxable_income_before_losses_audit_keur,exact,Python R35 uses flag-on tax bridge; Excel may differ in construction-period trea
CIT / Tax,Taxable Income / R35 (Python flag-on),Delta,15,Y08H2,-1423.5,487.3,1910.8,1.3423,P&L!taxable_income_keur,result.periods[i].taxable_income_before_losses_audit_keur,exact,Python R35 uses flag-on tax bridge; Excel may differ in construction-period trea
CIT / Tax,Taxable Income / R35 (Python flag-on),Excel,16,Y09H1,-1293.7,559.9,1853.6,0.0000,P&L!taxable_income_keur,result.periods[i].taxable_income_before_losses_audit_keur,exact,Python R35 uses flag-on tax bridge; Excel may differ in construction-period trea
CIT / Tax,Taxable Income / R35 (Python flag-on),Python,16,Y09H1,-1293.7,559.9,1853.6,0.0000,P&L!taxable_income_keur,result.periods[i].taxable_income_before_losses_audit_keur,exact,Python R35 uses flag-on tax bridge; Excel may differ in construction-period trea
CIT / Tax,Taxable Income / R35 (Python flag-on),Delta,16,Y09H1,-1293.7,559.9,1853.6,1.4328,P&L!taxable_income_keur,result.periods[i].taxable_income_before_losses_audit_keur,exact,Python R35 uses flag-on tax bridge; Excel may differ in construction-period trea
CIT / Tax,Taxable Income / R35 (Python flag-on),Excel,17,Y09H2,-1306.5,585.7,1892.2,0.0000,P&L!taxable_income_keur,result.periods[i].taxable_income_before_losses_audit_keur,exact,Python R35 uses flag-on tax bridge; Excel may differ in construction-period trea
CIT / Tax,Taxable Income / R35 (Python flag-on),Python,17,Y09H2,-1306.5,585.7,1892.2,0.0000,P&L!taxable_income_keur,result.periods[i].taxable_income_before_losses_audit_keur,exact,Python R35 uses flag-on tax bridge; Excel may differ in construction-period trea
CIT / Tax,Taxable Income / R35 (Python flag-on),Delta,17,Y09H2,-1306.5,585.7,1892.2,1.4482,P&L!taxable_income_keur,result.periods[i].taxable_income_before_losses_audit_keur,exact,Python R35 uses flag-on tax bridge; Excel may differ in construction-period trea
CIT / Tax,Taxable Income / R35 (Python flag-on),Excel,18,Y10H1,-1178.1,657.5,1835.6,0.0000,P&L!taxable_income_keur,result.periods[i].taxable_income_before_losses_audit_keur,exact,Python R35 uses flag-on tax bridge; Excel may differ in construction-period trea
CIT / Tax,Taxable Income / R35 (Python flag-on),Python,18,Y10H1,-1178.1,657.5,1835.6,0.0000,P&L!taxable_income_keur,result.periods[i].taxable_income_before_losses_audit_keur,exact,Python R35 uses flag-on tax bridge; Excel may differ in construction-period trea
CIT / Tax,Taxable Income / R35 (Python flag-on),Delta,18,Y10H1,-1178.1,657.5,1835.6,1.5581,P&L!taxable_income_keur,result.periods[i].taxable_income_before_losses_audit_keur,exact,Python R35 uses flag-on tax bridge; Excel may differ in construction-period trea
CIT / Tax,Taxable Income / R35 (Python flag-on),Excel,19,Y10H2,-1185.8,685.8,1871.6,0.0000,P&L!taxable_income_keur,result.periods[i].taxable_income_before_losses_audit_keur,exact,Python R35 uses flag-on tax bridge; Excel may differ in construction-period trea
CIT / Tax,Taxable Income / R35 (Python flag-on),Python,19,Y10H2,-1185.8,685.8,1871.6,0.0000,P&L!taxable_income_keur,result.periods[i].taxable_income_before_losses_audit_keur,exact,Python R35 uses flag-on tax bridge; Excel may differ in construction-period trea
CIT / Tax,Taxable Income / R35 (Python flag-on),Delta,19,Y10H2,-1185.8,685.8,1871.6,1.5784,P&L!taxable_income_keur,result.periods[i].taxable_income_before_losses_audit_keur,exact,Python R35 uses flag-on tax bridge; Excel may differ in construction-period trea
CIT / Tax,Taxable Income / R35 (Python flag-on),Excel,20,Y11H1,-1099.5,745.6,1845.0,0.0000,P&L!taxable_income_keur,result.periods[i].taxable_income_before_losses_audit_keur,exact,Python R35 uses flag-on tax bridge; Excel may differ in construction-period trea
CIT / Tax,Taxable Income / R35 (Python flag-on),Python,20,Y11H1,-1099.5,745.6,1845.0,0.0000,P&L!taxable_income_keur,result.periods[i].taxable_income_before_losses_audit_keur,exact,Python R35 uses flag-on tax bridge; Excel may differ in construction-period trea
CIT / Tax,Taxable Income / R35 (Python flag-on),Delta,20,Y11H1,-1099.5,745.6,1845.0,1.6781,P&L!taxable_income_keur,result.periods[i].taxable_income_before_losses_audit_keur,exact,Python R35 uses flag-on tax bridge; Excel may differ in construction-period trea
CIT / Tax,Taxable Income / R35 (Python flag-on),Excel,21,Y11H2,-1097.7,767.9,1865.6,0.0000,P&L!taxable_income_keur,result.periods[i].taxable_income_before_losses_audit_keur,exact,Python R35 uses flag-on tax bridge; Excel may differ in construction-period trea
CIT / Tax,Taxable Income / R35 (Python flag-on),Python,21,Y11H2,-1097.7,767.9,1865.6,0.0000,P&L!taxable_income_keur,result.periods[i].taxable_income_before_losses_audit_keur,exact,Python R35 uses flag-on tax bridge; Excel may differ in construction-period trea
CIT / Tax,Taxable Income / R35 (Python flag-on),Delta,21,Y11H2,-1097.7,767.9,1865.6,1.6996,P&L!taxable_income_keur,result.periods[i].taxable_income_before_losses_audit_keur,exact,Python R35 uses flag-on tax bridge; Excel may differ in construction-period trea
CIT / Tax,Taxable Income / R35 (Python flag-on),Excel,22,Y12H1,-955.4,860.5,1815.9,0.0000,P&L!taxable_income_keur,result.periods[i].taxable_income_before_losses_audit_keur,exact,Python R35 uses flag-on tax bridge; Excel may differ in construction-period trea
CIT / Tax,Taxable Income / R35 (Python flag-on),Python,22,Y12H1,-955.4,860.5,1815.9,0.0000,P&L!taxable_income_keur,result.periods[i].taxable_income_before_losses_audit_keur,exact,Python R35 uses flag-on tax bridge; Excel may differ in construction-period trea
CIT / Tax,Taxable Income / R35 (Python flag-on),Delta,22,Y12H1,-955.4,860.5,1815.9,1.9007,P&L!taxable_income_keur,result.periods[i].taxable_income_before_losses_audit_keur,exact,Python R35 uses flag-on tax bridge; Excel may differ in construction-period trea
CIT / Tax,Taxable Income / R35 (Python flag-on),Excel,23,Y12H2,-953.4,893.7,1847.1,0.0000,P&L!taxable_income_keur,result.periods[i].taxable_income_before_losses_audit_keur,exact,Python R35 uses flag-on tax bridge; Excel may differ in construction-period trea
CIT / Tax,Taxable Income / R35 (Python flag-on),Python,23,Y12H2,-953.4,893.7,1847.1,0.0000,P&L!taxable_income_keur,result.periods[i].taxable_income_before_losses_audit_keur,exact,Python R35 uses flag-on tax bridge; Excel may differ in construction-period trea
CIT / Tax,Taxable Income / R35 (Python flag-on),Delta,23,Y12H2,-953.4,893.7,1847.1,1.9374,P&L!taxable_income_keur,result.periods[i].taxable_income_before_losses_audit_keur,exact,Python R35 uses flag-on tax bridge; Excel may differ in construction-period trea
CIT / Tax,Taxable Income / R35 (Python flag-on),Excel,24,Y13H1,2298.7,4002.6,1703.9,0.0000,P&L!taxable_income_keur,result.periods[i].taxable_income_before_losses_audit_keur,exact,Python R35 uses flag-on tax bridge; Excel may differ in construction-period trea
CIT / Tax,Taxable Income / R35 (Python flag-on),Python,24,Y13H1,2298.7,4002.6,1703.9,0.0000,P&L!taxable_income_keur,result.periods[i].taxable_income_before_losses_audit_keur,exact,Python R35 uses flag-on tax bridge; Excel may differ in construction-period trea
CIT / Tax,Taxable Income / R35 (Python flag-on),Delta,24,Y13H1,2298.7,4002.6,1703.9,0.7412,P&L!taxable_income_keur,result.periods[i].taxable_income_before_losses_audit_keur,exact,Python R35 uses flag-on tax bridge; Excel may differ in construction-period trea
CIT / Tax,Taxable Income / R35 (Python flag-on),Excel,25,Y13H2,2475.0,4222.7,1747.7,0.0000,P&L!taxable_income_keur,result.periods[i].taxable_income_before_losses_audit_keur,exact,Python R35 uses flag-on tax bridge; Excel may differ in construction-period trea
CIT / Tax,Taxable Income / R35 (Python flag-on),Python,25,Y13H2,2475.0,4222.7,1747.7,0.0000,P&L!taxable_income_keur,result.periods[i].taxable_income_before_losses_audit_keur,exact,Python R35 uses flag-on tax bridge; Excel may differ in construction-period trea
CIT / Tax,Taxable Income / R35 (Python flag-on),Delta,25,Y13H2,2475.0,4222.7,1747.7,0.7061,P&L!taxable_income_keur,result.periods[i].taxable_income_before_losses_audit_keur,exact,Python R35 uses flag-on tax bridge; Excel may differ in construction-period trea
CIT / Tax,Taxable Income / R35 (Python flag-on),Excel,26,Y14H1,2558.5,4272.7,1714.3,0.0000,P&L!taxable_income_keur,result.periods[i].taxable_income_before_losses_audit_keur,exact,Python R35 uses flag-on tax bridge; Excel may differ in construction-period trea
CIT / Tax,Taxable Income / R35 (Python flag-on),Python,26,Y14H1,2558.5,4272.7,1714.3,0.0000,P&L!taxable_income_keur,result.periods[i].taxable_income_before_losses_audit_keur,exact,Python R35 uses flag-on tax bridge; Excel may differ in construction-period trea
CIT / Tax,Taxable Income / R35 (Python flag-on),Delta,26,Y14H1,2558.5,4272.7,1714.3,0.6701,P&L!taxable_income_keur,result.periods[i].taxable_income_before_losses_audit_keur,exact,Python R35 uses flag-on tax bridge; Excel may differ in construction-period trea
CIT / Tax,Taxable Income / R35 (Python flag-on),Excel,27,Y14H2,2748.4,4505.2,1756.7,0.0000,P&L!taxable_income_keur,result.periods[i].taxable_income_before_losses_audit_keur,exact,Python R35 uses flag-on tax bridge; Excel may differ in construction-period trea
CIT / Tax,Taxable Income / R35 (Python flag-on),Python,27,Y14H2,2748.4,4505.2,1756.7,0.0000,P&L!taxable_income_keur,result.periods[i].taxable_income_before_losses_audit_keur,exact,Python R35 uses flag-on tax bridge; Excel may differ in construction-period trea
CIT / Tax,Taxable Income / R35 (Python flag-on),Delta,27,Y14H2,2748.4,4505.2,1756.7,0.6392,P&L!taxable_income_keur,result.periods[i].taxable_income_before_losses_audit_keur,exact,Python R35 uses flag-on tax bridge; Excel may differ in construction-period trea
CIT / Tax,Taxable Income / R35 (Python flag-on),Excel,28,Y15H1,2902.6,4621.6,1719.0,0.0000,P&L!taxable_income_keur,result.periods[i].taxable_income_before_losses_audit_keur,exact,Python R35 uses flag-on tax bridge; Excel may differ in construction-period trea
CIT / Tax,Taxable Income / R35 (Python flag-on),Python,28,Y15H1,2902.6,4621.6,1719.0,0.0000,P&L!taxable_income_keur,result.periods[i].taxable_income_before_losses_audit_keur,exact,Python R35 uses flag-on tax bridge; Excel may differ in construction-period trea
CIT / Tax,Taxable Income / R35 (Python flag-on),Delta,28,Y15H1,2902.6,4621.6,1719.0,0.5922,P&L!taxable_income_keur,result.periods[i].taxable_income_before_losses_audit_keur,exact,Python R35 uses flag-on tax bridge; Excel may differ in construction-period trea
CIT / Tax,Taxable Income / R35 (Python flag-on),Excel,29,Y15H2,3122.6,4860.9,1738.3,0.0000,P&L!taxable_income_keur,result.periods[i].taxable_income_before_losses_audit_keur,exact,Python R35 uses flag-on tax bridge; Excel may differ in construction-period trea
CIT / Tax,Taxable Income / R35 (Python flag-on),Python,29,Y15H2,3122.6,4860.9,1738.3,0.0000,P&L!taxable_income_keur,result.periods[i].taxable_income_before_losses_audit_keur,exact,Python R35 uses flag-on tax bridge; Excel may differ in construction-period trea
CIT / Tax,Taxable Income / R35 (Python flag-on),Delta,29,Y15H2,3122.6,4860.9,1738.3,0.5567,P&L!taxable_income_keur,result.periods[i].taxable_income_before_losses_audit_keur,exact,Python R35 uses flag-on tax bridge; Excel may differ in construction-period trea
CIT / Tax,Taxable Income / R35 (Python flag-on),Excel,30,Y16H1,3272.9,5000.4,1727.6,0.0000,P&L!taxable_income_keur,result.periods[i].taxable_income_before_losses_audit_keur,exact,Python R35 uses flag-on tax bridge; Excel may differ in construction-period trea
CIT / Tax,Taxable Income / R35 (Python flag-on),Python,30,Y16H1,3272.9,5000.4,1727.6,0.0000,P&L!taxable_income_keur,result.periods[i].taxable_income_before_losses_audit_keur,exact,Python R35 uses flag-on tax bridge; Excel may differ in construction-period trea
CIT / Tax,Taxable Income / R35 (Python flag-on),Delta,30,Y16H1,3272.9,5000.4,1727.6,0.5278,P&L!taxable_income_keur,result.periods[i].taxable_income_before_losses_audit_keur,exact,Python R35 uses flag-on tax bridge; Excel may differ in construction-period trea
CIT / Tax,Taxable Income / R35 (Python flag-on),Excel,31,Y16H2,3529.9,5286.8,1756.8,0.0000,P&L!taxable_income_keur,result.periods[i].taxable_income_before_losses_audit_keur,exact,Python R35 uses flag-on tax bridge; Excel may differ in construction-period trea
CIT / Tax,Taxable Income / R35 (Python flag-on),Python,31,Y16H2,3529.9,5286.8,1756.8,0.0000,P&L!taxable_income_keur,result.periods[i].taxable_income_before_losses_audit_keur,exact,Python R35 uses flag-on tax bridge; Excel may differ in construction-period trea
CIT / Tax,Taxable Income / R35 (Python flag-on),Delta,31,Y16H2,3529.9,5286.8,1756.8,0.4977,P&L!taxable_income_keur,result.periods[i].taxable_income_before_losses_audit_keur,exact,Python R35 uses flag-on tax bridge; Excel may differ in construction-period trea
CIT / Tax,Taxable Income / R35 (Python flag-on),Excel,32,Y17H1,3844.7,5560.0,1715.3,0.0000,P&L!taxable_income_keur,result.periods[i].taxable_income_before_losses_audit_keur,exact,Python R35 uses flag-on tax bridge; Excel may differ in construction-period trea
CIT / Tax,Taxable Income / R35 (Python flag-on),Python,32,Y17H1,3844.7,5560.0,1715.3,0.0000,P&L!taxable_income_keur,result.periods[i].taxable_income_before_losses_audit_keur,exact,Python R35 uses flag-on tax bridge; Excel may differ in construction-period trea
CIT / Tax,Taxable Income / R35 (Python flag-on),Delta,32,Y17H1,3844.7,5560.0,1715.3,0.4461,P&L!taxable_income_keur,result.periods[i].taxable_income_before_losses_audit_keur,exact,Python R35 uses flag-on tax bridge; Excel may differ in construction-period trea
CIT / Tax,Taxable Income / R35 (Python flag-on),Excel,33,Y17H2,4134.3,5878.6,1744.4,0.0000,P&L!taxable_income_keur,result.periods[i].taxable_income_before_losses_audit_keur,exact,Python R35 uses flag-on tax bridge; Excel may differ in construction-period trea
CIT / Tax,Taxable Income / R35 (Python flag-on),Python,33,Y17H2,4134.3,5878.6,1744.4,0.0000,P&L!taxable_income_keur,result.periods[i].taxable_income_before_losses_audit_keur,exact,Python R35 uses flag-on tax bridge; Excel may differ in construction-period trea
CIT / Tax,Taxable Income / R35 (Python flag-on),Delta,33,Y17H2,4134.3,5878.6,1744.4,0.4219,P&L!taxable_income_keur,result.periods[i].taxable_income_before_losses_audit_keur,exact,Python R35 uses flag-on tax bridge; Excel may differ in construction-period trea
CIT / Tax,Taxable Income / R35 (Python flag-on),Excel,34,Y18H1,4408.4,6110.8,1702.4,0.0000,P&L!taxable_income_keur,result.periods[i].taxable_income_before_losses_audit_keur,exact,Python R35 uses flag-on tax bridge; Excel may differ in construction-period trea
CIT / Tax,Taxable Income / R35 (Python flag-on),Python,34,Y18H1,4408.4,6110.8,1702.4,0.0000,P&L!taxable_income_keur,result.periods[i].taxable_income_before_losses_audit_keur,exact,Python R35 uses flag-on tax bridge; Excel may differ in construction-period trea
CIT / Tax,Taxable Income / R35 (Python flag-on),Delta,34,Y18H1,4408.4,6110.8,1702.4,0.3862,P&L!taxable_income_keur,result.periods[i].taxable_income_before_losses_audit_keur,exact,Python R35 uses flag-on tax bridge; Excel may differ in construction-period trea
CIT / Tax,Taxable Income / R35 (Python flag-on),Excel,35,Y18H2,4730.1,6461.4,1731.3,0.0000,P&L!taxable_income_keur,result.periods[i].taxable_income_before_losses_audit_keur,exact,Python R35 uses flag-on tax bridge; Excel may differ in construction-period trea
CIT / Tax,Taxable Income / R35 (Python flag-on),Python,35,Y18H2,4730.1,6461.4,1731.3,0.0000,P&L!taxable_income_keur,result.periods[i].taxable_income_before_losses_audit_keur,exact,Python R35 uses flag-on tax bridge; Excel may differ in construction-period trea
CIT / Tax,Taxable Income / R35 (Python flag-on),Delta,35,Y18H2,4730.1,6461.4,1731.3,0.3660,P&L!taxable_income_keur,result.periods[i].taxable_income_before_losses_audit_keur,exact,Python R35 uses flag-on tax bridge; Excel may differ in construction-period trea
CIT / Tax,Taxable Income / R35 (Python flag-on),Excel,36,Y19H1,5003.8,6697.5,1693.8,0.0000,P&L!taxable_income_keur,result.periods[i].taxable_income_before_losses_audit_keur,exact,Python R35 uses flag-on tax bridge; Excel may differ in construction-period trea
CIT / Tax,Taxable Income / R35 (Python flag-on),Python,36,Y19H1,5003.8,6697.5,1693.8,0.0000,P&L!taxable_income_keur,result.periods[i].taxable_income_before_losses_audit_keur,exact,Python R35 uses flag-on tax bridge; Excel may differ in construction-period trea
CIT / Tax,Taxable Income / R35 (Python flag-on),Delta,36,Y19H1,5003.8,6697.5,1693.8,0.3385,P&L!taxable_income_keur,result.periods[i].taxable_income_before_losses_audit_keur,exact,Python R35 uses flag-on tax bridge; Excel may differ in construction-period trea
CIT / Tax,Taxable Income / R35 (Python flag-on),Excel,37,Y19H2,5058.7,6771.5,1712.8,0.0000,P&L!taxable_income_keur,result.periods[i].taxable_income_before_losses_audit_keur,exact,Python R35 uses flag-on tax bridge; Excel may differ in construction-period trea
CIT / Tax,Taxable Income / R35 (Python flag-on),Python,37,Y19H2,5058.7,6771.5,1712.8,0.0000,P&L!taxable_income_keur,result.periods[i].taxable_income_before_losses_audit_keur,exact,Python R35 uses flag-on tax bridge; Excel may differ in construction-period trea
CIT / Tax,Taxable Income / R35 (Python flag-on),Delta,37,Y19H2,5058.7,6771.5,1712.8,0.3386,P&L!taxable_income_keur,result.periods[i].taxable_income_before_losses_audit_keur,exact,Python R35 uses flag-on tax bridge; Excel may differ in construction-period trea
CIT / Tax,Taxable Income / R35 (Python flag-on),Excel,38,Y20H1,5155.4,6830.3,1674.9,0.0000,P&L!taxable_income_keur,result.periods[i].taxable_income_before_losses_audit_keur,exact,Python R35 uses flag-on tax bridge; Excel may differ in construction-period trea
CIT / Tax,Taxable Income / R35 (Python flag-on),Python,38,Y20H1,5155.4,6830.3,1674.9,0.0000,P&L!taxable_income_keur,result.periods[i].taxable_income_before_losses_audit_keur,exact,Python R35 uses flag-on tax bridge; Excel may differ in construction-period trea
CIT / Tax,Taxable Income / R35 (Python flag-on),Delta,38,Y20H1,5155.4,6830.3,1674.9,0.3249,P&L!taxable_income_keur,result.periods[i].taxable_income_before_losses_audit_keur,exact,Python R35 uses flag-on tax bridge; Excel may differ in construction-period trea
CIT / Tax,Taxable Income / R35 (Python flag-on),Excel,39,Y20H2,5240.8,6944.1,1703.3,0.0000,P&L!taxable_income_keur,result.periods[i].taxable_income_before_losses_audit_keur,exact,Python R35 uses flag-on tax bridge; Excel may differ in construction-period trea
CIT / Tax,Taxable Income / R35 (Python flag-on),Python,39,Y20H2,5240.8,6944.1,1703.3,0.0000,P&L!taxable_income_keur,result.periods[i].taxable_income_before_losses_audit_keur,exact,Python R35 uses flag-on tax bridge; Excel may differ in construction-period trea
CIT / Tax,Taxable Income / R35 (Python flag-on),Delta,39,Y20H2,5240.8,6944.1,1703.3,0.3250,P&L!taxable_income_keur,result.periods[i].taxable_income_before_losses_audit_keur,exact,Python R35 uses flag-on tax bridge; Excel may differ in construction-period trea
CIT / Tax,Taxable Income / R35 (Python flag-on),Excel,40,Y21H1,7037.2,6980.2,-57.0,0.0000,P&L!taxable_income_keur,result.periods[i].taxable_income_before_losses_audit_keur,exact,Python R35 uses flag-on tax bridge; Excel may differ in construction-period trea
CIT / Tax,Taxable Income / R35 (Python flag-on),Python,40,Y21H1,7037.2,6980.2,-57.0,0.0000,P&L!taxable_income_keur,result.periods[i].taxable_income_before_losses_audit_keur,exact,Python R35 uses flag-on tax bridge; Excel may differ in construction-period trea
CIT / Tax,Taxable Income / R35 (Python flag-on),Delta,40,Y21H1,7037.2,6980.2,-57.0,-0.0081,P&L!taxable_income_keur,result.periods[i].taxable_income_before_losses_audit_keur,exact,Python R35 uses flag-on tax bridge; Excel may differ in construction-period trea
CIT / Tax,Taxable Income / R35 (Python flag-on),Excel,41,Y21H2,7153.9,7096.6,-57.3,0.0000,P&L!taxable_income_keur,result.periods[i].taxable_income_before_losses_audit_keur,exact,Python R35 uses flag-on tax bridge; Excel may differ in construction-period trea
CIT / Tax,Taxable Income / R35 (Python flag-on),Python,41,Y21H2,7153.9,7096.6,-57.3,0.0000,P&L!taxable_income_keur,result.periods[i].taxable_income_before_losses_audit_keur,exact,Python R35 uses flag-on tax bridge; Excel may differ in construction-period trea
CIT / Tax,Taxable Income / R35 (Python flag-on),Delta,41,Y21H2,7153.9,7096.6,-57.3,-0.0080,P&L!taxable_income_keur,result.periods[i].taxable_income_before_losses_audit_keur,exact,Python R35 uses flag-on tax bridge; Excel may differ in construction-period trea
CIT / Tax,Taxable Income / R35 (Python flag-on),Excel,42,Y22H1,7202.3,7129.8,-72.5,0.0000,P&L!taxable_income_keur,result.periods[i].taxable_income_before_losses_audit_keur,exact,Python R35 uses flag-on tax bridge; Excel may differ in construction-period trea
CIT / Tax,Taxable Income / R35 (Python flag-on),Python,42,Y22H1,7202.3,7129.8,-72.5,0.0000,P&L!taxable_income_keur,result.periods[i].taxable_income_before_losses_audit_keur,exact,Python R35 uses flag-on tax bridge; Excel may differ in construction-period trea
CIT / Tax,Taxable Income / R35 (Python flag-on),Delta,42,Y22H1,7202.3,7129.8,-72.5,-0.0101,P&L!taxable_income_keur,result.periods[i].taxable_income_before_losses_audit_keur,exact,Python R35 uses flag-on tax bridge; Excel may differ in construction-period trea
CIT / Tax,Taxable Income / R35 (Python flag-on),Excel,43,Y22H2,7321.7,7248.6,-73.0,0.0000,P&L!taxable_income_keur,result.periods[i].taxable_income_before_losses_audit_keur,exact,Python R35 uses flag-on tax bridge; Excel may differ in construction-period trea
CIT / Tax,Taxable Income / R35 (Python flag-on),Python,43,Y22H2,7321.7,7248.6,-73.0,0.0000,P&L!taxable_income_keur,result.periods[i].taxable_income_before_losses_audit_keur,exact,Python R35 uses flag-on tax bridge; Excel may differ in construction-period trea
CIT / Tax,Taxable Income / R35 (Python flag-on),Delta,43,Y22H2,7321.7,7248.6,-73.0,-0.0100,P&L!taxable_income_keur,result.periods[i].taxable_income_before_losses_audit_keur,exact,Python R35 uses flag-on tax bridge; Excel may differ in construction-period trea
CIT / Tax,Taxable Income / R35 (Python flag-on),Excel,44,Y23H1,7426.0,7337.2,-88.8,0.0000,P&L!taxable_income_keur,result.periods[i].taxable_income_before_losses_audit_keur,exact,Python R35 uses flag-on tax bridge; Excel may differ in construction-period trea
CIT / Tax,Taxable Income / R35 (Python flag-on),Python,44,Y23H1,7426.0,7337.2,-88.8,0.0000,P&L!taxable_income_keur,result.periods[i].taxable_income_before_losses_audit_keur,exact,Python R35 uses flag-on tax bridge; Excel may differ in construction-period trea
CIT / Tax,Taxable Income / R35 (Python flag-on),Delta,44,Y23H1,7426.0,7337.2,-88.8,-0.0120,P&L!taxable_income_keur,result.periods[i].taxable_income_before_losses_audit_keur,exact,Python R35 uses flag-on tax bridge; Excel may differ in construction-period trea
CIT / Tax,Taxable Income / R35 (Python flag-on),Excel,45,Y23H2,7507.6,7418.3,-89.4,0.0000,P&L!taxable_income_keur,result.periods[i].taxable_income_before_losses_audit_keur,exact,Python R35 uses flag-on tax bridge; Excel may differ in construction-period trea
CIT / Tax,Taxable Income / R35 (Python flag-on),Python,45,Y23H2,7507.6,7418.3,-89.4,0.0000,P&L!taxable_income_keur,result.periods[i].taxable_income_before_losses_audit_keur,exact,Python R35 uses flag-on tax bridge; Excel may differ in construction-period trea
CIT / Tax,Taxable Income / R35 (Python flag-on),Delta,45,Y23H2,7507.6,7418.3,-89.4,-0.0119,P&L!taxable_income_keur,result.periods[i].taxable_income_before_losses_audit_keur,exact,Python R35 uses flag-on tax bridge; Excel may differ in construction-period trea
CIT / Tax,Taxable Income / R35 (Python flag-on),Excel,46,Y24H1,7552.5,7446.8,-105.7,0.0000,P&L!taxable_income_keur,result.periods[i].taxable_income_before_losses_audit_keur,exact,Python R35 uses flag-on tax bridge; Excel may differ in construction-period trea
CIT / Tax,Taxable Income / R35 (Python flag-on),Python,46,Y24H1,7552.5,7446.8,-105.7,0.0000,P&L!taxable_income_keur,result.periods[i].taxable_income_before_losses_audit_keur,exact,Python R35 uses flag-on tax bridge; Excel may differ in construction-period trea
CIT / Tax,Taxable Income / R35 (Python flag-on),Delta,46,Y24H1,7552.5,7446.8,-105.7,-0.0140,P&L!taxable_income_keur,result.periods[i].taxable_income_before_losses_audit_keur,exact,Python R35 uses flag-on tax bridge; Excel may differ in construction-period trea
CIT / Tax,Taxable Income / R35 (Python flag-on),Excel,47,Y24H2,7677.7,7570.9,-106.8,0.0000,P&L!taxable_income_keur,result.periods[i].taxable_income_before_losses_audit_keur,exact,Python R35 uses flag-on tax bridge; Excel may differ in construction-period trea
CIT / Tax,Taxable Income / R35 (Python flag-on),Python,47,Y24H2,7677.7,7570.9,-106.8,0.0000,P&L!taxable_income_keur,result.periods[i].taxable_income_before_losses_audit_keur,exact,Python R35 uses flag-on tax bridge; Excel may differ in construction-period trea
CIT / Tax,Taxable Income / R35 (Python flag-on),Delta,47,Y24H2,7677.7,7570.9,-106.8,-0.0139,P&L!taxable_income_keur,result.periods[i].taxable_income_before_losses_audit_keur,exact,Python R35 uses flag-on tax bridge; Excel may differ in construction-period trea
CIT / Tax,Taxable Income / R35 (Python flag-on),Excel,48,Y25H1,7701.5,7578.1,-123.5,0.0000,P&L!taxable_income_keur,result.periods[i].taxable_income_before_losses_audit_keur,exact,Python R35 uses flag-on tax bridge; Excel may differ in construction-period trea
CIT / Tax,Taxable Income / R35 (Python flag-on),Python,48,Y25H1,7701.5,7578.1,-123.5,0.0000,P&L!taxable_income_keur,result.periods[i].taxable_income_before_losses_audit_keur,exact,Python R35 uses flag-on tax bridge; Excel may differ in construction-period trea
CIT / Tax,Taxable Income / R35 (Python flag-on),Delta,48,Y25H1,7701.5,7578.1,-123.5,-0.0160,P&L!taxable_income_keur,result.periods[i].taxable_income_before_losses_audit_keur,exact,Python R35 uses flag-on tax bridge; Excel may differ in construction-period trea
CIT / Tax,Taxable Income / R35 (Python flag-on),Excel,49,Y25H2,7829.2,7704.3,-124.9,0.0000,P&L!taxable_income_keur,result.periods[i].taxable_income_before_losses_audit_keur,exact,Python R35 uses flag-on tax bridge; Excel may differ in construction-period trea
CIT / Tax,Taxable Income / R35 (Python flag-on),Python,49,Y25H2,7829.2,7704.3,-124.9,0.0000,P&L!taxable_income_keur,result.periods[i].taxable_income_before_losses_audit_keur,exact,Python R35 uses flag-on tax bridge; Excel may differ in construction-period trea
CIT / Tax,Taxable Income / R35 (Python flag-on),Delta,49,Y25H2,7829.2,7704.3,-124.9,-0.0160,P&L!taxable_income_keur,result.periods[i].taxable_income_before_losses_audit_keur,exact,Python R35 uses flag-on tax bridge; Excel may differ in construction-period trea
CIT / Tax,Taxable Income / R35 (Python flag-on),Excel,50,Y26H1,7870.7,7766.4,-104.3,0.0000,P&L!taxable_income_keur,result.periods[i].taxable_income_before_losses_audit_keur,exact,Python R35 uses flag-on tax bridge; Excel may differ in construction-period trea
CIT / Tax,Taxable Income / R35 (Python flag-on),Python,50,Y26H1,7870.7,7766.4,-104.3,0.0000,P&L!taxable_income_keur,result.periods[i].taxable_income_before_losses_audit_keur,exact,Python R35 uses flag-on tax bridge; Excel may differ in construction-period trea
CIT / Tax,Taxable Income / R35 (Python flag-on),Delta,50,Y26H1,7870.7,7766.4,-104.3,-0.0133,P&L!taxable_income_keur,result.periods[i].taxable_income_before_losses_audit_keur,exact,Python R35 uses flag-on tax bridge; Excel may differ in construction-period trea
CIT / Tax,Taxable Income / R35 (Python flag-on),Excel,51,Y26H2,8001.1,7895.7,-105.4,0.0000,P&L!taxable_income_keur,result.periods[i].taxable_income_before_losses_audit_keur,exact,Python R35 uses flag-on tax bridge; Excel may differ in construction-period trea
CIT / Tax,Taxable Income / R35 (Python flag-on),Python,51,Y26H2,8001.1,7895.7,-105.4,0.0000,P&L!taxable_income_keur,result.periods[i].taxable_income_before_losses_audit_keur,exact,Python R35 uses flag-on tax bridge; Excel may differ in construction-period trea
CIT / Tax,Taxable Income / R35 (Python flag-on),Delta,51,Y26H2,8001.1,7895.7,-105.4,-0.0132,P&L!taxable_income_keur,result.periods[i].taxable_income_before_losses_audit_keur,exact,Python R35 uses flag-on tax bridge; Excel may differ in construction-period trea
CIT / Tax,Taxable Income / R35 (Python flag-on),Excel,52,Y27H1,8037.6,7913.4,-124.1,0.0000,P&L!taxable_income_keur,result.periods[i].taxable_income_before_losses_audit_keur,exact,Python R35 uses flag-on tax bridge; Excel may differ in construction-period trea
CIT / Tax,Taxable Income / R35 (Python flag-on),Python,52,Y27H1,8037.6,7913.4,-124.1,0.0000,P&L!taxable_income_keur,result.periods[i].taxable_income_before_losses_audit_keur,exact,Python R35 uses flag-on tax bridge; Excel may differ in construction-period trea
CIT / Tax,Taxable Income / R35 (Python flag-on),Delta,52,Y27H1,8037.6,7913.4,-124.1,-0.0154,P&L!taxable_income_keur,result.periods[i].taxable_income_before_losses_audit_keur,exact,Python R35 uses flag-on tax bridge; Excel may differ in construction-period trea
CIT / Tax,Taxable Income / R35 (Python flag-on),Excel,53,Y27H2,8125.9,8000.8,-125.1,0.0000,P&L!taxable_income_keur,result.periods[i].taxable_income_before_losses_audit_keur,exact,Python R35 uses flag-on tax bridge; Excel may differ in construction-period trea
CIT / Tax,Taxable Income / R35 (Python flag-on),Python,53,Y27H2,8125.9,8000.8,-125.1,0.0000,P&L!taxable_income_keur,result.periods[i].taxable_income_before_losses_audit_keur,exact,Python R35 uses flag-on tax bridge; Excel may differ in construction-period trea
CIT / Tax,Taxable Income / R35 (Python flag-on),Delta,53,Y27H2,8125.9,8000.8,-125.1,-0.0154,P&L!taxable_income_keur,result.periods[i].taxable_income_before_losses_audit_keur,exact,Python R35 uses flag-on tax bridge; Excel may differ in construction-period trea
CIT / Tax,Taxable Income / R35 (Python flag-on),Excel,54,Y28H1,8123.2,7978.7,-144.5,0.0000,P&L!taxable_income_keur,result.periods[i].taxable_income_before_losses_audit_keur,exact,Python R35 uses flag-on tax bridge; Excel may differ in construction-period trea
CIT / Tax,Taxable Income / R35 (Python flag-on),Python,54,Y28H1,8123.2,7978.7,-144.5,0.0000,P&L!taxable_income_keur,result.periods[i].taxable_income_before_losses_audit_keur,exact,Python R35 uses flag-on tax bridge; Excel may differ in construction-period trea
CIT / Tax,Taxable Income / R35 (Python flag-on),Delta,54,Y28H1,8123.2,7978.7,-144.5,-0.0178,P&L!taxable_income_keur,result.periods[i].taxable_income_before_losses_audit_keur,exact,Python R35 uses flag-on tax bridge; Excel may differ in construction-period trea
CIT / Tax,Taxable Income / R35 (Python flag-on),Excel,55,Y28H2,8257.8,8111.6,-146.2,0.0000,P&L!taxable_income_keur,result.periods[i].taxable_income_before_losses_audit_keur,exact,Python R35 uses flag-on tax bridge; Excel may differ in construction-period trea
CIT / Tax,Taxable Income / R35 (Python flag-on),Python,55,Y28H2,8257.8,8111.6,-146.2,0.0000,P&L!taxable_income_keur,result.periods[i].taxable_income_before_losses_audit_keur,exact,Python R35 uses flag-on tax bridge; Excel may differ in construction-period trea
CIT / Tax,Taxable Income / R35 (Python flag-on),Delta,55,Y28H2,8257.8,8111.6,-146.2,-0.0177,P&L!taxable_income_keur,result.periods[i].taxable_income_before_losses_audit_keur,exact,Python R35 uses flag-on tax bridge; Excel may differ in construction-period trea
CIT / Tax,Taxable Income / R35 (Python flag-on),Excel,56,Y29H1,8221.4,8055.4,-166.0,0.0000,P&L!taxable_income_keur,result.periods[i].taxable_income_before_losses_audit_keur,exact,Python R35 uses flag-on tax bridge; Excel may differ in construction-period trea
CIT / Tax,Taxable Income / R35 (Python flag-on),Python,56,Y29H1,8221.4,8055.4,-166.0,0.0000,P&L!taxable_income_keur,result.periods[i].taxable_income_before_losses_audit_keur,exact,Python R35 uses flag-on tax bridge; Excel may differ in construction-period trea
CIT / Tax,Taxable Income / R35 (Python flag-on),Delta,56,Y29H1,8221.4,8055.4,-166.0,-0.0202,P&L!taxable_income_keur,result.periods[i].taxable_income_before_losses_audit_keur,exact,Python R35 uses flag-on tax bridge; Excel may differ in construction-period trea
CIT / Tax,Taxable Income / R35 (Python flag-on),Excel,57,Y29H2,8357.7,8189.5,-168.2,0.0000,P&L!taxable_income_keur,result.periods[i].taxable_income_before_losses_audit_keur,exact,Python R35 uses flag-on tax bridge; Excel may differ in construction-period trea
CIT / Tax,Taxable Income / R35 (Python flag-on),Python,57,Y29H2,8357.7,8189.5,-168.2,0.0000,P&L!taxable_income_keur,result.periods[i].taxable_income_before_losses_audit_keur,exact,Python R35 uses flag-on tax bridge; Excel may differ in construction-period trea
CIT / Tax,Taxable Income / R35 (Python flag-on),Delta,57,Y29H2,8357.7,8189.5,-168.2,-0.0201,P&L!taxable_income_keur,result.periods[i].taxable_income_before_losses_audit_keur,exact,Python R35 uses flag-on tax bridge; Excel may differ in construction-period trea
CIT / Tax,Taxable Income / R35 (Python flag-on),Excel,58,Y30H1,8264.4,8075.7,-188.7,0.0000,P&L!taxable_income_keur,result.periods[i].taxable_income_before_losses_audit_keur,exact,Python R35 uses flag-on tax bridge; Excel may differ in construction-period trea
CIT / Tax,Taxable Income / R35 (Python flag-on),Python,58,Y30H1,8264.4,8075.7,-188.7,0.0000,P&L!taxable_income_keur,result.periods[i].taxable_income_before_losses_audit_keur,exact,Python R35 uses flag-on tax bridge; Excel may differ in construction-period trea
CIT / Tax,Taxable Income / R35 (Python flag-on),Delta,58,Y30H1,8264.4,8075.7,-188.7,-0.0228,P&L!taxable_income_keur,result.periods[i].taxable_income_before_losses_audit_keur,exact,Python R35 uses flag-on tax bridge; Excel may differ in construction-period trea
CIT / Tax,Taxable Income / R35 (Python flag-on),Excel,59,Y30H2,8401.4,8210.2,-191.2,0.0000,P&L!taxable_income_keur,result.periods[i].taxable_income_before_losses_audit_keur,exact,Python R35 uses flag-on tax bridge; Excel may differ in construction-period trea
CIT / Tax,Taxable Income / R35 (Python flag-on),Python,59,Y30H2,8401.4,8210.2,-191.2,0.0000,P&L!taxable_income_keur,result.periods[i].taxable_income_before_losses_audit_keur,exact,Python R35 uses flag-on tax bridge; Excel may differ in construction-period trea
CIT / Tax,Taxable Income / R35 (Python flag-on),Delta,59,Y30H2,8401.4,8210.2,-191.2,-0.0228,P&L!taxable_income_keur,result.periods[i].taxable_income_before_losses_audit_keur,exact,Python R35 uses flag-on tax bridge; Excel may differ in construction-period trea
CIT / Tax,Taxable Profit After Losses / R41,Excel,0,Y01H1,-1369.7,0.0,1369.7,0.0000,P&L!taxable_income_keur (proxy),result.periods[i].taxable_income_after_losses_keur,approximate,Excel does not separately surface R41; P&L.taxable_income_keur is closest proxy
CIT / Tax,Taxable Profit After Losses / R41,Python,0,Y01H1,-1369.7,0.0,1369.7,0.0000,P&L!taxable_income_keur (proxy),result.periods[i].taxable_income_after_losses_keur,approximate,Excel does not separately surface R41; P&L.taxable_income_keur is closest proxy
CIT / Tax,Taxable Profit After Losses / R41,Delta,0,Y01H1,-1369.7,0.0,1369.7,1.0000,P&L!taxable_income_keur (proxy),result.periods[i].taxable_income_after_losses_keur,approximate,Excel does not separately surface R41; P&L.taxable_income_keur is closest proxy
CIT / Tax,Taxable Profit After Losses / R41,Excel,1,Y01H2,-1381.4,0.0,1381.4,0.0000,P&L!taxable_income_keur (proxy),result.periods[i].taxable_income_after_losses_keur,approximate,Excel does not separately surface R41; P&L.taxable_income_keur is closest proxy
CIT / Tax,Taxable Profit After Losses / R41,Python,1,Y01H2,-1381.4,0.0,1381.4,0.0000,P&L!taxable_income_keur (proxy),result.periods[i].taxable_income_after_losses_keur,approximate,Excel does not separately surface R41; P&L.taxable_income_keur is closest proxy
CIT / Tax,Taxable Profit After Losses / R41,Delta,1,Y01H2,-1381.4,0.0,1381.4,1.0000,P&L!taxable_income_keur (proxy),result.periods[i].taxable_income_after_losses_keur,approximate,Excel does not separately surface R41; P&L.taxable_income_keur is closest proxy
CIT / Tax,Taxable Profit After Losses / R41,Excel,2,Y02H1,-1306.1,0.0,1306.1,0.0000,P&L!taxable_income_keur (proxy),result.periods[i].taxable_income_after_losses_keur,approximate,Excel does not separately surface R41; P&L.taxable_income_keur is closest proxy
CIT / Tax,Taxable Profit After Losses / R41,Python,2,Y02H1,-1306.1,0.0,1306.1,0.0000,P&L!taxable_income_keur (proxy),result.periods[i].taxable_income_after_losses_keur,approximate,Excel does not separately surface R41; P&L.taxable_income_keur is closest proxy
CIT / Tax,Taxable Profit After Losses / R41,Delta,2,Y02H1,-1306.1,0.0,1306.1,1.0000,P&L!taxable_income_keur (proxy),result.periods[i].taxable_income_after_losses_keur,approximate,Excel does not separately surface R41; P&L.taxable_income_keur is closest proxy
CIT / Tax,Taxable Profit After Losses / R41,Excel,3,Y02H2,-1314.9,0.0,1314.9,0.0000,P&L!taxable_income_keur (proxy),result.periods[i].taxable_income_after_losses_keur,approximate,Excel does not separately surface R41; P&L.taxable_income_keur is closest proxy
CIT / Tax,Taxable Profit After Losses / R41,Python,3,Y02H2,-1314.9,0.0,1314.9,0.0000,P&L!taxable_income_keur (proxy),result.periods[i].taxable_income_after_losses_keur,approximate,Excel does not separately surface R41; P&L.taxable_income_keur is closest proxy
CIT / Tax,Taxable Profit After Losses / R41,Delta,3,Y02H2,-1314.9,0.0,1314.9,1.0000,P&L!taxable_income_keur (proxy),result.periods[i].taxable_income_after_losses_keur,approximate,Excel does not separately surface R41; P&L.taxable_income_keur is closest proxy
CIT / Tax,Taxable Profit After Losses / R41,Excel,4,Y03H1,-1290.1,0.0,1290.1,0.0000,P&L!taxable_income_keur (proxy),result.periods[i].taxable_income_after_losses_keur,approximate,Excel does not separately surface R41; P&L.taxable_income_keur is closest proxy
CIT / Tax,Taxable Profit After Losses / R41,Python,4,Y03H1,-1290.1,0.0,1290.1,0.0000,P&L!taxable_income_keur (proxy),result.periods[i].taxable_income_after_losses_keur,approximate,Excel does not separately surface R41; P&L.taxable_income_keur is closest proxy
CIT / Tax,Taxable Profit After Losses / R41,Delta,4,Y03H1,-1290.1,0.0,1290.1,1.0000,P&L!taxable_income_keur (proxy),result.periods[i].taxable_income_after_losses_keur,approximate,Excel does not separately surface R41; P&L.taxable_income_keur is closest proxy
CIT / Tax,Taxable Profit After Losses / R41,Excel,5,Y03H2,-1291.1,0.0,1291.1,0.0000,P&L!taxable_income_keur (proxy),result.periods[i].taxable_income_after_losses_keur,approximate,Excel does not separately surface R41; P&L.taxable_income_keur is closest proxy
CIT / Tax,Taxable Profit After Losses / R41,Python,5,Y03H2,-1291.1,0.0,1291.1,0.0000,P&L!taxable_income_keur (proxy),result.periods[i].taxable_income_after_losses_keur,approximate,Excel does not separately surface R41; P&L.taxable_income_keur is closest proxy
CIT / Tax,Taxable Profit After Losses / R41,Delta,5,Y03H2,-1291.1,0.0,1291.1,1.0000,P&L!taxable_income_keur (proxy),result.periods[i].taxable_income_after_losses_keur,approximate,Excel does not separately surface R41; P&L.taxable_income_keur is closest proxy
CIT / Tax,Taxable Profit After Losses / R41,Excel,6,Y04H1,-1208.8,0.0,1208.8,0.0000,P&L!taxable_income_keur (proxy),result.periods[i].taxable_income_after_losses_keur,approximate,Excel does not separately surface R41; P&L.taxable_income_keur is closest proxy
CIT / Tax,Taxable Profit After Losses / R41,Python,6,Y04H1,-1208.8,0.0,1208.8,0.0000,P&L!taxable_income_keur (proxy),result.periods[i].taxable_income_after_losses_keur,approximate,Excel does not separately surface R41; P&L.taxable_income_keur is closest proxy
CIT / Tax,Taxable Profit After Losses / R41,Delta,6,Y04H1,-1208.8,0.0,1208.8,1.0000,P&L!taxable_income_keur (proxy),result.periods[i].taxable_income_after_losses_keur,approximate,Excel does not separately surface R41; P&L.taxable_income_keur is closest proxy
CIT / Tax,Taxable Profit After Losses / R41,Excel,7,Y04H2,-1675.9,0.0,1675.9,0.0000,P&L!taxable_income_keur (proxy),result.periods[i].taxable_income_after_losses_keur,approximate,Excel does not separately surface R41; P&L.taxable_income_keur is closest proxy
CIT / Tax,Taxable Profit After Losses / R41,Python,7,Y04H2,-1675.9,0.0,1675.9,0.0000,P&L!taxable_income_keur (proxy),result.periods[i].taxable_income_after_losses_keur,approximate,Excel does not separately surface R41; P&L.taxable_income_keur is closest proxy
CIT / Tax,Taxable Profit After Losses / R41,Delta,7,Y04H2,-1675.9,0.0,1675.9,1.0000,P&L!taxable_income_keur (proxy),result.periods[i].taxable_income_after_losses_keur,approximate,Excel does not separately surface R41; P&L.taxable_income_keur is closest proxy
CIT / Tax,Taxable Profit After Losses / R41,Excel,8,Y05H1,-1600.2,0.0,1600.2,0.0000,P&L!taxable_income_keur (proxy),result.periods[i].taxable_income_after_losses_keur,approximate,Excel does not separately surface R41; P&L.taxable_income_keur is closest proxy
CIT / Tax,Taxable Profit After Losses / R41,Python,8,Y05H1,-1600.2,0.0,1600.2,0.0000,P&L!taxable_income_keur (proxy),result.periods[i].taxable_income_after_losses_keur,approximate,Excel does not separately surface R41; P&L.taxable_income_keur is closest proxy
CIT / Tax,Taxable Profit After Losses / R41,Delta,8,Y05H1,-1600.2,0.0,1600.2,1.0000,P&L!taxable_income_keur (proxy),result.periods[i].taxable_income_after_losses_keur,approximate,Excel does not separately surface R41; P&L.taxable_income_keur is closest proxy
CIT / Tax,Taxable Profit After Losses / R41,Excel,9,Y05H2,-1626.3,0.0,1626.3,0.0000,P&L!taxable_income_keur (proxy),result.periods[i].taxable_income_after_losses_keur,approximate,Excel does not separately surface R41; P&L.taxable_income_keur is closest proxy
CIT / Tax,Taxable Profit After Losses / R41,Python,9,Y05H2,-1626.3,0.0,1626.3,0.0000,P&L!taxable_income_keur (proxy),result.periods[i].taxable_income_after_losses_keur,approximate,Excel does not separately surface R41; P&L.taxable_income_keur is closest proxy
CIT / Tax,Taxable Profit After Losses / R41,Delta,9,Y05H2,-1626.3,0.0,1626.3,1.0000,P&L!taxable_income_keur (proxy),result.periods[i].taxable_income_after_losses_keur,approximate,Excel does not separately surface R41; P&L.taxable_income_keur is closest proxy
CIT / Tax,Taxable Profit After Losses / R41,Excel,10,Y06H1,-1592.9,0.0,1592.9,0.0000,P&L!taxable_income_keur (proxy),result.periods[i].taxable_income_after_losses_keur,approximate,Excel does not separately surface R41; P&L.taxable_income_keur is closest proxy
CIT / Tax,Taxable Profit After Losses / R41,Python,10,Y06H1,-1592.9,0.0,1592.9,0.0000,P&L!taxable_income_keur (proxy),result.periods[i].taxable_income_after_losses_keur,approximate,Excel does not separately surface R41; P&L.taxable_income_keur is closest proxy
CIT / Tax,Taxable Profit After Losses / R41,Delta,10,Y06H1,-1592.9,0.0,1592.9,1.0000,P&L!taxable_income_keur (proxy),result.periods[i].taxable_income_after_losses_keur,approximate,Excel does not separately surface R41; P&L.taxable_income_keur is closest proxy
CIT / Tax,Taxable Profit After Losses / R41,Excel,11,Y06H2,-1618.9,0.0,1618.9,0.0000,P&L!taxable_income_keur (proxy),result.periods[i].taxable_income_after_losses_keur,approximate,Excel does not separately surface R41; P&L.taxable_income_keur is closest proxy
CIT / Tax,Taxable Profit After Losses / R41,Python,11,Y06H2,-1618.9,0.0,1618.9,0.0000,P&L!taxable_income_keur (proxy),result.periods[i].taxable_income_after_losses_keur,approximate,Excel does not separately surface R41; P&L.taxable_income_keur is closest proxy
CIT / Tax,Taxable Profit After Losses / R41,Delta,11,Y06H2,-1618.9,0.0,1618.9,1.0000,P&L!taxable_income_keur (proxy),result.periods[i].taxable_income_after_losses_keur,approximate,Excel does not separately surface R41; P&L.taxable_income_keur is closest proxy
CIT / Tax,Taxable Profit After Losses / R41,Excel,12,Y07H1,-1519.6,0.0,1519.6,0.0000,P&L!taxable_income_keur (proxy),result.periods[i].taxable_income_after_losses_keur,approximate,Excel does not separately surface R41; P&L.taxable_income_keur is closest proxy
CIT / Tax,Taxable Profit After Losses / R41,Python,12,Y07H1,-1519.6,0.0,1519.6,0.0000,P&L!taxable_income_keur (proxy),result.periods[i].taxable_income_after_losses_keur,approximate,Excel does not separately surface R41; P&L.taxable_income_keur is closest proxy
CIT / Tax,Taxable Profit After Losses / R41,Delta,12,Y07H1,-1519.6,0.0,1519.6,1.0000,P&L!taxable_income_keur (proxy),result.periods[i].taxable_income_after_losses_keur,approximate,Excel does not separately surface R41; P&L.taxable_income_keur is closest proxy
CIT / Tax,Taxable Profit After Losses / R41,Excel,13,Y07H2,-1533.9,0.0,1533.9,0.0000,P&L!taxable_income_keur (proxy),result.periods[i].taxable_income_after_losses_keur,approximate,Excel does not separately surface R41; P&L.taxable_income_keur is closest proxy
CIT / Tax,Taxable Profit After Losses / R41,Python,13,Y07H2,-1533.9,0.0,1533.9,0.0000,P&L!taxable_income_keur (proxy),result.periods[i].taxable_income_after_losses_keur,approximate,Excel does not separately surface R41; P&L.taxable_income_keur is closest proxy
CIT / Tax,Taxable Profit After Losses / R41,Delta,13,Y07H2,-1533.9,0.0,1533.9,1.0000,P&L!taxable_income_keur (proxy),result.periods[i].taxable_income_after_losses_keur,approximate,Excel does not separately surface R41; P&L.taxable_income_keur is closest proxy
CIT / Tax,Taxable Profit After Losses / R41,Excel,14,Y08H1,-1405.7,0.0,1405.7,0.0000,P&L!taxable_income_keur (proxy),result.periods[i].taxable_income_after_losses_keur,approximate,Excel does not separately surface R41; P&L.taxable_income_keur is closest proxy
CIT / Tax,Taxable Profit After Losses / R41,Python,14,Y08H1,-1405.7,0.0,1405.7,0.0000,P&L!taxable_income_keur (proxy),result.periods[i].taxable_income_after_losses_keur,approximate,Excel does not separately surface R41; P&L.taxable_income_keur is closest proxy
CIT / Tax,Taxable Profit After Losses / R41,Delta,14,Y08H1,-1405.7,0.0,1405.7,1.0000,P&L!taxable_income_keur (proxy),result.periods[i].taxable_income_after_losses_keur,approximate,Excel does not separately surface R41; P&L.taxable_income_keur is closest proxy
CIT / Tax,Taxable Profit After Losses / R41,Excel,15,Y08H2,-1423.5,0.0,1423.5,0.0000,P&L!taxable_income_keur (proxy),result.periods[i].taxable_income_after_losses_keur,approximate,Excel does not separately surface R41; P&L.taxable_income_keur is closest proxy
CIT / Tax,Taxable Profit After Losses / R41,Python,15,Y08H2,-1423.5,0.0,1423.5,0.0000,P&L!taxable_income_keur (proxy),result.periods[i].taxable_income_after_losses_keur,approximate,Excel does not separately surface R41; P&L.taxable_income_keur is closest proxy
CIT / Tax,Taxable Profit After Losses / R41,Delta,15,Y08H2,-1423.5,0.0,1423.5,1.0000,P&L!taxable_income_keur (proxy),result.periods[i].taxable_income_after_losses_keur,approximate,Excel does not separately surface R41; P&L.taxable_income_keur is closest proxy
CIT / Tax,Taxable Profit After Losses / R41,Excel,16,Y09H1,-1293.7,0.0,1293.7,0.0000,P&L!taxable_income_keur (proxy),result.periods[i].taxable_income_after_losses_keur,approximate,Excel does not separately surface R41; P&L.taxable_income_keur is closest proxy
CIT / Tax,Taxable Profit After Losses / R41,Python,16,Y09H1,-1293.7,0.0,1293.7,0.0000,P&L!taxable_income_keur (proxy),result.periods[i].taxable_income_after_losses_keur,approximate,Excel does not separately surface R41; P&L.taxable_income_keur is closest proxy
CIT / Tax,Taxable Profit After Losses / R41,Delta,16,Y09H1,-1293.7,0.0,1293.7,1.0000,P&L!taxable_income_keur (proxy),result.periods[i].taxable_income_after_losses_keur,approximate,Excel does not separately surface R41; P&L.taxable_income_keur is closest proxy
CIT / Tax,Taxable Profit After Losses / R41,Excel,17,Y09H2,-1306.5,0.0,1306.5,0.0000,P&L!taxable_income_keur (proxy),result.periods[i].taxable_income_after_losses_keur,approximate,Excel does not separately surface R41; P&L.taxable_income_keur is closest proxy
CIT / Tax,Taxable Profit After Losses / R41,Python,17,Y09H2,-1306.5,0.0,1306.5,0.0000,P&L!taxable_income_keur (proxy),result.periods[i].taxable_income_after_losses_keur,approximate,Excel does not separately surface R41; P&L.taxable_income_keur is closest proxy
CIT / Tax,Taxable Profit After Losses / R41,Delta,17,Y09H2,-1306.5,0.0,1306.5,1.0000,P&L!taxable_income_keur (proxy),result.periods[i].taxable_income_after_losses_keur,approximate,Excel does not separately surface R41; P&L.taxable_income_keur is closest proxy
CIT / Tax,Taxable Profit After Losses / R41,Excel,18,Y10H1,-1178.1,0.0,1178.1,0.0000,P&L!taxable_income_keur (proxy),result.periods[i].taxable_income_after_losses_keur,approximate,Excel does not separately surface R41; P&L.taxable_income_keur is closest proxy
CIT / Tax,Taxable Profit After Losses / R41,Python,18,Y10H1,-1178.1,0.0,1178.1,0.0000,P&L!taxable_income_keur (proxy),result.periods[i].taxable_income_after_losses_keur,approximate,Excel does not separately surface R41; P&L.taxable_income_keur is closest proxy
CIT / Tax,Taxable Profit After Losses / R41,Delta,18,Y10H1,-1178.1,0.0,1178.1,1.0000,P&L!taxable_income_keur (proxy),result.periods[i].taxable_income_after_losses_keur,approximate,Excel does not separately surface R41; P&L.taxable_income_keur is closest proxy
CIT / Tax,Taxable Profit After Losses / R41,Excel,19,Y10H2,-1185.8,0.0,1185.8,0.0000,P&L!taxable_income_keur (proxy),result.periods[i].taxable_income_after_losses_keur,approximate,Excel does not separately surface R41; P&L.taxable_income_keur is closest proxy
CIT / Tax,Taxable Profit After Losses / R41,Python,19,Y10H2,-1185.8,0.0,1185.8,0.0000,P&L!taxable_income_keur (proxy),result.periods[i].taxable_income_after_losses_keur,approximate,Excel does not separately surface R41; P&L.taxable_income_keur is closest proxy
CIT / Tax,Taxable Profit After Losses / R41,Delta,19,Y10H2,-1185.8,0.0,1185.8,1.0000,P&L!taxable_income_keur (proxy),result.periods[i].taxable_income_after_losses_keur,approximate,Excel does not separately surface R41; P&L.taxable_income_keur is closest proxy
CIT / Tax,Taxable Profit After Losses / R41,Excel,20,Y11H1,-1099.5,0.0,1099.5,0.0000,P&L!taxable_income_keur (proxy),result.periods[i].taxable_income_after_losses_keur,approximate,Excel does not separately surface R41; P&L.taxable_income_keur is closest proxy
CIT / Tax,Taxable Profit After Losses / R41,Python,20,Y11H1,-1099.5,0.0,1099.5,0.0000,P&L!taxable_income_keur (proxy),result.periods[i].taxable_income_after_losses_keur,approximate,Excel does not separately surface R41; P&L.taxable_income_keur is closest proxy
CIT / Tax,Taxable Profit After Losses / R41,Delta,20,Y11H1,-1099.5,0.0,1099.5,1.0000,P&L!taxable_income_keur (proxy),result.periods[i].taxable_income_after_losses_keur,approximate,Excel does not separately surface R41; P&L.taxable_income_keur is closest proxy
CIT / Tax,Taxable Profit After Losses / R41,Excel,21,Y11H2,-1097.7,0.0,1097.7,0.0000,P&L!taxable_income_keur (proxy),result.periods[i].taxable_income_after_losses_keur,approximate,Excel does not separately surface R41; P&L.taxable_income_keur is closest proxy
CIT / Tax,Taxable Profit After Losses / R41,Python,21,Y11H2,-1097.7,0.0,1097.7,0.0000,P&L!taxable_income_keur (proxy),result.periods[i].taxable_income_after_losses_keur,approximate,Excel does not separately surface R41; P&L.taxable_income_keur is closest proxy
CIT / Tax,Taxable Profit After Losses / R41,Delta,21,Y11H2,-1097.7,0.0,1097.7,1.0000,P&L!taxable_income_keur (proxy),result.periods[i].taxable_income_after_losses_keur,approximate,Excel does not separately surface R41; P&L.taxable_income_keur is closest proxy
CIT / Tax,Taxable Profit After Losses / R41,Excel,22,Y12H1,-955.4,0.0,955.4,0.0000,P&L!taxable_income_keur (proxy),result.periods[i].taxable_income_after_losses_keur,approximate,Excel does not separately surface R41; P&L.taxable_income_keur is closest proxy
CIT / Tax,Taxable Profit After Losses / R41,Python,22,Y12H1,-955.4,0.0,955.4,0.0000,P&L!taxable_income_keur (proxy),result.periods[i].taxable_income_after_losses_keur,approximate,Excel does not separately surface R41; P&L.taxable_income_keur is closest proxy
CIT / Tax,Taxable Profit After Losses / R41,Delta,22,Y12H1,-955.4,0.0,955.4,1.0000,P&L!taxable_income_keur (proxy),result.periods[i].taxable_income_after_losses_keur,approximate,Excel does not separately surface R41; P&L.taxable_income_keur is closest proxy
CIT / Tax,Taxable Profit After Losses / R41,Excel,23,Y12H2,-953.4,0.0,953.4,0.0000,P&L!taxable_income_keur (proxy),result.periods[i].taxable_income_after_losses_keur,approximate,Excel does not separately surface R41; P&L.taxable_income_keur is closest proxy
CIT / Tax,Taxable Profit After Losses / R41,Python,23,Y12H2,-953.4,0.0,953.4,0.0000,P&L!taxable_income_keur (proxy),result.periods[i].taxable_income_after_losses_keur,approximate,Excel does not separately surface R41; P&L.taxable_income_keur is closest proxy
CIT / Tax,Taxable Profit After Losses / R41,Delta,23,Y12H2,-953.4,0.0,953.4,1.0000,P&L!taxable_income_keur (proxy),result.periods[i].taxable_income_after_losses_keur,approximate,Excel does not separately surface R41; P&L.taxable_income_keur is closest proxy
CIT / Tax,Taxable Profit After Losses / R41,Excel,24,Y13H1,2298.7,0.0,-2298.7,0.0000,P&L!taxable_income_keur (proxy),result.periods[i].taxable_income_after_losses_keur,approximate,Excel does not separately surface R41; P&L.taxable_income_keur is closest proxy
CIT / Tax,Taxable Profit After Losses / R41,Python,24,Y13H1,2298.7,0.0,-2298.7,0.0000,P&L!taxable_income_keur (proxy),result.periods[i].taxable_income_after_losses_keur,approximate,Excel does not separately surface R41; P&L.taxable_income_keur is closest proxy
CIT / Tax,Taxable Profit After Losses / R41,Delta,24,Y13H1,2298.7,0.0,-2298.7,-1.0000,P&L!taxable_income_keur (proxy),result.periods[i].taxable_income_after_losses_keur,approximate,Excel does not separately surface R41; P&L.taxable_income_keur is closest proxy
CIT / Tax,Taxable Profit After Losses / R41,Excel,25,Y13H2,2475.0,0.0,-2475.0,0.0000,P&L!taxable_income_keur (proxy),result.periods[i].taxable_income_after_losses_keur,approximate,Excel does not separately surface R41; P&L.taxable_income_keur is closest proxy
CIT / Tax,Taxable Profit After Losses / R41,Python,25,Y13H2,2475.0,0.0,-2475.0,0.0000,P&L!taxable_income_keur (proxy),result.periods[i].taxable_income_after_losses_keur,approximate,Excel does not separately surface R41; P&L.taxable_income_keur is closest proxy
CIT / Tax,Taxable Profit After Losses / R41,Delta,25,Y13H2,2475.0,0.0,-2475.0,-1.0000,P&L!taxable_income_keur (proxy),result.periods[i].taxable_income_after_losses_keur,approximate,Excel does not separately surface R41; P&L.taxable_income_keur is closest proxy
CIT / Tax,Taxable Profit After Losses / R41,Excel,26,Y14H1,2558.5,0.0,-2558.5,0.0000,P&L!taxable_income_keur (proxy),result.periods[i].taxable_income_after_losses_keur,approximate,Excel does not separately surface R41; P&L.taxable_income_keur is closest proxy
CIT / Tax,Taxable Profit After Losses / R41,Python,26,Y14H1,2558.5,0.0,-2558.5,0.0000,P&L!taxable_income_keur (proxy),result.periods[i].taxable_income_after_losses_keur,approximate,Excel does not separately surface R41; P&L.taxable_income_keur is closest proxy
CIT / Tax,Taxable Profit After Losses / R41,Delta,26,Y14H1,2558.5,0.0,-2558.5,-1.0000,P&L!taxable_income_keur (proxy),result.periods[i].taxable_income_after_losses_keur,approximate,Excel does not separately surface R41; P&L.taxable_income_keur is closest proxy
CIT / Tax,Taxable Profit After Losses / R41,Excel,27,Y14H2,2748.4,0.0,-2748.4,0.0000,P&L!taxable_income_keur (proxy),result.periods[i].taxable_income_after_losses_keur,approximate,Excel does not separately surface R41; P&L.taxable_income_keur is closest proxy
CIT / Tax,Taxable Profit After Losses / R41,Python,27,Y14H2,2748.4,0.0,-2748.4,0.0000,P&L!taxable_income_keur (proxy),result.periods[i].taxable_income_after_losses_keur,approximate,Excel does not separately surface R41; P&L.taxable_income_keur is closest proxy
CIT / Tax,Taxable Profit After Losses / R41,Delta,27,Y14H2,2748.4,0.0,-2748.4,-1.0000,P&L!taxable_income_keur (proxy),result.periods[i].taxable_income_after_losses_keur,approximate,Excel does not separately surface R41; P&L.taxable_income_keur is closest proxy
CIT / Tax,Taxable Profit After Losses / R41,Excel,28,Y15H1,2902.6,0.0,-2902.6,0.0000,P&L!taxable_income_keur (proxy),result.periods[i].taxable_income_after_losses_keur,approximate,Excel does not separately surface R41; P&L.taxable_income_keur is closest proxy
CIT / Tax,Taxable Profit After Losses / R41,Python,28,Y15H1,2902.6,0.0,-2902.6,0.0000,P&L!taxable_income_keur (proxy),result.periods[i].taxable_income_after_losses_keur,approximate,Excel does not separately surface R41; P&L.taxable_income_keur is closest proxy
CIT / Tax,Taxable Profit After Losses / R41,Delta,28,Y15H1,2902.6,0.0,-2902.6,-1.0000,P&L!taxable_income_keur (proxy),result.periods[i].taxable_income_after_losses_keur,approximate,Excel does not separately surface R41; P&L.taxable_income_keur is closest proxy
CIT / Tax,Taxable Profit After Losses / R41,Excel,29,Y15H2,3122.6,0.0,-3122.6,0.0000,P&L!taxable_income_keur (proxy),result.periods[i].taxable_income_after_losses_keur,approximate,Excel does not separately surface R41; P&L.taxable_income_keur is closest proxy
CIT / Tax,Taxable Profit After Losses / R41,Python,29,Y15H2,3122.6,0.0,-3122.6,0.0000,P&L!taxable_income_keur (proxy),result.periods[i].taxable_income_after_losses_keur,approximate,Excel does not separately surface R41; P&L.taxable_income_keur is closest proxy
CIT / Tax,Taxable Profit After Losses / R41,Delta,29,Y15H2,3122.6,0.0,-3122.6,-1.0000,P&L!taxable_income_keur (proxy),result.periods[i].taxable_income_after_losses_keur,approximate,Excel does not separately surface R41; P&L.taxable_income_keur is closest proxy
CIT / Tax,Taxable Profit After Losses / R41,Excel,30,Y16H1,3272.9,0.0,-3272.9,0.0000,P&L!taxable_income_keur (proxy),result.periods[i].taxable_income_after_losses_keur,approximate,Excel does not separately surface R41; P&L.taxable_income_keur is closest proxy
CIT / Tax,Taxable Profit After Losses / R41,Python,30,Y16H1,3272.9,0.0,-3272.9,0.0000,P&L!taxable_income_keur (proxy),result.periods[i].taxable_income_after_losses_keur,approximate,Excel does not separately surface R41; P&L.taxable_income_keur is closest proxy
CIT / Tax,Taxable Profit After Losses / R41,Delta,30,Y16H1,3272.9,0.0,-3272.9,-1.0000,P&L!taxable_income_keur (proxy),result.periods[i].taxable_income_after_losses_keur,approximate,Excel does not separately surface R41; P&L.taxable_income_keur is closest proxy
CIT / Tax,Taxable Profit After Losses / R41,Excel,31,Y16H2,3529.9,0.0,-3529.9,0.0000,P&L!taxable_income_keur (proxy),result.periods[i].taxable_income_after_losses_keur,approximate,Excel does not separately surface R41; P&L.taxable_income_keur is closest proxy
CIT / Tax,Taxable Profit After Losses / R41,Python,31,Y16H2,3529.9,0.0,-3529.9,0.0000,P&L!taxable_income_keur (proxy),result.periods[i].taxable_income_after_losses_keur,approximate,Excel does not separately surface R41; P&L.taxable_income_keur is closest proxy
CIT / Tax,Taxable Profit After Losses / R41,Delta,31,Y16H2,3529.9,0.0,-3529.9,-1.0000,P&L!taxable_income_keur (proxy),result.periods[i].taxable_income_after_losses_keur,approximate,Excel does not separately surface R41; P&L.taxable_income_keur is closest proxy
CIT / Tax,Taxable Profit After Losses / R41,Excel,32,Y17H1,3844.7,0.0,-3844.7,0.0000,P&L!taxable_income_keur (proxy),result.periods[i].taxable_income_after_losses_keur,approximate,Excel does not separately surface R41; P&L.taxable_income_keur is closest proxy
CIT / Tax,Taxable Profit After Losses / R41,Python,32,Y17H1,3844.7,0.0,-3844.7,0.0000,P&L!taxable_income_keur (proxy),result.periods[i].taxable_income_after_losses_keur,approximate,Excel does not separately surface R41; P&L.taxable_income_keur is closest proxy
CIT / Tax,Taxable Profit After Losses / R41,Delta,32,Y17H1,3844.7,0.0,-3844.7,-1.0000,P&L!taxable_income_keur (proxy),result.periods[i].taxable_income_after_losses_keur,approximate,Excel does not separately surface R41; P&L.taxable_income_keur is closest proxy
CIT / Tax,Taxable Profit After Losses / R41,Excel,33,Y17H2,4134.3,0.0,-4134.3,0.0000,P&L!taxable_income_keur (proxy),result.periods[i].taxable_income_after_losses_keur,approximate,Excel does not separately surface R41; P&L.taxable_income_keur is closest proxy
CIT / Tax,Taxable Profit After Losses / R41,Python,33,Y17H2,4134.3,0.0,-4134.3,0.0000,P&L!taxable_income_keur (proxy),result.periods[i].taxable_income_after_losses_keur,approximate,Excel does not separately surface R41; P&L.taxable_income_keur is closest proxy
CIT / Tax,Taxable Profit After Losses / R41,Delta,33,Y17H2,4134.3,0.0,-4134.3,-1.0000,P&L!taxable_income_keur (proxy),result.periods[i].taxable_income_after_losses_keur,approximate,Excel does not separately surface R41; P&L.taxable_income_keur is closest proxy
CIT / Tax,Taxable Profit After Losses / R41,Excel,34,Y18H1,4408.4,0.0,-4408.4,0.0000,P&L!taxable_income_keur (proxy),result.periods[i].taxable_income_after_losses_keur,approximate,Excel does not separately surface R41; P&L.taxable_income_keur is closest proxy
CIT / Tax,Taxable Profit After Losses / R41,Python,34,Y18H1,4408.4,0.0,-4408.4,0.0000,P&L!taxable_income_keur (proxy),result.periods[i].taxable_income_after_losses_keur,approximate,Excel does not separately surface R41; P&L.taxable_income_keur is closest proxy
CIT / Tax,Taxable Profit After Losses / R41,Delta,34,Y18H1,4408.4,0.0,-4408.4,-1.0000,P&L!taxable_income_keur (proxy),result.periods[i].taxable_income_after_losses_keur,approximate,Excel does not separately surface R41; P&L.taxable_income_keur is closest proxy
CIT / Tax,Taxable Profit After Losses / R41,Excel,35,Y18H2,4730.1,0.0,-4730.1,0.0000,P&L!taxable_income_keur (proxy),result.periods[i].taxable_income_after_losses_keur,approximate,Excel does not separately surface R41; P&L.taxable_income_keur is closest proxy
CIT / Tax,Taxable Profit After Losses / R41,Python,35,Y18H2,4730.1,0.0,-4730.1,0.0000,P&L!taxable_income_keur (proxy),result.periods[i].taxable_income_after_losses_keur,approximate,Excel does not separately surface R41; P&L.taxable_income_keur is closest proxy
CIT / Tax,Taxable Profit After Losses / R41,Delta,35,Y18H2,4730.1,0.0,-4730.1,-1.0000,P&L!taxable_income_keur (proxy),result.periods[i].taxable_income_after_losses_keur,approximate,Excel does not separately surface R41; P&L.taxable_income_keur is closest proxy
CIT / Tax,Taxable Profit After Losses / R41,Excel,36,Y19H1,5003.8,0.0,-5003.8,0.0000,P&L!taxable_income_keur (proxy),result.periods[i].taxable_income_after_losses_keur,approximate,Excel does not separately surface R41; P&L.taxable_income_keur is closest proxy
CIT / Tax,Taxable Profit After Losses / R41,Python,36,Y19H1,5003.8,0.0,-5003.8,0.0000,P&L!taxable_income_keur (proxy),result.periods[i].taxable_income_after_losses_keur,approximate,Excel does not separately surface R41; P&L.taxable_income_keur is closest proxy
CIT / Tax,Taxable Profit After Losses / R41,Delta,36,Y19H1,5003.8,0.0,-5003.8,-1.0000,P&L!taxable_income_keur (proxy),result.periods[i].taxable_income_after_losses_keur,approximate,Excel does not separately surface R41; P&L.taxable_income_keur is closest proxy
CIT / Tax,Taxable Profit After Losses / R41,Excel,37,Y19H2,5058.7,0.0,-5058.7,0.0000,P&L!taxable_income_keur (proxy),result.periods[i].taxable_income_after_losses_keur,approximate,Excel does not separately surface R41; P&L.taxable_income_keur is closest proxy
CIT / Tax,Taxable Profit After Losses / R41,Python,37,Y19H2,5058.7,0.0,-5058.7,0.0000,P&L!taxable_income_keur (proxy),result.periods[i].taxable_income_after_losses_keur,approximate,Excel does not separately surface R41; P&L.taxable_income_keur is closest proxy
CIT / Tax,Taxable Profit After Losses / R41,Delta,37,Y19H2,5058.7,0.0,-5058.7,-1.0000,P&L!taxable_income_keur (proxy),result.periods[i].taxable_income_after_losses_keur,approximate,Excel does not separately surface R41; P&L.taxable_income_keur is closest proxy
CIT / Tax,Taxable Profit After Losses / R41,Excel,38,Y20H1,5155.4,0.0,-5155.4,0.0000,P&L!taxable_income_keur (proxy),result.periods[i].taxable_income_after_losses_keur,approximate,Excel does not separately surface R41; P&L.taxable_income_keur is closest proxy
CIT / Tax,Taxable Profit After Losses / R41,Python,38,Y20H1,5155.4,0.0,-5155.4,0.0000,P&L!taxable_income_keur (proxy),result.periods[i].taxable_income_after_losses_keur,approximate,Excel does not separately surface R41; P&L.taxable_income_keur is closest proxy
CIT / Tax,Taxable Profit After Losses / R41,Delta,38,Y20H1,5155.4,0.0,-5155.4,-1.0000,P&L!taxable_income_keur (proxy),result.periods[i].taxable_income_after_losses_keur,approximate,Excel does not separately surface R41; P&L.taxable_income_keur is closest proxy
CIT / Tax,Taxable Profit After Losses / R41,Excel,39,Y20H2,5240.8,0.0,-5240.8,0.0000,P&L!taxable_income_keur (proxy),result.periods[i].taxable_income_after_losses_keur,approximate,Excel does not separately surface R41; P&L.taxable_income_keur is closest proxy
CIT / Tax,Taxable Profit After Losses / R41,Python,39,Y20H2,5240.8,0.0,-5240.8,0.0000,P&L!taxable_income_keur (proxy),result.periods[i].taxable_income_after_losses_keur,approximate,Excel does not separately surface R41; P&L.taxable_income_keur is closest proxy
CIT / Tax,Taxable Profit After Losses / R41,Delta,39,Y20H2,5240.8,0.0,-5240.8,-1.0000,P&L!taxable_income_keur (proxy),result.periods[i].taxable_income_after_losses_keur,approximate,Excel does not separately surface R41; P&L.taxable_income_keur is closest proxy
CIT / Tax,Taxable Profit After Losses / R41,Excel,40,Y21H1,7037.2,0.0,-7037.2,0.0000,P&L!taxable_income_keur (proxy),result.periods[i].taxable_income_after_losses_keur,approximate,Excel does not separately surface R41; P&L.taxable_income_keur is closest proxy
CIT / Tax,Taxable Profit After Losses / R41,Python,40,Y21H1,7037.2,0.0,-7037.2,0.0000,P&L!taxable_income_keur (proxy),result.periods[i].taxable_income_after_losses_keur,approximate,Excel does not separately surface R41; P&L.taxable_income_keur is closest proxy
CIT / Tax,Taxable Profit After Losses / R41,Delta,40,Y21H1,7037.2,0.0,-7037.2,-1.0000,P&L!taxable_income_keur (proxy),result.periods[i].taxable_income_after_losses_keur,approximate,Excel does not separately surface R41; P&L.taxable_income_keur is closest proxy
CIT / Tax,Taxable Profit After Losses / R41,Excel,41,Y21H2,7153.9,0.0,-7153.9,0.0000,P&L!taxable_income_keur (proxy),result.periods[i].taxable_income_after_losses_keur,approximate,Excel does not separately surface R41; P&L.taxable_income_keur is closest proxy
CIT / Tax,Taxable Profit After Losses / R41,Python,41,Y21H2,7153.9,0.0,-7153.9,0.0000,P&L!taxable_income_keur (proxy),result.periods[i].taxable_income_after_losses_keur,approximate,Excel does not separately surface R41; P&L.taxable_income_keur is closest proxy
CIT / Tax,Taxable Profit After Losses / R41,Delta,41,Y21H2,7153.9,0.0,-7153.9,-1.0000,P&L!taxable_income_keur (proxy),result.periods[i].taxable_income_after_losses_keur,approximate,Excel does not separately surface R41; P&L.taxable_income_keur is closest proxy
CIT / Tax,Taxable Profit After Losses / R41,Excel,42,Y22H1,7202.3,0.0,-7202.3,0.0000,P&L!taxable_income_keur (proxy),result.periods[i].taxable_income_after_losses_keur,approximate,Excel does not separately surface R41; P&L.taxable_income_keur is closest proxy
CIT / Tax,Taxable Profit After Losses / R41,Python,42,Y22H1,7202.3,0.0,-7202.3,0.0000,P&L!taxable_income_keur (proxy),result.periods[i].taxable_income_after_losses_keur,approximate,Excel does not separately surface R41; P&L.taxable_income_keur is closest proxy
CIT / Tax,Taxable Profit After Losses / R41,Delta,42,Y22H1,7202.3,0.0,-7202.3,-1.0000,P&L!taxable_income_keur (proxy),result.periods[i].taxable_income_after_losses_keur,approximate,Excel does not separately surface R41; P&L.taxable_income_keur is closest proxy
CIT / Tax,Taxable Profit After Losses / R41,Excel,43,Y22H2,7321.7,0.0,-7321.7,0.0000,P&L!taxable_income_keur (proxy),result.periods[i].taxable_income_after_losses_keur,approximate,Excel does not separately surface R41; P&L.taxable_income_keur is closest proxy
CIT / Tax,Taxable Profit After Losses / R41,Python,43,Y22H2,7321.7,0.0,-7321.7,0.0000,P&L!taxable_income_keur (proxy),result.periods[i].taxable_income_after_losses_keur,approximate,Excel does not separately surface R41; P&L.taxable_income_keur is closest proxy
CIT / Tax,Taxable Profit After Losses / R41,Delta,43,Y22H2,7321.7,0.0,-7321.7,-1.0000,P&L!taxable_income_keur (proxy),result.periods[i].taxable_income_after_losses_keur,approximate,Excel does not separately surface R41; P&L.taxable_income_keur is closest proxy
CIT / Tax,Taxable Profit After Losses / R41,Excel,44,Y23H1,7426.0,0.0,-7426.0,0.0000,P&L!taxable_income_keur (proxy),result.periods[i].taxable_income_after_losses_keur,approximate,Excel does not separately surface R41; P&L.taxable_income_keur is closest proxy
CIT / Tax,Taxable Profit After Losses / R41,Python,44,Y23H1,7426.0,0.0,-7426.0,0.0000,P&L!taxable_income_keur (proxy),result.periods[i].taxable_income_after_losses_keur,approximate,Excel does not separately surface R41; P&L.taxable_income_keur is closest proxy
CIT / Tax,Taxable Profit After Losses / R41,Delta,44,Y23H1,7426.0,0.0,-7426.0,-1.0000,P&L!taxable_income_keur (proxy),result.periods[i].taxable_income_after_losses_keur,approximate,Excel does not separately surface R41; P&L.taxable_income_keur is closest proxy
CIT / Tax,Taxable Profit After Losses / R41,Excel,45,Y23H2,7507.6,0.0,-7507.6,0.0000,P&L!taxable_income_keur (proxy),result.periods[i].taxable_income_after_losses_keur,approximate,Excel does not separately surface R41; P&L.taxable_income_keur is closest proxy
CIT / Tax,Taxable Profit After Losses / R41,Python,45,Y23H2,7507.6,0.0,-7507.6,0.0000,P&L!taxable_income_keur (proxy),result.periods[i].taxable_income_after_losses_keur,approximate,Excel does not separately surface R41; P&L.taxable_income_keur is closest proxy
CIT / Tax,Taxable Profit After Losses / R41,Delta,45,Y23H2,7507.6,0.0,-7507.6,-1.0000,P&L!taxable_income_keur (proxy),result.periods[i].taxable_income_after_losses_keur,approximate,Excel does not separately surface R41; P&L.taxable_income_keur is closest proxy
CIT / Tax,Taxable Profit After Losses / R41,Excel,46,Y24H1,7552.5,0.0,-7552.5,0.0000,P&L!taxable_income_keur (proxy),result.periods[i].taxable_income_after_losses_keur,approximate,Excel does not separately surface R41; P&L.taxable_income_keur is closest proxy
CIT / Tax,Taxable Profit After Losses / R41,Python,46,Y24H1,7552.5,0.0,-7552.5,0.0000,P&L!taxable_income_keur (proxy),result.periods[i].taxable_income_after_losses_keur,approximate,Excel does not separately surface R41; P&L.taxable_income_keur is closest proxy
CIT / Tax,Taxable Profit After Losses / R41,Delta,46,Y24H1,7552.5,0.0,-7552.5,-1.0000,P&L!taxable_income_keur (proxy),result.periods[i].taxable_income_after_losses_keur,approximate,Excel does not separately surface R41; P&L.taxable_income_keur is closest proxy
CIT / Tax,Taxable Profit After Losses / R41,Excel,47,Y24H2,7677.7,0.0,-7677.7,0.0000,P&L!taxable_income_keur (proxy),result.periods[i].taxable_income_after_losses_keur,approximate,Excel does not separately surface R41; P&L.taxable_income_keur is closest proxy
CIT / Tax,Taxable Profit After Losses / R41,Python,47,Y24H2,7677.7,0.0,-7677.7,0.0000,P&L!taxable_income_keur (proxy),result.periods[i].taxable_income_after_losses_keur,approximate,Excel does not separately surface R41; P&L.taxable_income_keur is closest proxy
CIT / Tax,Taxable Profit After Losses / R41,Delta,47,Y24H2,7677.7,0.0,-7677.7,-1.0000,P&L!taxable_income_keur (proxy),result.periods[i].taxable_income_after_losses_keur,approximate,Excel does not separately surface R41; P&L.taxable_income_keur is closest proxy
CIT / Tax,Taxable Profit After Losses / R41,Excel,48,Y25H1,7701.5,0.0,-7701.5,0.0000,P&L!taxable_income_keur (proxy),result.periods[i].taxable_income_after_losses_keur,approximate,Excel does not separately surface R41; P&L.taxable_income_keur is closest proxy
CIT / Tax,Taxable Profit After Losses / R41,Python,48,Y25H1,7701.5,0.0,-7701.5,0.0000,P&L!taxable_income_keur (proxy),result.periods[i].taxable_income_after_losses_keur,approximate,Excel does not separately surface R41; P&L.taxable_income_keur is closest proxy
CIT / Tax,Taxable Profit After Losses / R41,Delta,48,Y25H1,7701.5,0.0,-7701.5,-1.0000,P&L!taxable_income_keur (proxy),result.periods[i].taxable_income_after_losses_keur,approximate,Excel does not separately surface R41; P&L.taxable_income_keur is closest proxy
CIT / Tax,Taxable Profit After Losses / R41,Excel,49,Y25H2,7829.2,0.0,-7829.2,0.0000,P&L!taxable_income_keur (proxy),result.periods[i].taxable_income_after_losses_keur,approximate,Excel does not separately surface R41; P&L.taxable_income_keur is closest proxy
CIT / Tax,Taxable Profit After Losses / R41,Python,49,Y25H2,7829.2,0.0,-7829.2,0.0000,P&L!taxable_income_keur (proxy),result.periods[i].taxable_income_after_losses_keur,approximate,Excel does not separately surface R41; P&L.taxable_income_keur is closest proxy
CIT / Tax,Taxable Profit After Losses / R41,Delta,49,Y25H2,7829.2,0.0,-7829.2,-1.0000,P&L!taxable_income_keur (proxy),result.periods[i].taxable_income_after_losses_keur,approximate,Excel does not separately surface R41; P&L.taxable_income_keur is closest proxy
CIT / Tax,Taxable Profit After Losses / R41,Excel,50,Y26H1,7870.7,0.0,-7870.7,0.0000,P&L!taxable_income_keur (proxy),result.periods[i].taxable_income_after_losses_keur,approximate,Excel does not separately surface R41; P&L.taxable_income_keur is closest proxy
CIT / Tax,Taxable Profit After Losses / R41,Python,50,Y26H1,7870.7,0.0,-7870.7,0.0000,P&L!taxable_income_keur (proxy),result.periods[i].taxable_income_after_losses_keur,approximate,Excel does not separately surface R41; P&L.taxable_income_keur is closest proxy
CIT / Tax,Taxable Profit After Losses / R41,Delta,50,Y26H1,7870.7,0.0,-7870.7,-1.0000,P&L!taxable_income_keur (proxy),result.periods[i].taxable_income_after_losses_keur,approximate,Excel does not separately surface R41; P&L.taxable_income_keur is closest proxy
CIT / Tax,Taxable Profit After Losses / R41,Excel,51,Y26H2,8001.1,0.0,-8001.1,0.0000,P&L!taxable_income_keur (proxy),result.periods[i].taxable_income_after_losses_keur,approximate,Excel does not separately surface R41; P&L.taxable_income_keur is closest proxy
CIT / Tax,Taxable Profit After Losses / R41,Python,51,Y26H2,8001.1,0.0,-8001.1,0.0000,P&L!taxable_income_keur (proxy),result.periods[i].taxable_income_after_losses_keur,approximate,Excel does not separately surface R41; P&L.taxable_income_keur is closest proxy
CIT / Tax,Taxable Profit After Losses / R41,Delta,51,Y26H2,8001.1,0.0,-8001.1,-1.0000,P&L!taxable_income_keur (proxy),result.periods[i].taxable_income_after_losses_keur,approximate,Excel does not separately surface R41; P&L.taxable_income_keur is closest proxy
CIT / Tax,Taxable Profit After Losses / R41,Excel,52,Y27H1,8037.6,0.0,-8037.6,0.0000,P&L!taxable_income_keur (proxy),result.periods[i].taxable_income_after_losses_keur,approximate,Excel does not separately surface R41; P&L.taxable_income_keur is closest proxy
CIT / Tax,Taxable Profit After Losses / R41,Python,52,Y27H1,8037.6,0.0,-8037.6,0.0000,P&L!taxable_income_keur (proxy),result.periods[i].taxable_income_after_losses_keur,approximate,Excel does not separately surface R41; P&L.taxable_income_keur is closest proxy
CIT / Tax,Taxable Profit After Losses / R41,Delta,52,Y27H1,8037.6,0.0,-8037.6,-1.0000,P&L!taxable_income_keur (proxy),result.periods[i].taxable_income_after_losses_keur,approximate,Excel does not separately surface R41; P&L.taxable_income_keur is closest proxy
CIT / Tax,Taxable Profit After Losses / R41,Excel,53,Y27H2,8125.9,0.0,-8125.9,0.0000,P&L!taxable_income_keur (proxy),result.periods[i].taxable_income_after_losses_keur,approximate,Excel does not separately surface R41; P&L.taxable_income_keur is closest proxy
CIT / Tax,Taxable Profit After Losses / R41,Python,53,Y27H2,8125.9,0.0,-8125.9,0.0000,P&L!taxable_income_keur (proxy),result.periods[i].taxable_income_after_losses_keur,approximate,Excel does not separately surface R41; P&L.taxable_income_keur is closest proxy
CIT / Tax,Taxable Profit After Losses / R41,Delta,53,Y27H2,8125.9,0.0,-8125.9,-1.0000,P&L!taxable_income_keur (proxy),result.periods[i].taxable_income_after_losses_keur,approximate,Excel does not separately surface R41; P&L.taxable_income_keur is closest proxy
CIT / Tax,Taxable Profit After Losses / R41,Excel,54,Y28H1,8123.2,0.0,-8123.2,0.0000,P&L!taxable_income_keur (proxy),result.periods[i].taxable_income_after_losses_keur,approximate,Excel does not separately surface R41; P&L.taxable_income_keur is closest proxy
CIT / Tax,Taxable Profit After Losses / R41,Python,54,Y28H1,8123.2,0.0,-8123.2,0.0000,P&L!taxable_income_keur (proxy),result.periods[i].taxable_income_after_losses_keur,approximate,Excel does not separately surface R41; P&L.taxable_income_keur is closest proxy
CIT / Tax,Taxable Profit After Losses / R41,Delta,54,Y28H1,8123.2,0.0,-8123.2,-1.0000,P&L!taxable_income_keur (proxy),result.periods[i].taxable_income_after_losses_keur,approximate,Excel does not separately surface R41; P&L.taxable_income_keur is closest proxy
CIT / Tax,Taxable Profit After Losses / R41,Excel,55,Y28H2,8257.8,0.0,-8257.8,0.0000,P&L!taxable_income_keur (proxy),result.periods[i].taxable_income_after_losses_keur,approximate,Excel does not separately surface R41; P&L.taxable_income_keur is closest proxy
CIT / Tax,Taxable Profit After Losses / R41,Python,55,Y28H2,8257.8,0.0,-8257.8,0.0000,P&L!taxable_income_keur (proxy),result.periods[i].taxable_income_after_losses_keur,approximate,Excel does not separately surface R41; P&L.taxable_income_keur is closest proxy
CIT / Tax,Taxable Profit After Losses / R41,Delta,55,Y28H2,8257.8,0.0,-8257.8,-1.0000,P&L!taxable_income_keur (proxy),result.periods[i].taxable_income_after_losses_keur,approximate,Excel does not separately surface R41; P&L.taxable_income_keur is closest proxy
CIT / Tax,Taxable Profit After Losses / R41,Excel,56,Y29H1,8221.4,0.0,-8221.4,0.0000,P&L!taxable_income_keur (proxy),result.periods[i].taxable_income_after_losses_keur,approximate,Excel does not separately surface R41; P&L.taxable_income_keur is closest proxy
CIT / Tax,Taxable Profit After Losses / R41,Python,56,Y29H1,8221.4,0.0,-8221.4,0.0000,P&L!taxable_income_keur (proxy),result.periods[i].taxable_income_after_losses_keur,approximate,Excel does not separately surface R41; P&L.taxable_income_keur is closest proxy
CIT / Tax,Taxable Profit After Losses / R41,Delta,56,Y29H1,8221.4,0.0,-8221.4,-1.0000,P&L!taxable_income_keur (proxy),result.periods[i].taxable_income_after_losses_keur,approximate,Excel does not separately surface R41; P&L.taxable_income_keur is closest proxy
CIT / Tax,Taxable Profit After Losses / R41,Excel,57,Y29H2,8357.7,0.0,-8357.7,0.0000,P&L!taxable_income_keur (proxy),result.periods[i].taxable_income_after_losses_keur,approximate,Excel does not separately surface R41; P&L.taxable_income_keur is closest proxy
CIT / Tax,Taxable Profit After Losses / R41,Python,57,Y29H2,8357.7,0.0,-8357.7,0.0000,P&L!taxable_income_keur (proxy),result.periods[i].taxable_income_after_losses_keur,approximate,Excel does not separately surface R41; P&L.taxable_income_keur is closest proxy
CIT / Tax,Taxable Profit After Losses / R41,Delta,57,Y29H2,8357.7,0.0,-8357.7,-1.0000,P&L!taxable_income_keur (proxy),result.periods[i].taxable_income_after_losses_keur,approximate,Excel does not separately surface R41; P&L.taxable_income_keur is closest proxy
CIT / Tax,Taxable Profit After Losses / R41,Excel,58,Y30H1,8264.4,0.0,-8264.4,0.0000,P&L!taxable_income_keur (proxy),result.periods[i].taxable_income_after_losses_keur,approximate,Excel does not separately surface R41; P&L.taxable_income_keur is closest proxy
CIT / Tax,Taxable Profit After Losses / R41,Python,58,Y30H1,8264.4,0.0,-8264.4,0.0000,P&L!taxable_income_keur (proxy),result.periods[i].taxable_income_after_losses_keur,approximate,Excel does not separately surface R41; P&L.taxable_income_keur is closest proxy
CIT / Tax,Taxable Profit After Losses / R41,Delta,58,Y30H1,8264.4,0.0,-8264.4,-1.0000,P&L!taxable_income_keur (proxy),result.periods[i].taxable_income_after_losses_keur,approximate,Excel does not separately surface R41; P&L.taxable_income_keur is closest proxy
CIT / Tax,Taxable Profit After Losses / R41,Excel,59,Y30H2,8401.4,0.0,-8401.4,0.0000,P&L!taxable_income_keur (proxy),result.periods[i].taxable_income_after_losses_keur,approximate,Excel does not separately surface R41; P&L.taxable_income_keur is closest proxy
CIT / Tax,Taxable Profit After Losses / R41,Python,59,Y30H2,8401.4,0.0,-8401.4,0.0000,P&L!taxable_income_keur (proxy),result.periods[i].taxable_income_after_losses_keur,approximate,Excel does not separately surface R41; P&L.taxable_income_keur is closest proxy
CIT / Tax,Taxable Profit After Losses / R41,Delta,59,Y30H2,8401.4,0.0,-8401.4,-1.0000,P&L!taxable_income_keur (proxy),result.periods[i].taxable_income_after_losses_keur,approximate,Excel does not separately surface R41; P&L.taxable_income_keur is closest proxy
CIT / Tax,CIT Accrual / R43,Excel,0,Y01H1,0.0,0.0,0.0,0.0000,P&L!corporate_income_tax_keur,result.periods[i].corporate_tax_accrual_keur,approximate,Python uses flag-on tax bridge accrual; Excel CIT includes construction period
CIT / Tax,CIT Accrual / R43,Python,0,Y01H1,0.0,0.0,0.0,0.0000,P&L!corporate_income_tax_keur,result.periods[i].corporate_tax_accrual_keur,approximate,Python uses flag-on tax bridge accrual; Excel CIT includes construction period
CIT / Tax,CIT Accrual / R43,Delta,0,Y01H1,0.0,0.0,0.0,0.0000,P&L!corporate_income_tax_keur,result.periods[i].corporate_tax_accrual_keur,approximate,Python uses flag-on tax bridge accrual; Excel CIT includes construction period
CIT / Tax,CIT Accrual / R43,Excel,1,Y01H2,0.0,0.0,0.0,0.0000,P&L!corporate_income_tax_keur,result.periods[i].corporate_tax_accrual_keur,approximate,Python uses flag-on tax bridge accrual; Excel CIT includes construction period
CIT / Tax,CIT Accrual / R43,Python,1,Y01H2,0.0,0.0,0.0,0.0000,P&L!corporate_income_tax_keur,result.periods[i].corporate_tax_accrual_keur,approximate,Python uses flag-on tax bridge accrual; Excel CIT includes construction period
CIT / Tax,CIT Accrual / R43,Delta,1,Y01H2,0.0,0.0,0.0,0.0000,P&L!corporate_income_tax_keur,result.periods[i].corporate_tax_accrual_keur,approximate,Python uses flag-on tax bridge accrual; Excel CIT includes construction period
CIT / Tax,CIT Accrual / R43,Excel,2,Y02H1,0.0,0.0,0.0,0.0000,P&L!corporate_income_tax_keur,result.periods[i].corporate_tax_accrual_keur,approximate,Python uses flag-on tax bridge accrual; Excel CIT includes construction period
CIT / Tax,CIT Accrual / R43,Python,2,Y02H1,0.0,0.0,0.0,0.0000,P&L!corporate_income_tax_keur,result.periods[i].corporate_tax_accrual_keur,approximate,Python uses flag-on tax bridge accrual; Excel CIT includes construction period
CIT / Tax,CIT Accrual / R43,Delta,2,Y02H1,0.0,0.0,0.0,0.0000,P&L!corporate_income_tax_keur,result.periods[i].corporate_tax_accrual_keur,approximate,Python uses flag-on tax bridge accrual; Excel CIT includes construction period
CIT / Tax,CIT Accrual / R43,Excel,3,Y02H2,0.0,0.0,0.0,0.0000,P&L!corporate_income_tax_keur,result.periods[i].corporate_tax_accrual_keur,approximate,Python uses flag-on tax bridge accrual; Excel CIT includes construction period
CIT / Tax,CIT Accrual / R43,Python,3,Y02H2,0.0,0.0,0.0,0.0000,P&L!corporate_income_tax_keur,result.periods[i].corporate_tax_accrual_keur,approximate,Python uses flag-on tax bridge accrual; Excel CIT includes construction period
CIT / Tax,CIT Accrual / R43,Delta,3,Y02H2,0.0,0.0,0.0,0.0000,P&L!corporate_income_tax_keur,result.periods[i].corporate_tax_accrual_keur,approximate,Python uses flag-on tax bridge accrual; Excel CIT includes construction period
CIT / Tax,CIT Accrual / R43,Excel,4,Y03H1,0.0,0.0,0.0,0.0000,P&L!corporate_income_tax_keur,result.periods[i].corporate_tax_accrual_keur,approximate,Python uses flag-on tax bridge accrual; Excel CIT includes construction period
CIT / Tax,CIT Accrual / R43,Python,4,Y03H1,0.0,0.0,0.0,0.0000,P&L!corporate_income_tax_keur,result.periods[i].corporate_tax_accrual_keur,approximate,Python uses flag-on tax bridge accrual; Excel CIT includes construction period
CIT / Tax,CIT Accrual / R43,Delta,4,Y03H1,0.0,0.0,0.0,0.0000,P&L!corporate_income_tax_keur,result.periods[i].corporate_tax_accrual_keur,approximate,Python uses flag-on tax bridge accrual; Excel CIT includes construction period
CIT / Tax,CIT Accrual / R43,Excel,5,Y03H2,0.0,0.0,0.0,0.0000,P&L!corporate_income_tax_keur,result.periods[i].corporate_tax_accrual_keur,approximate,Python uses flag-on tax bridge accrual; Excel CIT includes construction period
CIT / Tax,CIT Accrual / R43,Python,5,Y03H2,0.0,0.0,0.0,0.0000,P&L!corporate_income_tax_keur,result.periods[i].corporate_tax_accrual_keur,approximate,Python uses flag-on tax bridge accrual; Excel CIT includes construction period
CIT / Tax,CIT Accrual / R43,Delta,5,Y03H2,0.0,0.0,0.0,0.0000,P&L!corporate_income_tax_keur,result.periods[i].corporate_tax_accrual_keur,approximate,Python uses flag-on tax bridge accrual; Excel CIT includes construction period
CIT / Tax,CIT Accrual / R43,Excel,6,Y04H1,0.0,0.0,0.0,0.0000,P&L!corporate_income_tax_keur,result.periods[i].corporate_tax_accrual_keur,approximate,Python uses flag-on tax bridge accrual; Excel CIT includes construction period
CIT / Tax,CIT Accrual / R43,Python,6,Y04H1,0.0,0.0,0.0,0.0000,P&L!corporate_income_tax_keur,result.periods[i].corporate_tax_accrual_keur,approximate,Python uses flag-on tax bridge accrual; Excel CIT includes construction period
CIT / Tax,CIT Accrual / R43,Delta,6,Y04H1,0.0,0.0,0.0,0.0000,P&L!corporate_income_tax_keur,result.periods[i].corporate_tax_accrual_keur,approximate,Python uses flag-on tax bridge accrual; Excel CIT includes construction period
CIT / Tax,CIT Accrual / R43,Excel,7,Y04H2,0.0,0.0,0.0,0.0000,P&L!corporate_income_tax_keur,result.periods[i].corporate_tax_accrual_keur,approximate,Python uses flag-on tax bridge accrual; Excel CIT includes construction period
CIT / Tax,CIT Accrual / R43,Python,7,Y04H2,0.0,0.0,0.0,0.0000,P&L!corporate_income_tax_keur,result.periods[i].corporate_tax_accrual_keur,approximate,Python uses flag-on tax bridge accrual; Excel CIT includes construction period
CIT / Tax,CIT Accrual / R43,Delta,7,Y04H2,0.0,0.0,0.0,0.0000,P&L!corporate_income_tax_keur,result.periods[i].corporate_tax_accrual_keur,approximate,Python uses flag-on tax bridge accrual; Excel CIT includes construction period
CIT / Tax,CIT Accrual / R43,Excel,8,Y05H1,0.0,0.0,0.0,0.0000,P&L!corporate_income_tax_keur,result.periods[i].corporate_tax_accrual_keur,approximate,Python uses flag-on tax bridge accrual; Excel CIT includes construction period
CIT / Tax,CIT Accrual / R43,Python,8,Y05H1,0.0,0.0,0.0,0.0000,P&L!corporate_income_tax_keur,result.periods[i].corporate_tax_accrual_keur,approximate,Python uses flag-on tax bridge accrual; Excel CIT includes construction period
CIT / Tax,CIT Accrual / R43,Delta,8,Y05H1,0.0,0.0,0.0,0.0000,P&L!corporate_income_tax_keur,result.periods[i].corporate_tax_accrual_keur,approximate,Python uses flag-on tax bridge accrual; Excel CIT includes construction period
CIT / Tax,CIT Accrual / R43,Excel,9,Y05H2,0.0,0.0,0.0,0.0000,P&L!corporate_income_tax_keur,result.periods[i].corporate_tax_accrual_keur,approximate,Python uses flag-on tax bridge accrual; Excel CIT includes construction period
CIT / Tax,CIT Accrual / R43,Python,9,Y05H2,0.0,0.0,0.0,0.0000,P&L!corporate_income_tax_keur,result.periods[i].corporate_tax_accrual_keur,approximate,Python uses flag-on tax bridge accrual; Excel CIT includes construction period
CIT / Tax,CIT Accrual / R43,Delta,9,Y05H2,0.0,0.0,0.0,0.0000,P&L!corporate_income_tax_keur,result.periods[i].corporate_tax_accrual_keur,approximate,Python uses flag-on tax bridge accrual; Excel CIT includes construction period
CIT / Tax,CIT Accrual / R43,Excel,10,Y06H1,0.0,0.0,0.0,0.0000,P&L!corporate_income_tax_keur,result.periods[i].corporate_tax_accrual_keur,approximate,Python uses flag-on tax bridge accrual; Excel CIT includes construction period
CIT / Tax,CIT Accrual / R43,Python,10,Y06H1,0.0,0.0,0.0,0.0000,P&L!corporate_income_tax_keur,result.periods[i].corporate_tax_accrual_keur,approximate,Python uses flag-on tax bridge accrual; Excel CIT includes construction period
CIT / Tax,CIT Accrual / R43,Delta,10,Y06H1,0.0,0.0,0.0,0.0000,P&L!corporate_income_tax_keur,result.periods[i].corporate_tax_accrual_keur,approximate,Python uses flag-on tax bridge accrual; Excel CIT includes construction period
CIT / Tax,CIT Accrual / R43,Excel,11,Y06H2,0.0,0.0,0.0,0.0000,P&L!corporate_income_tax_keur,result.periods[i].corporate_tax_accrual_keur,approximate,Python uses flag-on tax bridge accrual; Excel CIT includes construction period
CIT / Tax,CIT Accrual / R43,Python,11,Y06H2,0.0,0.0,0.0,0.0000,P&L!corporate_income_tax_keur,result.periods[i].corporate_tax_accrual_keur,approximate,Python uses flag-on tax bridge accrual; Excel CIT includes construction period
CIT / Tax,CIT Accrual / R43,Delta,11,Y06H2,0.0,0.0,0.0,0.0000,P&L!corporate_income_tax_keur,result.periods[i].corporate_tax_accrual_keur,approximate,Python uses flag-on tax bridge accrual; Excel CIT includes construction period
CIT / Tax,CIT Accrual / R43,Excel,12,Y07H1,0.0,0.0,0.0,0.0000,P&L!corporate_income_tax_keur,result.periods[i].corporate_tax_accrual_keur,approximate,Python uses flag-on tax bridge accrual; Excel CIT includes construction period
CIT / Tax,CIT Accrual / R43,Python,12,Y07H1,0.0,0.0,0.0,0.0000,P&L!corporate_income_tax_keur,result.periods[i].corporate_tax_accrual_keur,approximate,Python uses flag-on tax bridge accrual; Excel CIT includes construction period
CIT / Tax,CIT Accrual / R43,Delta,12,Y07H1,0.0,0.0,0.0,0.0000,P&L!corporate_income_tax_keur,result.periods[i].corporate_tax_accrual_keur,approximate,Python uses flag-on tax bridge accrual; Excel CIT includes construction period
CIT / Tax,CIT Accrual / R43,Excel,13,Y07H2,0.0,0.0,0.0,0.0000,P&L!corporate_income_tax_keur,result.periods[i].corporate_tax_accrual_keur,approximate,Python uses flag-on tax bridge accrual; Excel CIT includes construction period
CIT / Tax,CIT Accrual / R43,Python,13,Y07H2,0.0,0.0,0.0,0.0000,P&L!corporate_income_tax_keur,result.periods[i].corporate_tax_accrual_keur,approximate,Python uses flag-on tax bridge accrual; Excel CIT includes construction period
CIT / Tax,CIT Accrual / R43,Delta,13,Y07H2,0.0,0.0,0.0,0.0000,P&L!corporate_income_tax_keur,result.periods[i].corporate_tax_accrual_keur,approximate,Python uses flag-on tax bridge accrual; Excel CIT includes construction period
CIT / Tax,CIT Accrual / R43,Excel,14,Y08H1,0.0,0.0,0.0,0.0000,P&L!corporate_income_tax_keur,result.periods[i].corporate_tax_accrual_keur,approximate,Python uses flag-on tax bridge accrual; Excel CIT includes construction period
CIT / Tax,CIT Accrual / R43,Python,14,Y08H1,0.0,0.0,0.0,0.0000,P&L!corporate_income_tax_keur,result.periods[i].corporate_tax_accrual_keur,approximate,Python uses flag-on tax bridge accrual; Excel CIT includes construction period
CIT / Tax,CIT Accrual / R43,Delta,14,Y08H1,0.0,0.0,0.0,0.0000,P&L!corporate_income_tax_keur,result.periods[i].corporate_tax_accrual_keur,approximate,Python uses flag-on tax bridge accrual; Excel CIT includes construction period
CIT / Tax,CIT Accrual / R43,Excel,15,Y08H2,0.0,0.0,0.0,0.0000,P&L!corporate_income_tax_keur,result.periods[i].corporate_tax_accrual_keur,approximate,Python uses flag-on tax bridge accrual; Excel CIT includes construction period
CIT / Tax,CIT Accrual / R43,Python,15,Y08H2,0.0,0.0,0.0,0.0000,P&L!corporate_income_tax_keur,result.periods[i].corporate_tax_accrual_keur,approximate,Python uses flag-on tax bridge accrual; Excel CIT includes construction period
CIT / Tax,CIT Accrual / R43,Delta,15,Y08H2,0.0,0.0,0.0,0.0000,P&L!corporate_income_tax_keur,result.periods[i].corporate_tax_accrual_keur,approximate,Python uses flag-on tax bridge accrual; Excel CIT includes construction period
CIT / Tax,CIT Accrual / R43,Excel,16,Y09H1,0.0,0.0,0.0,0.0000,P&L!corporate_income_tax_keur,result.periods[i].corporate_tax_accrual_keur,approximate,Python uses flag-on tax bridge accrual; Excel CIT includes construction period
CIT / Tax,CIT Accrual / R43,Python,16,Y09H1,0.0,0.0,0.0,0.0000,P&L!corporate_income_tax_keur,result.periods[i].corporate_tax_accrual_keur,approximate,Python uses flag-on tax bridge accrual; Excel CIT includes construction period
CIT / Tax,CIT Accrual / R43,Delta,16,Y09H1,0.0,0.0,0.0,0.0000,P&L!corporate_income_tax_keur,result.periods[i].corporate_tax_accrual_keur,approximate,Python uses flag-on tax bridge accrual; Excel CIT includes construction period
CIT / Tax,CIT Accrual / R43,Excel,17,Y09H2,0.0,0.0,0.0,0.0000,P&L!corporate_income_tax_keur,result.periods[i].corporate_tax_accrual_keur,approximate,Python uses flag-on tax bridge accrual; Excel CIT includes construction period
CIT / Tax,CIT Accrual / R43,Python,17,Y09H2,0.0,0.0,0.0,0.0000,P&L!corporate_income_tax_keur,result.periods[i].corporate_tax_accrual_keur,approximate,Python uses flag-on tax bridge accrual; Excel CIT includes construction period
CIT / Tax,CIT Accrual / R43,Delta,17,Y09H2,0.0,0.0,0.0,0.0000,P&L!corporate_income_tax_keur,result.periods[i].corporate_tax_accrual_keur,approximate,Python uses flag-on tax bridge accrual; Excel CIT includes construction period
CIT / Tax,CIT Accrual / R43,Excel,18,Y10H1,0.0,0.0,0.0,0.0000,P&L!corporate_income_tax_keur,result.periods[i].corporate_tax_accrual_keur,approximate,Python uses flag-on tax bridge accrual; Excel CIT includes construction period
CIT / Tax,CIT Accrual / R43,Python,18,Y10H1,0.0,0.0,0.0,0.0000,P&L!corporate_income_tax_keur,result.periods[i].corporate_tax_accrual_keur,approximate,Python uses flag-on tax bridge accrual; Excel CIT includes construction period
CIT / Tax,CIT Accrual / R43,Delta,18,Y10H1,0.0,0.0,0.0,0.0000,P&L!corporate_income_tax_keur,result.periods[i].corporate_tax_accrual_keur,approximate,Python uses flag-on tax bridge accrual; Excel CIT includes construction period
CIT / Tax,CIT Accrual / R43,Excel,19,Y10H2,0.0,0.0,0.0,0.0000,P&L!corporate_income_tax_keur,result.periods[i].corporate_tax_accrual_keur,approximate,Python uses flag-on tax bridge accrual; Excel CIT includes construction period
CIT / Tax,CIT Accrual / R43,Python,19,Y10H2,0.0,0.0,0.0,0.0000,P&L!corporate_income_tax_keur,result.periods[i].corporate_tax_accrual_keur,approximate,Python uses flag-on tax bridge accrual; Excel CIT includes construction period
CIT / Tax,CIT Accrual / R43,Delta,19,Y10H2,0.0,0.0,0.0,0.0000,P&L!corporate_income_tax_keur,result.periods[i].corporate_tax_accrual_keur,approximate,Python uses flag-on tax bridge accrual; Excel CIT includes construction period
CIT / Tax,CIT Accrual / R43,Excel,20,Y11H1,0.0,0.0,0.0,0.0000,P&L!corporate_income_tax_keur,result.periods[i].corporate_tax_accrual_keur,approximate,Python uses flag-on tax bridge accrual; Excel CIT includes construction period
CIT / Tax,CIT Accrual / R43,Python,20,Y11H1,0.0,0.0,0.0,0.0000,P&L!corporate_income_tax_keur,result.periods[i].corporate_tax_accrual_keur,approximate,Python uses flag-on tax bridge accrual; Excel CIT includes construction period
CIT / Tax,CIT Accrual / R43,Delta,20,Y11H1,0.0,0.0,0.0,0.0000,P&L!corporate_income_tax_keur,result.periods[i].corporate_tax_accrual_keur,approximate,Python uses flag-on tax bridge accrual; Excel CIT includes construction period
CIT / Tax,CIT Accrual / R43,Excel,21,Y11H2,0.0,0.0,0.0,0.0000,P&L!corporate_income_tax_keur,result.periods[i].corporate_tax_accrual_keur,approximate,Python uses flag-on tax bridge accrual; Excel CIT includes construction period
CIT / Tax,CIT Accrual / R43,Python,21,Y11H2,0.0,0.0,0.0,0.0000,P&L!corporate_income_tax_keur,result.periods[i].corporate_tax_accrual_keur,approximate,Python uses flag-on tax bridge accrual; Excel CIT includes construction period
CIT / Tax,CIT Accrual / R43,Delta,21,Y11H2,0.0,0.0,0.0,0.0000,P&L!corporate_income_tax_keur,result.periods[i].corporate_tax_accrual_keur,approximate,Python uses flag-on tax bridge accrual; Excel CIT includes construction period
CIT / Tax,CIT Accrual / R43,Excel,22,Y12H1,0.0,0.0,0.0,0.0000,P&L!corporate_income_tax_keur,result.periods[i].corporate_tax_accrual_keur,approximate,Python uses flag-on tax bridge accrual; Excel CIT includes construction period
CIT / Tax,CIT Accrual / R43,Python,22,Y12H1,0.0,0.0,0.0,0.0000,P&L!corporate_income_tax_keur,result.periods[i].corporate_tax_accrual_keur,approximate,Python uses flag-on tax bridge accrual; Excel CIT includes construction period
CIT / Tax,CIT Accrual / R43,Delta,22,Y12H1,0.0,0.0,0.0,0.0000,P&L!corporate_income_tax_keur,result.periods[i].corporate_tax_accrual_keur,approximate,Python uses flag-on tax bridge accrual; Excel CIT includes construction period
CIT / Tax,CIT Accrual / R43,Excel,23,Y12H2,0.0,0.0,0.0,0.0000,P&L!corporate_income_tax_keur,result.periods[i].corporate_tax_accrual_keur,approximate,Python uses flag-on tax bridge accrual; Excel CIT includes construction period
CIT / Tax,CIT Accrual / R43,Python,23,Y12H2,0.0,0.0,0.0,0.0000,P&L!corporate_income_tax_keur,result.periods[i].corporate_tax_accrual_keur,approximate,Python uses flag-on tax bridge accrual; Excel CIT includes construction period
CIT / Tax,CIT Accrual / R43,Delta,23,Y12H2,0.0,0.0,0.0,0.0000,P&L!corporate_income_tax_keur,result.periods[i].corporate_tax_accrual_keur,approximate,Python uses flag-on tax bridge accrual; Excel CIT includes construction period
CIT / Tax,CIT Accrual / R43,Excel,24,Y13H1,0.0,0.0,0.0,0.0000,P&L!corporate_income_tax_keur,result.periods[i].corporate_tax_accrual_keur,approximate,Python uses flag-on tax bridge accrual; Excel CIT includes construction period
CIT / Tax,CIT Accrual / R43,Python,24,Y13H1,0.0,0.0,0.0,0.0000,P&L!corporate_income_tax_keur,result.periods[i].corporate_tax_accrual_keur,approximate,Python uses flag-on tax bridge accrual; Excel CIT includes construction period
CIT / Tax,CIT Accrual / R43,Delta,24,Y13H1,0.0,0.0,0.0,0.0000,P&L!corporate_income_tax_keur,result.periods[i].corporate_tax_accrual_keur,approximate,Python uses flag-on tax bridge accrual; Excel CIT includes construction period
CIT / Tax,CIT Accrual / R43,Excel,25,Y13H2,120.2,0.0,-120.2,0.0000,P&L!corporate_income_tax_keur,result.periods[i].corporate_tax_accrual_keur,approximate,Python uses flag-on tax bridge accrual; Excel CIT includes construction period
CIT / Tax,CIT Accrual / R43,Python,25,Y13H2,120.2,0.0,-120.2,0.0000,P&L!corporate_income_tax_keur,result.periods[i].corporate_tax_accrual_keur,approximate,Python uses flag-on tax bridge accrual; Excel CIT includes construction period
CIT / Tax,CIT Accrual / R43,Delta,25,Y13H2,120.2,0.0,-120.2,-1.0000,P&L!corporate_income_tax_keur,result.periods[i].corporate_tax_accrual_keur,approximate,Python uses flag-on tax bridge accrual; Excel CIT includes construction period
CIT / Tax,CIT Accrual / R43,Excel,26,Y14H1,0.0,0.0,0.0,0.0000,P&L!corporate_income_tax_keur,result.periods[i].corporate_tax_accrual_keur,approximate,Python uses flag-on tax bridge accrual; Excel CIT includes construction period
CIT / Tax,CIT Accrual / R43,Python,26,Y14H1,0.0,0.0,0.0,0.0000,P&L!corporate_income_tax_keur,result.periods[i].corporate_tax_accrual_keur,approximate,Python uses flag-on tax bridge accrual; Excel CIT includes construction period
CIT / Tax,CIT Accrual / R43,Delta,26,Y14H1,0.0,0.0,0.0,0.0000,P&L!corporate_income_tax_keur,result.periods[i].corporate_tax_accrual_keur,approximate,Python uses flag-on tax bridge accrual; Excel CIT includes construction period
CIT / Tax,CIT Accrual / R43,Excel,27,Y14H2,955.2,0.0,-955.2,0.0000,P&L!corporate_income_tax_keur,result.periods[i].corporate_tax_accrual_keur,approximate,Python uses flag-on tax bridge accrual; Excel CIT includes construction period
CIT / Tax,CIT Accrual / R43,Python,27,Y14H2,955.2,0.0,-955.2,0.0000,P&L!corporate_income_tax_keur,result.periods[i].corporate_tax_accrual_keur,approximate,Python uses flag-on tax bridge accrual; Excel CIT includes construction period
CIT / Tax,CIT Accrual / R43,Delta,27,Y14H2,955.2,0.0,-955.2,-1.0000,P&L!corporate_income_tax_keur,result.periods[i].corporate_tax_accrual_keur,approximate,Python uses flag-on tax bridge accrual; Excel CIT includes construction period
CIT / Tax,CIT Accrual / R43,Excel,28,Y15H1,0.0,0.0,0.0,0.0000,P&L!corporate_income_tax_keur,result.periods[i].corporate_tax_accrual_keur,approximate,Python uses flag-on tax bridge accrual; Excel CIT includes construction period
CIT / Tax,CIT Accrual / R43,Python,28,Y15H1,0.0,0.0,0.0,0.0000,P&L!corporate_income_tax_keur,result.periods[i].corporate_tax_accrual_keur,approximate,Python uses flag-on tax bridge accrual; Excel CIT includes construction period
CIT / Tax,CIT Accrual / R43,Delta,28,Y15H1,0.0,0.0,0.0,0.0000,P&L!corporate_income_tax_keur,result.periods[i].corporate_tax_accrual_keur,approximate,Python uses flag-on tax bridge accrual; Excel CIT includes construction period
CIT / Tax,CIT Accrual / R43,Excel,29,Y15H2,1084.5,0.0,-1084.5,0.0000,P&L!corporate_income_tax_keur,result.periods[i].corporate_tax_accrual_keur,approximate,Python uses flag-on tax bridge accrual; Excel CIT includes construction period
CIT / Tax,CIT Accrual / R43,Python,29,Y15H2,1084.5,0.0,-1084.5,0.0000,P&L!corporate_income_tax_keur,result.periods[i].corporate_tax_accrual_keur,approximate,Python uses flag-on tax bridge accrual; Excel CIT includes construction period
CIT / Tax,CIT Accrual / R43,Delta,29,Y15H2,1084.5,0.0,-1084.5,-1.0000,P&L!corporate_income_tax_keur,result.periods[i].corporate_tax_accrual_keur,approximate,Python uses flag-on tax bridge accrual; Excel CIT includes construction period
CIT / Tax,CIT Accrual / R43,Excel,30,Y16H1,0.0,0.0,0.0,0.0000,P&L!corporate_income_tax_keur,result.periods[i].corporate_tax_accrual_keur,approximate,Python uses flag-on tax bridge accrual; Excel CIT includes construction period
CIT / Tax,CIT Accrual / R43,Python,30,Y16H1,0.0,0.0,0.0,0.0000,P&L!corporate_income_tax_keur,result.periods[i].corporate_tax_accrual_keur,approximate,Python uses flag-on tax bridge accrual; Excel CIT includes construction period
CIT / Tax,CIT Accrual / R43,Delta,30,Y16H1,0.0,0.0,0.0,0.0000,P&L!corporate_income_tax_keur,result.periods[i].corporate_tax_accrual_keur,approximate,Python uses flag-on tax bridge accrual; Excel CIT includes construction period
CIT / Tax,CIT Accrual / R43,Excel,31,Y16H2,1224.5,0.0,-1224.5,0.0000,P&L!corporate_income_tax_keur,result.periods[i].corporate_tax_accrual_keur,approximate,Python uses flag-on tax bridge accrual; Excel CIT includes construction period
CIT / Tax,CIT Accrual / R43,Python,31,Y16H2,1224.5,0.0,-1224.5,0.0000,P&L!corporate_income_tax_keur,result.periods[i].corporate_tax_accrual_keur,approximate,Python uses flag-on tax bridge accrual; Excel CIT includes construction period
CIT / Tax,CIT Accrual / R43,Delta,31,Y16H2,1224.5,0.0,-1224.5,-1.0000,P&L!corporate_income_tax_keur,result.periods[i].corporate_tax_accrual_keur,approximate,Python uses flag-on tax bridge accrual; Excel CIT includes construction period
CIT / Tax,CIT Accrual / R43,Excel,32,Y17H1,0.0,0.0,0.0,0.0000,P&L!corporate_income_tax_keur,result.periods[i].corporate_tax_accrual_keur,approximate,Python uses flag-on tax bridge accrual; Excel CIT includes construction period
CIT / Tax,CIT Accrual / R43,Python,32,Y17H1,0.0,0.0,0.0,0.0000,P&L!corporate_income_tax_keur,result.periods[i].corporate_tax_accrual_keur,approximate,Python uses flag-on tax bridge accrual; Excel CIT includes construction period
CIT / Tax,CIT Accrual / R43,Delta,32,Y17H1,0.0,0.0,0.0,0.0000,P&L!corporate_income_tax_keur,result.periods[i].corporate_tax_accrual_keur,approximate,Python uses flag-on tax bridge accrual; Excel CIT includes construction period
CIT / Tax,CIT Accrual / R43,Excel,33,Y17H2,1436.2,0.0,-1436.2,0.0000,P&L!corporate_income_tax_keur,result.periods[i].corporate_tax_accrual_keur,approximate,Python uses flag-on tax bridge accrual; Excel CIT includes construction period
CIT / Tax,CIT Accrual / R43,Python,33,Y17H2,1436.2,0.0,-1436.2,0.0000,P&L!corporate_income_tax_keur,result.periods[i].corporate_tax_accrual_keur,approximate,Python uses flag-on tax bridge accrual; Excel CIT includes construction period
CIT / Tax,CIT Accrual / R43,Delta,33,Y17H2,1436.2,0.0,-1436.2,-1.0000,P&L!corporate_income_tax_keur,result.periods[i].corporate_tax_accrual_keur,approximate,Python uses flag-on tax bridge accrual; Excel CIT includes construction period
CIT / Tax,CIT Accrual / R43,Excel,34,Y18H1,0.0,0.0,0.0,0.0000,P&L!corporate_income_tax_keur,result.periods[i].corporate_tax_accrual_keur,approximate,Python uses flag-on tax bridge accrual; Excel CIT includes construction period
CIT / Tax,CIT Accrual / R43,Python,34,Y18H1,0.0,0.0,0.0,0.0000,P&L!corporate_income_tax_keur,result.periods[i].corporate_tax_accrual_keur,approximate,Python uses flag-on tax bridge accrual; Excel CIT includes construction period
CIT / Tax,CIT Accrual / R43,Delta,34,Y18H1,0.0,0.0,0.0,0.0000,P&L!corporate_income_tax_keur,result.periods[i].corporate_tax_accrual_keur,approximate,Python uses flag-on tax bridge accrual; Excel CIT includes construction period
CIT / Tax,CIT Accrual / R43,Excel,35,Y18H2,1644.9,0.0,-1644.9,0.0000,P&L!corporate_income_tax_keur,result.periods[i].corporate_tax_accrual_keur,approximate,Python uses flag-on tax bridge accrual; Excel CIT includes construction period
CIT / Tax,CIT Accrual / R43,Python,35,Y18H2,1644.9,0.0,-1644.9,0.0000,P&L!corporate_income_tax_keur,result.periods[i].corporate_tax_accrual_keur,approximate,Python uses flag-on tax bridge accrual; Excel CIT includes construction period
CIT / Tax,CIT Accrual / R43,Delta,35,Y18H2,1644.9,0.0,-1644.9,-1.0000,P&L!corporate_income_tax_keur,result.periods[i].corporate_tax_accrual_keur,approximate,Python uses flag-on tax bridge accrual; Excel CIT includes construction period
CIT / Tax,CIT Accrual / R43,Excel,36,Y19H1,0.0,0.0,0.0,0.0000,P&L!corporate_income_tax_keur,result.periods[i].corporate_tax_accrual_keur,approximate,Python uses flag-on tax bridge accrual; Excel CIT includes construction period
CIT / Tax,CIT Accrual / R43,Python,36,Y19H1,0.0,0.0,0.0,0.0000,P&L!corporate_income_tax_keur,result.periods[i].corporate_tax_accrual_keur,approximate,Python uses flag-on tax bridge accrual; Excel CIT includes construction period
CIT / Tax,CIT Accrual / R43,Delta,36,Y19H1,0.0,0.0,0.0,0.0000,P&L!corporate_income_tax_keur,result.periods[i].corporate_tax_accrual_keur,approximate,Python uses flag-on tax bridge accrual; Excel CIT includes construction period
CIT / Tax,CIT Accrual / R43,Excel,37,Y19H2,1811.3,0.0,-1811.3,0.0000,P&L!corporate_income_tax_keur,result.periods[i].corporate_tax_accrual_keur,approximate,Python uses flag-on tax bridge accrual; Excel CIT includes construction period
CIT / Tax,CIT Accrual / R43,Python,37,Y19H2,1811.3,0.0,-1811.3,0.0000,P&L!corporate_income_tax_keur,result.periods[i].corporate_tax_accrual_keur,approximate,Python uses flag-on tax bridge accrual; Excel CIT includes construction period
CIT / Tax,CIT Accrual / R43,Delta,37,Y19H2,1811.3,0.0,-1811.3,-1.0000,P&L!corporate_income_tax_keur,result.periods[i].corporate_tax_accrual_keur,approximate,Python uses flag-on tax bridge accrual; Excel CIT includes construction period
CIT / Tax,CIT Accrual / R43,Excel,38,Y20H1,0.0,0.0,0.0,0.0000,P&L!corporate_income_tax_keur,result.periods[i].corporate_tax_accrual_keur,approximate,Python uses flag-on tax bridge accrual; Excel CIT includes construction period
CIT / Tax,CIT Accrual / R43,Python,38,Y20H1,0.0,0.0,0.0,0.0000,P&L!corporate_income_tax_keur,result.periods[i].corporate_tax_accrual_keur,approximate,Python uses flag-on tax bridge accrual; Excel CIT includes construction period
CIT / Tax,CIT Accrual / R43,Delta,38,Y20H1,0.0,0.0,0.0,0.0000,P&L!corporate_income_tax_keur,result.periods[i].corporate_tax_accrual_keur,approximate,Python uses flag-on tax bridge accrual; Excel CIT includes construction period
CIT / Tax,CIT Accrual / R43,Excel,39,Y20H2,1871.3,0.0,-1871.3,0.0000,P&L!corporate_income_tax_keur,result.periods[i].corporate_tax_accrual_keur,approximate,Python uses flag-on tax bridge accrual; Excel CIT includes construction period
CIT / Tax,CIT Accrual / R43,Python,39,Y20H2,1871.3,0.0,-1871.3,0.0000,P&L!corporate_income_tax_keur,result.periods[i].corporate_tax_accrual_keur,approximate,Python uses flag-on tax bridge accrual; Excel CIT includes construction period
CIT / Tax,CIT Accrual / R43,Delta,39,Y20H2,1871.3,0.0,-1871.3,-1.0000,P&L!corporate_income_tax_keur,result.periods[i].corporate_tax_accrual_keur,approximate,Python uses flag-on tax bridge accrual; Excel CIT includes construction period
CIT / Tax,CIT Accrual / R43,Excel,40,Y21H1,0.0,0.0,0.0,0.0000,P&L!corporate_income_tax_keur,result.periods[i].corporate_tax_accrual_keur,approximate,Python uses flag-on tax bridge accrual; Excel CIT includes construction period
CIT / Tax,CIT Accrual / R43,Python,40,Y21H1,0.0,0.0,0.0,0.0000,P&L!corporate_income_tax_keur,result.periods[i].corporate_tax_accrual_keur,approximate,Python uses flag-on tax bridge accrual; Excel CIT includes construction period
CIT / Tax,CIT Accrual / R43,Delta,40,Y21H1,0.0,0.0,0.0,0.0000,P&L!corporate_income_tax_keur,result.periods[i].corporate_tax_accrual_keur,approximate,Python uses flag-on tax bridge accrual; Excel CIT includes construction period
CIT / Tax,CIT Accrual / R43,Excel,41,Y21H2,2554.4,0.0,-2554.4,0.0000,P&L!corporate_income_tax_keur,result.periods[i].corporate_tax_accrual_keur,approximate,Python uses flag-on tax bridge accrual; Excel CIT includes construction period
CIT / Tax,CIT Accrual / R43,Python,41,Y21H2,2554.4,0.0,-2554.4,0.0000,P&L!corporate_income_tax_keur,result.periods[i].corporate_tax_accrual_keur,approximate,Python uses flag-on tax bridge accrual; Excel CIT includes construction period
CIT / Tax,CIT Accrual / R43,Delta,41,Y21H2,2554.4,0.0,-2554.4,-1.0000,P&L!corporate_income_tax_keur,result.periods[i].corporate_tax_accrual_keur,approximate,Python uses flag-on tax bridge accrual; Excel CIT includes construction period
CIT / Tax,CIT Accrual / R43,Excel,42,Y22H1,0.0,0.0,0.0,0.0000,P&L!corporate_income_tax_keur,result.periods[i].corporate_tax_accrual_keur,approximate,Python uses flag-on tax bridge accrual; Excel CIT includes construction period
CIT / Tax,CIT Accrual / R43,Python,42,Y22H1,0.0,0.0,0.0,0.0000,P&L!corporate_income_tax_keur,result.periods[i].corporate_tax_accrual_keur,approximate,Python uses flag-on tax bridge accrual; Excel CIT includes construction period
CIT / Tax,CIT Accrual / R43,Delta,42,Y22H1,0.0,0.0,0.0,0.0000,P&L!corporate_income_tax_keur,result.periods[i].corporate_tax_accrual_keur,approximate,Python uses flag-on tax bridge accrual; Excel CIT includes construction period
CIT / Tax,CIT Accrual / R43,Excel,43,Y22H2,2614.3,0.0,-2614.3,0.0000,P&L!corporate_income_tax_keur,result.periods[i].corporate_tax_accrual_keur,approximate,Python uses flag-on tax bridge accrual; Excel CIT includes construction period
CIT / Tax,CIT Accrual / R43,Python,43,Y22H2,2614.3,0.0,-2614.3,0.0000,P&L!corporate_income_tax_keur,result.periods[i].corporate_tax_accrual_keur,approximate,Python uses flag-on tax bridge accrual; Excel CIT includes construction period
CIT / Tax,CIT Accrual / R43,Delta,43,Y22H2,2614.3,0.0,-2614.3,-1.0000,P&L!corporate_income_tax_keur,result.periods[i].corporate_tax_accrual_keur,approximate,Python uses flag-on tax bridge accrual; Excel CIT includes construction period
CIT / Tax,CIT Accrual / R43,Excel,44,Y23H1,0.0,0.0,0.0,0.0000,P&L!corporate_income_tax_keur,result.periods[i].corporate_tax_accrual_keur,approximate,Python uses flag-on tax bridge accrual; Excel CIT includes construction period
CIT / Tax,CIT Accrual / R43,Python,44,Y23H1,0.0,0.0,0.0,0.0000,P&L!corporate_income_tax_keur,result.periods[i].corporate_tax_accrual_keur,approximate,Python uses flag-on tax bridge accrual; Excel CIT includes construction period
CIT / Tax,CIT Accrual / R43,Delta,44,Y23H1,0.0,0.0,0.0,0.0000,P&L!corporate_income_tax_keur,result.periods[i].corporate_tax_accrual_keur,approximate,Python uses flag-on tax bridge accrual; Excel CIT includes construction period
CIT / Tax,CIT Accrual / R43,Excel,45,Y23H2,2688.1,0.0,-2688.1,0.0000,P&L!corporate_income_tax_keur,result.periods[i].corporate_tax_accrual_keur,approximate,Python uses flag-on tax bridge accrual; Excel CIT includes construction period
CIT / Tax,CIT Accrual / R43,Python,45,Y23H2,2688.1,0.0,-2688.1,0.0000,P&L!corporate_income_tax_keur,result.periods[i].corporate_tax_accrual_keur,approximate,Python uses flag-on tax bridge accrual; Excel CIT includes construction period
CIT / Tax,CIT Accrual / R43,Delta,45,Y23H2,2688.1,0.0,-2688.1,-1.0000,P&L!corporate_income_tax_keur,result.periods[i].corporate_tax_accrual_keur,approximate,Python uses flag-on tax bridge accrual; Excel CIT includes construction period
CIT / Tax,CIT Accrual / R43,Excel,46,Y24H1,0.0,0.0,0.0,0.0000,P&L!corporate_income_tax_keur,result.periods[i].corporate_tax_accrual_keur,approximate,Python uses flag-on tax bridge accrual; Excel CIT includes construction period
CIT / Tax,CIT Accrual / R43,Python,46,Y24H1,0.0,0.0,0.0,0.0000,P&L!corporate_income_tax_keur,result.periods[i].corporate_tax_accrual_keur,approximate,Python uses flag-on tax bridge accrual; Excel CIT includes construction period
CIT / Tax,CIT Accrual / R43,Delta,46,Y24H1,0.0,0.0,0.0,0.0000,P&L!corporate_income_tax_keur,result.periods[i].corporate_tax_accrual_keur,approximate,Python uses flag-on tax bridge accrual; Excel CIT includes construction period
CIT / Tax,CIT Accrual / R43,Excel,47,Y24H2,2741.4,0.0,-2741.4,0.0000,P&L!corporate_income_tax_keur,result.periods[i].corporate_tax_accrual_keur,approximate,Python uses flag-on tax bridge accrual; Excel CIT includes construction period
CIT / Tax,CIT Accrual / R43,Python,47,Y24H2,2741.4,0.0,-2741.4,0.0000,P&L!corporate_income_tax_keur,result.periods[i].corporate_tax_accrual_keur,approximate,Python uses flag-on tax bridge accrual; Excel CIT includes construction period
CIT / Tax,CIT Accrual / R43,Delta,47,Y24H2,2741.4,0.0,-2741.4,-1.0000,P&L!corporate_income_tax_keur,result.periods[i].corporate_tax_accrual_keur,approximate,Python uses flag-on tax bridge accrual; Excel CIT includes construction period
CIT / Tax,CIT Accrual / R43,Excel,48,Y25H1,0.0,0.0,0.0,0.0000,P&L!corporate_income_tax_keur,result.periods[i].corporate_tax_accrual_keur,approximate,Python uses flag-on tax bridge accrual; Excel CIT includes construction period
CIT / Tax,CIT Accrual / R43,Python,48,Y25H1,0.0,0.0,0.0,0.0000,P&L!corporate_income_tax_keur,result.periods[i].corporate_tax_accrual_keur,approximate,Python uses flag-on tax bridge accrual; Excel CIT includes construction period
CIT / Tax,CIT Accrual / R43,Delta,48,Y25H1,0.0,0.0,0.0,0.0000,P&L!corporate_income_tax_keur,result.periods[i].corporate_tax_accrual_keur,approximate,Python uses flag-on tax bridge accrual; Excel CIT includes construction period
CIT / Tax,CIT Accrual / R43,Excel,49,Y25H2,2795.5,0.0,-2795.5,0.0000,P&L!corporate_income_tax_keur,result.periods[i].corporate_tax_accrual_keur,approximate,Python uses flag-on tax bridge accrual; Excel CIT includes construction period
CIT / Tax,CIT Accrual / R43,Python,49,Y25H2,2795.5,0.0,-2795.5,0.0000,P&L!corporate_income_tax_keur,result.periods[i].corporate_tax_accrual_keur,approximate,Python uses flag-on tax bridge accrual; Excel CIT includes construction period
CIT / Tax,CIT Accrual / R43,Delta,49,Y25H2,2795.5,0.0,-2795.5,-1.0000,P&L!corporate_income_tax_keur,result.periods[i].corporate_tax_accrual_keur,approximate,Python uses flag-on tax bridge accrual; Excel CIT includes construction period
CIT / Tax,CIT Accrual / R43,Excel,50,Y26H1,0.0,0.0,0.0,0.0000,P&L!corporate_income_tax_keur,result.periods[i].corporate_tax_accrual_keur,approximate,Python uses flag-on tax bridge accrual; Excel CIT includes construction period
CIT / Tax,CIT Accrual / R43,Python,50,Y26H1,0.0,0.0,0.0,0.0000,P&L!corporate_income_tax_keur,result.periods[i].corporate_tax_accrual_keur,approximate,Python uses flag-on tax bridge accrual; Excel CIT includes construction period
CIT / Tax,CIT Accrual / R43,Delta,50,Y26H1,0.0,0.0,0.0,0.0000,P&L!corporate_income_tax_keur,result.periods[i].corporate_tax_accrual_keur,approximate,Python uses flag-on tax bridge accrual; Excel CIT includes construction period
CIT / Tax,CIT Accrual / R43,Excel,51,Y26H2,2856.9,0.0,-2856.9,0.0000,P&L!corporate_income_tax_keur,result.periods[i].corporate_tax_accrual_keur,approximate,Python uses flag-on tax bridge accrual; Excel CIT includes construction period
CIT / Tax,CIT Accrual / R43,Python,51,Y26H2,2856.9,0.0,-2856.9,0.0000,P&L!corporate_income_tax_keur,result.periods[i].corporate_tax_accrual_keur,approximate,Python uses flag-on tax bridge accrual; Excel CIT includes construction period
CIT / Tax,CIT Accrual / R43,Delta,51,Y26H2,2856.9,0.0,-2856.9,-1.0000,P&L!corporate_income_tax_keur,result.periods[i].corporate_tax_accrual_keur,approximate,Python uses flag-on tax bridge accrual; Excel CIT includes construction period
CIT / Tax,CIT Accrual / R43,Excel,52,Y27H1,0.0,0.0,0.0,0.0000,P&L!corporate_income_tax_keur,result.periods[i].corporate_tax_accrual_keur,approximate,Python uses flag-on tax bridge accrual; Excel CIT includes construction period
CIT / Tax,CIT Accrual / R43,Python,52,Y27H1,0.0,0.0,0.0,0.0000,P&L!corporate_income_tax_keur,result.periods[i].corporate_tax_accrual_keur,approximate,Python uses flag-on tax bridge accrual; Excel CIT includes construction period
CIT / Tax,CIT Accrual / R43,Delta,52,Y27H1,0.0,0.0,0.0,0.0000,P&L!corporate_income_tax_keur,result.periods[i].corporate_tax_accrual_keur,approximate,Python uses flag-on tax bridge accrual; Excel CIT includes construction period
CIT / Tax,CIT Accrual / R43,Excel,53,Y27H2,2909.4,0.0,-2909.4,0.0000,P&L!corporate_income_tax_keur,result.periods[i].corporate_tax_accrual_keur,approximate,Python uses flag-on tax bridge accrual; Excel CIT includes construction period
CIT / Tax,CIT Accrual / R43,Python,53,Y27H2,2909.4,0.0,-2909.4,0.0000,P&L!corporate_income_tax_keur,result.periods[i].corporate_tax_accrual_keur,approximate,Python uses flag-on tax bridge accrual; Excel CIT includes construction period
CIT / Tax,CIT Accrual / R43,Delta,53,Y27H2,2909.4,0.0,-2909.4,-1.0000,P&L!corporate_income_tax_keur,result.periods[i].corporate_tax_accrual_keur,approximate,Python uses flag-on tax bridge accrual; Excel CIT includes construction period
CIT / Tax,CIT Accrual / R43,Excel,54,Y28H1,0.0,0.0,0.0,0.0000,P&L!corporate_income_tax_keur,result.periods[i].corporate_tax_accrual_keur,approximate,Python uses flag-on tax bridge accrual; Excel CIT includes construction period
CIT / Tax,CIT Accrual / R43,Python,54,Y28H1,0.0,0.0,0.0,0.0000,P&L!corporate_income_tax_keur,result.periods[i].corporate_tax_accrual_keur,approximate,Python uses flag-on tax bridge accrual; Excel CIT includes construction period
CIT / Tax,CIT Accrual / R43,Delta,54,Y28H1,0.0,0.0,0.0,0.0000,P&L!corporate_income_tax_keur,result.periods[i].corporate_tax_accrual_keur,approximate,Python uses flag-on tax bridge accrual; Excel CIT includes construction period
CIT / Tax,CIT Accrual / R43,Excel,55,Y28H2,2948.6,0.0,-2948.6,0.0000,P&L!corporate_income_tax_keur,result.periods[i].corporate_tax_accrual_keur,approximate,Python uses flag-on tax bridge accrual; Excel CIT includes construction period
CIT / Tax,CIT Accrual / R43,Python,55,Y28H2,2948.6,0.0,-2948.6,0.0000,P&L!corporate_income_tax_keur,result.periods[i].corporate_tax_accrual_keur,approximate,Python uses flag-on tax bridge accrual; Excel CIT includes construction period
CIT / Tax,CIT Accrual / R43,Delta,55,Y28H2,2948.6,0.0,-2948.6,-1.0000,P&L!corporate_income_tax_keur,result.periods[i].corporate_tax_accrual_keur,approximate,Python uses flag-on tax bridge accrual; Excel CIT includes construction period
CIT / Tax,CIT Accrual / R43,Excel,56,Y29H1,0.0,0.0,0.0,0.0000,P&L!corporate_income_tax_keur,result.periods[i].corporate_tax_accrual_keur,approximate,Python uses flag-on tax bridge accrual; Excel CIT includes construction period
CIT / Tax,CIT Accrual / R43,Python,56,Y29H1,0.0,0.0,0.0,0.0000,P&L!corporate_income_tax_keur,result.periods[i].corporate_tax_accrual_keur,approximate,Python uses flag-on tax bridge accrual; Excel CIT includes construction period
CIT / Tax,CIT Accrual / R43,Delta,56,Y29H1,0.0,0.0,0.0,0.0000,P&L!corporate_income_tax_keur,result.periods[i].corporate_tax_accrual_keur,approximate,Python uses flag-on tax bridge accrual; Excel CIT includes construction period
CIT / Tax,CIT Accrual / R43,Excel,57,Y29H2,2984.2,0.0,-2984.2,0.0000,P&L!corporate_income_tax_keur,result.periods[i].corporate_tax_accrual_keur,approximate,Python uses flag-on tax bridge accrual; Excel CIT includes construction period
CIT / Tax,CIT Accrual / R43,Python,57,Y29H2,2984.2,0.0,-2984.2,0.0000,P&L!corporate_income_tax_keur,result.periods[i].corporate_tax_accrual_keur,approximate,Python uses flag-on tax bridge accrual; Excel CIT includes construction period
CIT / Tax,CIT Accrual / R43,Delta,57,Y29H2,2984.2,0.0,-2984.2,-1.0000,P&L!corporate_income_tax_keur,result.periods[i].corporate_tax_accrual_keur,approximate,Python uses flag-on tax bridge accrual; Excel CIT includes construction period
CIT / Tax,CIT Accrual / R43,Excel,58,Y30H1,0.0,0.0,0.0,0.0000,P&L!corporate_income_tax_keur,result.periods[i].corporate_tax_accrual_keur,approximate,Python uses flag-on tax bridge accrual; Excel CIT includes construction period
CIT / Tax,CIT Accrual / R43,Python,58,Y30H1,0.0,0.0,0.0,0.0000,P&L!corporate_income_tax_keur,result.periods[i].corporate_tax_accrual_keur,approximate,Python uses flag-on tax bridge accrual; Excel CIT includes construction period
CIT / Tax,CIT Accrual / R43,Delta,58,Y30H1,0.0,0.0,0.0,0.0000,P&L!corporate_income_tax_keur,result.periods[i].corporate_tax_accrual_keur,approximate,Python uses flag-on tax bridge accrual; Excel CIT includes construction period
CIT / Tax,CIT Accrual / R43,Excel,59,Y30H2,2999.9,0.0,-2999.9,0.0000,P&L!corporate_income_tax_keur,result.periods[i].corporate_tax_accrual_keur,approximate,Python uses flag-on tax bridge accrual; Excel CIT includes construction period
CIT / Tax,CIT Accrual / R43,Python,59,Y30H2,2999.9,0.0,-2999.9,0.0000,P&L!corporate_income_tax_keur,result.periods[i].corporate_tax_accrual_keur,approximate,Python uses flag-on tax bridge accrual; Excel CIT includes construction period
CIT / Tax,CIT Accrual / R43,Delta,59,Y30H2,2999.9,0.0,-2999.9,-1.0000,P&L!corporate_income_tax_keur,result.periods[i].corporate_tax_accrual_keur,approximate,Python uses flag-on tax bridge accrual; Excel CIT includes construction period
CIT / Tax,Cash Tax / R67,Excel,0,Y01H1,0.0,0.0,0.0,0.0000,N/A (not in Excel fixture),result.periods[i].r67_excel_style_cash_tax_diagnostic_keur,unmapped,R67 not in Excel fixture; see test_r67_yrs13to30_residual fixture
CIT / Tax,Cash Tax / R67,Python,0,Y01H1,0.0,0.0,0.0,0.0000,N/A (not in Excel fixture),result.periods[i].r67_excel_style_cash_tax_diagnostic_keur,unmapped,R67 not in Excel fixture; see test_r67_yrs13to30_residual fixture
CIT / Tax,Cash Tax / R67,Delta,0,Y01H1,0.0,0.0,0.0,0.0000,N/A (not in Excel fixture),result.periods[i].r67_excel_style_cash_tax_diagnostic_keur,unmapped,R67 not in Excel fixture; see test_r67_yrs13to30_residual fixture
CIT / Tax,Cash Tax / R67,Excel,1,Y01H2,0.0,0.0,0.0,0.0000,N/A (not in Excel fixture),result.periods[i].r67_excel_style_cash_tax_diagnostic_keur,unmapped,R67 not in Excel fixture; see test_r67_yrs13to30_residual fixture
CIT / Tax,Cash Tax / R67,Python,1,Y01H2,0.0,0.0,0.0,0.0000,N/A (not in Excel fixture),result.periods[i].r67_excel_style_cash_tax_diagnostic_keur,unmapped,R67 not in Excel fixture; see test_r67_yrs13to30_residual fixture
CIT / Tax,Cash Tax / R67,Delta,1,Y01H2,0.0,0.0,0.0,0.0000,N/A (not in Excel fixture),result.periods[i].r67_excel_style_cash_tax_diagnostic_keur,unmapped,R67 not in Excel fixture; see test_r67_yrs13to30_residual fixture
CIT / Tax,Cash Tax / R67,Excel,2,Y02H1,0.0,0.0,0.0,0.0000,N/A (not in Excel fixture),result.periods[i].r67_excel_style_cash_tax_diagnostic_keur,unmapped,R67 not in Excel fixture; see test_r67_yrs13to30_residual fixture
CIT / Tax,Cash Tax / R67,Python,2,Y02H1,0.0,0.0,0.0,0.0000,N/A (not in Excel fixture),result.periods[i].r67_excel_style_cash_tax_diagnostic_keur,unmapped,R67 not in Excel fixture; see test_r67_yrs13to30_residual fixture
CIT / Tax,Cash Tax / R67,Delta,2,Y02H1,0.0,0.0,0.0,0.0000,N/A (not in Excel fixture),result.periods[i].r67_excel_style_cash_tax_diagnostic_keur,unmapped,R67 not in Excel fixture; see test_r67_yrs13to30_residual fixture
CIT / Tax,Cash Tax / R67,Excel,3,Y02H2,0.0,0.0,0.0,0.0000,N/A (not in Excel fixture),result.periods[i].r67_excel_style_cash_tax_diagnostic_keur,unmapped,R67 not in Excel fixture; see test_r67_yrs13to30_residual fixture
CIT / Tax,Cash Tax / R67,Python,3,Y02H2,0.0,0.0,0.0,0.0000,N/A (not in Excel fixture),result.periods[i].r67_excel_style_cash_tax_diagnostic_keur,unmapped,R67 not in Excel fixture; see test_r67_yrs13to30_residual fixture
CIT / Tax,Cash Tax / R67,Delta,3,Y02H2,0.0,0.0,0.0,0.0000,N/A (not in Excel fixture),result.periods[i].r67_excel_style_cash_tax_diagnostic_keur,unmapped,R67 not in Excel fixture; see test_r67_yrs13to30_residual fixture
CIT / Tax,Cash Tax / R67,Excel,4,Y03H1,0.0,0.0,0.0,0.0000,N/A (not in Excel fixture),result.periods[i].r67_excel_style_cash_tax_diagnostic_keur,unmapped,R67 not in Excel fixture; see test_r67_yrs13to30_residual fixture
CIT / Tax,Cash Tax / R67,Python,4,Y03H1,0.0,0.0,0.0,0.0000,N/A (not in Excel fixture),result.periods[i].r67_excel_style_cash_tax_diagnostic_keur,unmapped,R67 not in Excel fixture; see test_r67_yrs13to30_residual fixture
CIT / Tax,Cash Tax / R67,Delta,4,Y03H1,0.0,0.0,0.0,0.0000,N/A (not in Excel fixture),result.periods[i].r67_excel_style_cash_tax_diagnostic_keur,unmapped,R67 not in Excel fixture; see test_r67_yrs13to30_residual fixture
CIT / Tax,Cash Tax / R67,Excel,5,Y03H2,0.0,0.0,0.0,0.0000,N/A (not in Excel fixture),result.periods[i].r67_excel_style_cash_tax_diagnostic_keur,unmapped,R67 not in Excel fixture; see test_r67_yrs13to30_residual fixture
CIT / Tax,Cash Tax / R67,Python,5,Y03H2,0.0,0.0,0.0,0.0000,N/A (not in Excel fixture),result.periods[i].r67_excel_style_cash_tax_diagnostic_keur,unmapped,R67 not in Excel fixture; see test_r67_yrs13to30_residual fixture
CIT / Tax,Cash Tax / R67,Delta,5,Y03H2,0.0,0.0,0.0,0.0000,N/A (not in Excel fixture),result.periods[i].r67_excel_style_cash_tax_diagnostic_keur,unmapped,R67 not in Excel fixture; see test_r67_yrs13to30_residual fixture
CIT / Tax,Cash Tax / R67,Excel,6,Y04H1,0.0,0.0,0.0,0.0000,N/A (not in Excel fixture),result.periods[i].r67_excel_style_cash_tax_diagnostic_keur,unmapped,R67 not in Excel fixture; see test_r67_yrs13to30_residual fixture
CIT / Tax,Cash Tax / R67,Python,6,Y04H1,0.0,0.0,0.0,0.0000,N/A (not in Excel fixture),result.periods[i].r67_excel_style_cash_tax_diagnostic_keur,unmapped,R67 not in Excel fixture; see test_r67_yrs13to30_residual fixture
CIT / Tax,Cash Tax / R67,Delta,6,Y04H1,0.0,0.0,0.0,0.0000,N/A (not in Excel fixture),result.periods[i].r67_excel_style_cash_tax_diagnostic_keur,unmapped,R67 not in Excel fixture; see test_r67_yrs13to30_residual fixture
CIT / Tax,Cash Tax / R67,Excel,7,Y04H2,0.0,0.0,0.0,0.0000,N/A (not in Excel fixture),result.periods[i].r67_excel_style_cash_tax_diagnostic_keur,unmapped,R67 not in Excel fixture; see test_r67_yrs13to30_residual fixture
CIT / Tax,Cash Tax / R67,Python,7,Y04H2,0.0,0.0,0.0,0.0000,N/A (not in Excel fixture),result.periods[i].r67_excel_style_cash_tax_diagnostic_keur,unmapped,R67 not in Excel fixture; see test_r67_yrs13to30_residual fixture
CIT / Tax,Cash Tax / R67,Delta,7,Y04H2,0.0,0.0,0.0,0.0000,N/A (not in Excel fixture),result.periods[i].r67_excel_style_cash_tax_diagnostic_keur,unmapped,R67 not in Excel fixture; see test_r67_yrs13to30_residual fixture
CIT / Tax,Cash Tax / R67,Excel,8,Y05H1,0.0,0.0,0.0,0.0000,N/A (not in Excel fixture),result.periods[i].r67_excel_style_cash_tax_diagnostic_keur,unmapped,R67 not in Excel fixture; see test_r67_yrs13to30_residual fixture
CIT / Tax,Cash Tax / R67,Python,8,Y05H1,0.0,0.0,0.0,0.0000,N/A (not in Excel fixture),result.periods[i].r67_excel_style_cash_tax_diagnostic_keur,unmapped,R67 not in Excel fixture; see test_r67_yrs13to30_residual fixture
CIT / Tax,Cash Tax / R67,Delta,8,Y05H1,0.0,0.0,0.0,0.0000,N/A (not in Excel fixture),result.periods[i].r67_excel_style_cash_tax_diagnostic_keur,unmapped,R67 not in Excel fixture; see test_r67_yrs13to30_residual fixture
CIT / Tax,Cash Tax / R67,Excel,9,Y05H2,0.0,0.0,0.0,0.0000,N/A (not in Excel fixture),result.periods[i].r67_excel_style_cash_tax_diagnostic_keur,unmapped,R67 not in Excel fixture; see test_r67_yrs13to30_residual fixture
CIT / Tax,Cash Tax / R67,Python,9,Y05H2,0.0,0.0,0.0,0.0000,N/A (not in Excel fixture),result.periods[i].r67_excel_style_cash_tax_diagnostic_keur,unmapped,R67 not in Excel fixture; see test_r67_yrs13to30_residual fixture
CIT / Tax,Cash Tax / R67,Delta,9,Y05H2,0.0,0.0,0.0,0.0000,N/A (not in Excel fixture),result.periods[i].r67_excel_style_cash_tax_diagnostic_keur,unmapped,R67 not in Excel fixture; see test_r67_yrs13to30_residual fixture
CIT / Tax,Cash Tax / R67,Excel,10,Y06H1,0.0,0.0,0.0,0.0000,N/A (not in Excel fixture),result.periods[i].r67_excel_style_cash_tax_diagnostic_keur,unmapped,R67 not in Excel fixture; see test_r67_yrs13to30_residual fixture
CIT / Tax,Cash Tax / R67,Python,10,Y06H1,0.0,0.0,0.0,0.0000,N/A (not in Excel fixture),result.periods[i].r67_excel_style_cash_tax_diagnostic_keur,unmapped,R67 not in Excel fixture; see test_r67_yrs13to30_residual fixture
CIT / Tax,Cash Tax / R67,Delta,10,Y06H1,0.0,0.0,0.0,0.0000,N/A (not in Excel fixture),result.periods[i].r67_excel_style_cash_tax_diagnostic_keur,unmapped,R67 not in Excel fixture; see test_r67_yrs13to30_residual fixture
CIT / Tax,Cash Tax / R67,Excel,11,Y06H2,0.0,0.0,0.0,0.0000,N/A (not in Excel fixture),result.periods[i].r67_excel_style_cash_tax_diagnostic_keur,unmapped,R67 not in Excel fixture; see test_r67_yrs13to30_residual fixture
CIT / Tax,Cash Tax / R67,Python,11,Y06H2,0.0,0.0,0.0,0.0000,N/A (not in Excel fixture),result.periods[i].r67_excel_style_cash_tax_diagnostic_keur,unmapped,R67 not in Excel fixture; see test_r67_yrs13to30_residual fixture
CIT / Tax,Cash Tax / R67,Delta,11,Y06H2,0.0,0.0,0.0,0.0000,N/A (not in Excel fixture),result.periods[i].r67_excel_style_cash_tax_diagnostic_keur,unmapped,R67 not in Excel fixture; see test_r67_yrs13to30_residual fixture
CIT / Tax,Cash Tax / R67,Excel,12,Y07H1,0.0,0.0,0.0,0.0000,N/A (not in Excel fixture),result.periods[i].r67_excel_style_cash_tax_diagnostic_keur,unmapped,R67 not in Excel fixture; see test_r67_yrs13to30_residual fixture
CIT / Tax,Cash Tax / R67,Python,12,Y07H1,0.0,0.0,0.0,0.0000,N/A (not in Excel fixture),result.periods[i].r67_excel_style_cash_tax_diagnostic_keur,unmapped,R67 not in Excel fixture; see test_r67_yrs13to30_residual fixture
CIT / Tax,Cash Tax / R67,Delta,12,Y07H1,0.0,0.0,0.0,0.0000,N/A (not in Excel fixture),result.periods[i].r67_excel_style_cash_tax_diagnostic_keur,unmapped,R67 not in Excel fixture; see test_r67_yrs13to30_residual fixture
CIT / Tax,Cash Tax / R67,Excel,13,Y07H2,0.0,0.0,0.0,0.0000,N/A (not in Excel fixture),result.periods[i].r67_excel_style_cash_tax_diagnostic_keur,unmapped,R67 not in Excel fixture; see test_r67_yrs13to30_residual fixture
CIT / Tax,Cash Tax / R67,Python,13,Y07H2,0.0,0.0,0.0,0.0000,N/A (not in Excel fixture),result.periods[i].r67_excel_style_cash_tax_diagnostic_keur,unmapped,R67 not in Excel fixture; see test_r67_yrs13to30_residual fixture
CIT / Tax,Cash Tax / R67,Delta,13,Y07H2,0.0,0.0,0.0,0.0000,N/A (not in Excel fixture),result.periods[i].r67_excel_style_cash_tax_diagnostic_keur,unmapped,R67 not in Excel fixture; see test_r67_yrs13to30_residual fixture
CIT / Tax,Cash Tax / R67,Excel,14,Y08H1,0.0,0.0,0.0,0.0000,N/A (not in Excel fixture),result.periods[i].r67_excel_style_cash_tax_diagnostic_keur,unmapped,R67 not in Excel fixture; see test_r67_yrs13to30_residual fixture
CIT / Tax,Cash Tax / R67,Python,14,Y08H1,0.0,0.0,0.0,0.0000,N/A (not in Excel fixture),result.periods[i].r67_excel_style_cash_tax_diagnostic_keur,unmapped,R67 not in Excel fixture; see test_r67_yrs13to30_residual fixture
CIT / Tax,Cash Tax / R67,Delta,14,Y08H1,0.0,0.0,0.0,0.0000,N/A (not in Excel fixture),result.periods[i].r67_excel_style_cash_tax_diagnostic_keur,unmapped,R67 not in Excel fixture; see test_r67_yrs13to30_residual fixture
CIT / Tax,Cash Tax / R67,Excel,15,Y08H2,0.0,0.0,0.0,0.0000,N/A (not in Excel fixture),result.periods[i].r67_excel_style_cash_tax_diagnostic_keur,unmapped,R67 not in Excel fixture; see test_r67_yrs13to30_residual fixture
CIT / Tax,Cash Tax / R67,Python,15,Y08H2,0.0,0.0,0.0,0.0000,N/A (not in Excel fixture),result.periods[i].r67_excel_style_cash_tax_diagnostic_keur,unmapped,R67 not in Excel fixture; see test_r67_yrs13to30_residual fixture
CIT / Tax,Cash Tax / R67,Delta,15,Y08H2,0.0,0.0,0.0,0.0000,N/A (not in Excel fixture),result.periods[i].r67_excel_style_cash_tax_diagnostic_keur,unmapped,R67 not in Excel fixture; see test_r67_yrs13to30_residual fixture
CIT / Tax,Cash Tax / R67,Excel,16,Y09H1,0.0,0.0,0.0,0.0000,N/A (not in Excel fixture),result.periods[i].r67_excel_style_cash_tax_diagnostic_keur,unmapped,R67 not in Excel fixture; see test_r67_yrs13to30_residual fixture
CIT / Tax,Cash Tax / R67,Python,16,Y09H1,0.0,0.0,0.0,0.0000,N/A (not in Excel fixture),result.periods[i].r67_excel_style_cash_tax_diagnostic_keur,unmapped,R67 not in Excel fixture; see test_r67_yrs13to30_residual fixture
CIT / Tax,Cash Tax / R67,Delta,16,Y09H1,0.0,0.0,0.0,0.0000,N/A (not in Excel fixture),result.periods[i].r67_excel_style_cash_tax_diagnostic_keur,unmapped,R67 not in Excel fixture; see test_r67_yrs13to30_residual fixture
CIT / Tax,Cash Tax / R67,Excel,17,Y09H2,0.0,0.0,0.0,0.0000,N/A (not in Excel fixture),result.periods[i].r67_excel_style_cash_tax_diagnostic_keur,unmapped,R67 not in Excel fixture; see test_r67_yrs13to30_residual fixture
CIT / Tax,Cash Tax / R67,Python,17,Y09H2,0.0,0.0,0.0,0.0000,N/A (not in Excel fixture),result.periods[i].r67_excel_style_cash_tax_diagnostic_keur,unmapped,R67 not in Excel fixture; see test_r67_yrs13to30_residual fixture
CIT / Tax,Cash Tax / R67,Delta,17,Y09H2,0.0,0.0,0.0,0.0000,N/A (not in Excel fixture),result.periods[i].r67_excel_style_cash_tax_diagnostic_keur,unmapped,R67 not in Excel fixture; see test_r67_yrs13to30_residual fixture
CIT / Tax,Cash Tax / R67,Excel,18,Y10H1,0.0,0.0,0.0,0.0000,N/A (not in Excel fixture),result.periods[i].r67_excel_style_cash_tax_diagnostic_keur,unmapped,R67 not in Excel fixture; see test_r67_yrs13to30_residual fixture
CIT / Tax,Cash Tax / R67,Python,18,Y10H1,0.0,0.0,0.0,0.0000,N/A (not in Excel fixture),result.periods[i].r67_excel_style_cash_tax_diagnostic_keur,unmapped,R67 not in Excel fixture; see test_r67_yrs13to30_residual fixture
CIT / Tax,Cash Tax / R67,Delta,18,Y10H1,0.0,0.0,0.0,0.0000,N/A (not in Excel fixture),result.periods[i].r67_excel_style_cash_tax_diagnostic_keur,unmapped,R67 not in Excel fixture; see test_r67_yrs13to30_residual fixture
CIT / Tax,Cash Tax / R67,Excel,19,Y10H2,0.0,0.0,0.0,0.0000,N/A (not in Excel fixture),result.periods[i].r67_excel_style_cash_tax_diagnostic_keur,unmapped,R67 not in Excel fixture; see test_r67_yrs13to30_residual fixture
CIT / Tax,Cash Tax / R67,Python,19,Y10H2,0.0,0.0,0.0,0.0000,N/A (not in Excel fixture),result.periods[i].r67_excel_style_cash_tax_diagnostic_keur,unmapped,R67 not in Excel fixture; see test_r67_yrs13to30_residual fixture
CIT / Tax,Cash Tax / R67,Delta,19,Y10H2,0.0,0.0,0.0,0.0000,N/A (not in Excel fixture),result.periods[i].r67_excel_style_cash_tax_diagnostic_keur,unmapped,R67 not in Excel fixture; see test_r67_yrs13to30_residual fixture
CIT / Tax,Cash Tax / R67,Excel,20,Y11H1,0.0,0.0,0.0,0.0000,N/A (not in Excel fixture),result.periods[i].r67_excel_style_cash_tax_diagnostic_keur,unmapped,R67 not in Excel fixture; see test_r67_yrs13to30_residual fixture
CIT / Tax,Cash Tax / R67,Python,20,Y11H1,0.0,0.0,0.0,0.0000,N/A (not in Excel fixture),result.periods[i].r67_excel_style_cash_tax_diagnostic_keur,unmapped,R67 not in Excel fixture; see test_r67_yrs13to30_residual fixture
CIT / Tax,Cash Tax / R67,Delta,20,Y11H1,0.0,0.0,0.0,0.0000,N/A (not in Excel fixture),result.periods[i].r67_excel_style_cash_tax_diagnostic_keur,unmapped,R67 not in Excel fixture; see test_r67_yrs13to30_residual fixture
CIT / Tax,Cash Tax / R67,Excel,21,Y11H2,0.0,0.0,0.0,0.0000,N/A (not in Excel fixture),result.periods[i].r67_excel_style_cash_tax_diagnostic_keur,unmapped,R67 not in Excel fixture; see test_r67_yrs13to30_residual fixture
CIT / Tax,Cash Tax / R67,Python,21,Y11H2,0.0,0.0,0.0,0.0000,N/A (not in Excel fixture),result.periods[i].r67_excel_style_cash_tax_diagnostic_keur,unmapped,R67 not in Excel fixture; see test_r67_yrs13to30_residual fixture
CIT / Tax,Cash Tax / R67,Delta,21,Y11H2,0.0,0.0,0.0,0.0000,N/A (not in Excel fixture),result.periods[i].r67_excel_style_cash_tax_diagnostic_keur,unmapped,R67 not in Excel fixture; see test_r67_yrs13to30_residual fixture
CIT / Tax,Cash Tax / R67,Excel,22,Y12H1,0.0,0.0,0.0,0.0000,N/A (not in Excel fixture),result.periods[i].r67_excel_style_cash_tax_diagnostic_keur,unmapped,R67 not in Excel fixture; see test_r67_yrs13to30_residual fixture
CIT / Tax,Cash Tax / R67,Python,22,Y12H1,0.0,0.0,0.0,0.0000,N/A (not in Excel fixture),result.periods[i].r67_excel_style_cash_tax_diagnostic_keur,unmapped,R67 not in Excel fixture; see test_r67_yrs13to30_residual fixture
CIT / Tax,Cash Tax / R67,Delta,22,Y12H1,0.0,0.0,0.0,0.0000,N/A (not in Excel fixture),result.periods[i].r67_excel_style_cash_tax_diagnostic_keur,unmapped,R67 not in Excel fixture; see test_r67_yrs13to30_residual fixture
CIT / Tax,Cash Tax / R67,Excel,23,Y12H2,0.0,0.0,0.0,0.0000,N/A (not in Excel fixture),result.periods[i].r67_excel_style_cash_tax_diagnostic_keur,unmapped,R67 not in Excel fixture; see test_r67_yrs13to30_residual fixture
CIT / Tax,Cash Tax / R67,Python,23,Y12H2,0.0,0.0,0.0,0.0000,N/A (not in Excel fixture),result.periods[i].r67_excel_style_cash_tax_diagnostic_keur,unmapped,R67 not in Excel fixture; see test_r67_yrs13to30_residual fixture
CIT / Tax,Cash Tax / R67,Delta,23,Y12H2,0.0,0.0,0.0,0.0000,N/A (not in Excel fixture),result.periods[i].r67_excel_style_cash_tax_diagnostic_keur,unmapped,R67 not in Excel fixture; see test_r67_yrs13to30_residual fixture
CIT / Tax,Cash Tax / R67,Excel,24,Y13H1,0.0,0.0,0.0,0.0000,N/A (not in Excel fixture),result.periods[i].r67_excel_style_cash_tax_diagnostic_keur,unmapped,R67 not in Excel fixture; see test_r67_yrs13to30_residual fixture
CIT / Tax,Cash Tax / R67,Python,24,Y13H1,0.0,0.0,0.0,0.0000,N/A (not in Excel fixture),result.periods[i].r67_excel_style_cash_tax_diagnostic_keur,unmapped,R67 not in Excel fixture; see test_r67_yrs13to30_residual fixture
CIT / Tax,Cash Tax / R67,Delta,24,Y13H1,0.0,0.0,0.0,0.0000,N/A (not in Excel fixture),result.periods[i].r67_excel_style_cash_tax_diagnostic_keur,unmapped,R67 not in Excel fixture; see test_r67_yrs13to30_residual fixture
CIT / Tax,Cash Tax / R67,Excel,25,Y13H2,0.0,-1480.6,-1480.6,0.0000,N/A (not in Excel fixture),result.periods[i].r67_excel_style_cash_tax_diagnostic_keur,unmapped,R67 not in Excel fixture; see test_r67_yrs13to30_residual fixture
CIT / Tax,Cash Tax / R67,Python,25,Y13H2,0.0,-1480.6,-1480.6,0.0000,N/A (not in Excel fixture),result.periods[i].r67_excel_style_cash_tax_diagnostic_keur,unmapped,R67 not in Excel fixture; see test_r67_yrs13to30_residual fixture
CIT / Tax,Cash Tax / R67,Delta,25,Y13H2,0.0,-1480.6,-1480.6,0.0000,N/A (not in Excel fixture),result.periods[i].r67_excel_style_cash_tax_diagnostic_keur,unmapped,R67 not in Excel fixture; see test_r67_yrs13to30_residual fixture
CIT / Tax,Cash Tax / R67,Excel,26,Y14H1,0.0,0.0,0.0,0.0000,N/A (not in Excel fixture),result.periods[i].r67_excel_style_cash_tax_diagnostic_keur,unmapped,R67 not in Excel fixture; see test_r67_yrs13to30_residual fixture
CIT / Tax,Cash Tax / R67,Python,26,Y14H1,0.0,0.0,0.0,0.0000,N/A (not in Excel fixture),result.periods[i].r67_excel_style_cash_tax_diagnostic_keur,unmapped,R67 not in Excel fixture; see test_r67_yrs13to30_residual fixture
CIT / Tax,Cash Tax / R67,Delta,26,Y14H1,0.0,0.0,0.0,0.0000,N/A (not in Excel fixture),result.periods[i].r67_excel_style_cash_tax_diagnostic_keur,unmapped,R67 not in Excel fixture; see test_r67_yrs13to30_residual fixture
CIT / Tax,Cash Tax / R67,Excel,27,Y14H2,0.0,-1580.0,-1580.0,0.0000,N/A (not in Excel fixture),result.periods[i].r67_excel_style_cash_tax_diagnostic_keur,unmapped,R67 not in Excel fixture; see test_r67_yrs13to30_residual fixture
CIT / Tax,Cash Tax / R67,Python,27,Y14H2,0.0,-1580.0,-1580.0,0.0000,N/A (not in Excel fixture),result.periods[i].r67_excel_style_cash_tax_diagnostic_keur,unmapped,R67 not in Excel fixture; see test_r67_yrs13to30_residual fixture
CIT / Tax,Cash Tax / R67,Delta,27,Y14H2,0.0,-1580.0,-1580.0,0.0000,N/A (not in Excel fixture),result.periods[i].r67_excel_style_cash_tax_diagnostic_keur,unmapped,R67 not in Excel fixture; see test_r67_yrs13to30_residual fixture
CIT / Tax,Cash Tax / R67,Excel,28,Y15H1,0.0,0.0,0.0,0.0000,N/A (not in Excel fixture),result.periods[i].r67_excel_style_cash_tax_diagnostic_keur,unmapped,R67 not in Excel fixture; see test_r67_yrs13to30_residual fixture
CIT / Tax,Cash Tax / R67,Python,28,Y15H1,0.0,0.0,0.0,0.0000,N/A (not in Excel fixture),result.periods[i].r67_excel_style_cash_tax_diagnostic_keur,unmapped,R67 not in Excel fixture; see test_r67_yrs13to30_residual fixture
CIT / Tax,Cash Tax / R67,Delta,28,Y15H1,0.0,0.0,0.0,0.0000,N/A (not in Excel fixture),result.periods[i].r67_excel_style_cash_tax_diagnostic_keur,unmapped,R67 not in Excel fixture; see test_r67_yrs13to30_residual fixture
CIT / Tax,Cash Tax / R67,Excel,29,Y15H2,0.0,-1706.8,-1706.8,0.0000,N/A (not in Excel fixture),result.periods[i].r67_excel_style_cash_tax_diagnostic_keur,unmapped,R67 not in Excel fixture; see test_r67_yrs13to30_residual fixture
CIT / Tax,Cash Tax / R67,Python,29,Y15H2,0.0,-1706.8,-1706.8,0.0000,N/A (not in Excel fixture),result.periods[i].r67_excel_style_cash_tax_diagnostic_keur,unmapped,R67 not in Excel fixture; see test_r67_yrs13to30_residual fixture
CIT / Tax,Cash Tax / R67,Delta,29,Y15H2,0.0,-1706.8,-1706.8,0.0000,N/A (not in Excel fixture),result.periods[i].r67_excel_style_cash_tax_diagnostic_keur,unmapped,R67 not in Excel fixture; see test_r67_yrs13to30_residual fixture
CIT / Tax,Cash Tax / R67,Excel,30,Y16H1,0.0,0.0,0.0,0.0000,N/A (not in Excel fixture),result.periods[i].r67_excel_style_cash_tax_diagnostic_keur,unmapped,R67 not in Excel fixture; see test_r67_yrs13to30_residual fixture
CIT / Tax,Cash Tax / R67,Python,30,Y16H1,0.0,0.0,0.0,0.0000,N/A (not in Excel fixture),result.periods[i].r67_excel_style_cash_tax_diagnostic_keur,unmapped,R67 not in Excel fixture; see test_r67_yrs13to30_residual fixture
CIT / Tax,Cash Tax / R67,Delta,30,Y16H1,0.0,0.0,0.0,0.0000,N/A (not in Excel fixture),result.periods[i].r67_excel_style_cash_tax_diagnostic_keur,unmapped,R67 not in Excel fixture; see test_r67_yrs13to30_residual fixture
CIT / Tax,Cash Tax / R67,Excel,31,Y16H2,0.0,-1851.7,-1851.7,0.0000,N/A (not in Excel fixture),result.periods[i].r67_excel_style_cash_tax_diagnostic_keur,unmapped,R67 not in Excel fixture; see test_r67_yrs13to30_residual fixture
CIT / Tax,Cash Tax / R67,Python,31,Y16H2,0.0,-1851.7,-1851.7,0.0000,N/A (not in Excel fixture),result.periods[i].r67_excel_style_cash_tax_diagnostic_keur,unmapped,R67 not in Excel fixture; see test_r67_yrs13to30_residual fixture
CIT / Tax,Cash Tax / R67,Delta,31,Y16H2,0.0,-1851.7,-1851.7,0.0000,N/A (not in Excel fixture),result.periods[i].r67_excel_style_cash_tax_diagnostic_keur,unmapped,R67 not in Excel fixture; see test_r67_yrs13to30_residual fixture
CIT / Tax,Cash Tax / R67,Excel,32,Y17H1,0.0,0.0,0.0,0.0000,N/A (not in Excel fixture),result.periods[i].r67_excel_style_cash_tax_diagnostic_keur,unmapped,R67 not in Excel fixture; see test_r67_yrs13to30_residual fixture
CIT / Tax,Cash Tax / R67,Python,32,Y17H1,0.0,0.0,0.0,0.0000,N/A (not in Excel fixture),result.periods[i].r67_excel_style_cash_tax_diagnostic_keur,unmapped,R67 not in Excel fixture; see test_r67_yrs13to30_residual fixture
CIT / Tax,Cash Tax / R67,Delta,32,Y17H1,0.0,0.0,0.0,0.0000,N/A (not in Excel fixture),result.periods[i].r67_excel_style_cash_tax_diagnostic_keur,unmapped,R67 not in Excel fixture; see test_r67_yrs13to30_residual fixture
CIT / Tax,Cash Tax / R67,Excel,33,Y17H2,0.0,-2058.9,-2058.9,0.0000,N/A (not in Excel fixture),result.periods[i].r67_excel_style_cash_tax_diagnostic_keur,unmapped,R67 not in Excel fixture; see test_r67_yrs13to30_residual fixture
CIT / Tax,Cash Tax / R67,Python,33,Y17H2,0.0,-2058.9,-2058.9,0.0000,N/A (not in Excel fixture),result.periods[i].r67_excel_style_cash_tax_diagnostic_keur,unmapped,R67 not in Excel fixture; see test_r67_yrs13to30_residual fixture
CIT / Tax,Cash Tax / R67,Delta,33,Y17H2,0.0,-2058.9,-2058.9,0.0000,N/A (not in Excel fixture),result.periods[i].r67_excel_style_cash_tax_diagnostic_keur,unmapped,R67 not in Excel fixture; see test_r67_yrs13to30_residual fixture
CIT / Tax,Cash Tax / R67,Excel,34,Y18H1,0.0,0.0,0.0,0.0000,N/A (not in Excel fixture),result.periods[i].r67_excel_style_cash_tax_diagnostic_keur,unmapped,R67 not in Excel fixture; see test_r67_yrs13to30_residual fixture
CIT / Tax,Cash Tax / R67,Python,34,Y18H1,0.0,0.0,0.0,0.0000,N/A (not in Excel fixture),result.periods[i].r67_excel_style_cash_tax_diagnostic_keur,unmapped,R67 not in Excel fixture; see test_r67_yrs13to30_residual fixture
CIT / Tax,Cash Tax / R67,Delta,34,Y18H1,0.0,0.0,0.0,0.0000,N/A (not in Excel fixture),result.periods[i].r67_excel_style_cash_tax_diagnostic_keur,unmapped,R67 not in Excel fixture; see test_r67_yrs13to30_residual fixture
CIT / Tax,Cash Tax / R67,Excel,35,Y18H2,0.0,-2263.0,-2263.0,0.0000,N/A (not in Excel fixture),result.periods[i].r67_excel_style_cash_tax_diagnostic_keur,unmapped,R67 not in Excel fixture; see test_r67_yrs13to30_residual fixture
CIT / Tax,Cash Tax / R67,Python,35,Y18H2,0.0,-2263.0,-2263.0,0.0000,N/A (not in Excel fixture),result.periods[i].r67_excel_style_cash_tax_diagnostic_keur,unmapped,R67 not in Excel fixture; see test_r67_yrs13to30_residual fixture
CIT / Tax,Cash Tax / R67,Delta,35,Y18H2,0.0,-2263.0,-2263.0,0.0000,N/A (not in Excel fixture),result.periods[i].r67_excel_style_cash_tax_diagnostic_keur,unmapped,R67 not in Excel fixture; see test_r67_yrs13to30_residual fixture
CIT / Tax,Cash Tax / R67,Excel,36,Y19H1,0.0,0.0,0.0,0.0000,N/A (not in Excel fixture),result.periods[i].r67_excel_style_cash_tax_diagnostic_keur,unmapped,R67 not in Excel fixture; see test_r67_yrs13to30_residual fixture
CIT / Tax,Cash Tax / R67,Python,36,Y19H1,0.0,0.0,0.0,0.0000,N/A (not in Excel fixture),result.periods[i].r67_excel_style_cash_tax_diagnostic_keur,unmapped,R67 not in Excel fixture; see test_r67_yrs13to30_residual fixture
CIT / Tax,Cash Tax / R67,Delta,36,Y19H1,0.0,0.0,0.0,0.0000,N/A (not in Excel fixture),result.periods[i].r67_excel_style_cash_tax_diagnostic_keur,unmapped,R67 not in Excel fixture; see test_r67_yrs13to30_residual fixture
CIT / Tax,Cash Tax / R67,Excel,37,Y19H2,0.0,-2424.4,-2424.4,0.0000,N/A (not in Excel fixture),result.periods[i].r67_excel_style_cash_tax_diagnostic_keur,unmapped,R67 not in Excel fixture; see test_r67_yrs13to30_residual fixture
CIT / Tax,Cash Tax / R67,Python,37,Y19H2,0.0,-2424.4,-2424.4,0.0000,N/A (not in Excel fixture),result.periods[i].r67_excel_style_cash_tax_diagnostic_keur,unmapped,R67 not in Excel fixture; see test_r67_yrs13to30_residual fixture
CIT / Tax,Cash Tax / R67,Delta,37,Y19H2,0.0,-2424.4,-2424.4,0.0000,N/A (not in Excel fixture),result.periods[i].r67_excel_style_cash_tax_diagnostic_keur,unmapped,R67 not in Excel fixture; see test_r67_yrs13to30_residual fixture
CIT / Tax,Cash Tax / R67,Excel,38,Y20H1,0.0,0.0,0.0,0.0000,N/A (not in Excel fixture),result.periods[i].r67_excel_style_cash_tax_diagnostic_keur,unmapped,R67 not in Excel fixture; see test_r67_yrs13to30_residual fixture
CIT / Tax,Cash Tax / R67,Python,38,Y20H1,0.0,0.0,0.0,0.0000,N/A (not in Excel fixture),result.periods[i].r67_excel_style_cash_tax_diagnostic_keur,unmapped,R67 not in Excel fixture; see test_r67_yrs13to30_residual fixture
CIT / Tax,Cash Tax / R67,Delta,38,Y20H1,0.0,0.0,0.0,0.0000,N/A (not in Excel fixture),result.periods[i].r67_excel_style_cash_tax_diagnostic_keur,unmapped,R67 not in Excel fixture; see test_r67_yrs13to30_residual fixture
CIT / Tax,Cash Tax / R67,Excel,39,Y20H2,0.0,-2479.4,-2479.4,0.0000,N/A (not in Excel fixture),result.periods[i].r67_excel_style_cash_tax_diagnostic_keur,unmapped,R67 not in Excel fixture; see test_r67_yrs13to30_residual fixture
CIT / Tax,Cash Tax / R67,Python,39,Y20H2,0.0,-2479.4,-2479.4,0.0000,N/A (not in Excel fixture),result.periods[i].r67_excel_style_cash_tax_diagnostic_keur,unmapped,R67 not in Excel fixture; see test_r67_yrs13to30_residual fixture
CIT / Tax,Cash Tax / R67,Delta,39,Y20H2,0.0,-2479.4,-2479.4,0.0000,N/A (not in Excel fixture),result.periods[i].r67_excel_style_cash_tax_diagnostic_keur,unmapped,R67 not in Excel fixture; see test_r67_yrs13to30_residual fixture
CIT / Tax,Cash Tax / R67,Excel,40,Y21H1,0.0,0.0,0.0,0.0000,N/A (not in Excel fixture),result.periods[i].r67_excel_style_cash_tax_diagnostic_keur,unmapped,R67 not in Excel fixture; see test_r67_yrs13to30_residual fixture
CIT / Tax,Cash Tax / R67,Python,40,Y21H1,0.0,0.0,0.0,0.0000,N/A (not in Excel fixture),result.periods[i].r67_excel_style_cash_tax_diagnostic_keur,unmapped,R67 not in Excel fixture; see test_r67_yrs13to30_residual fixture
CIT / Tax,Cash Tax / R67,Delta,40,Y21H1,0.0,0.0,0.0,0.0000,N/A (not in Excel fixture),result.periods[i].r67_excel_style_cash_tax_diagnostic_keur,unmapped,R67 not in Excel fixture; see test_r67_yrs13to30_residual fixture
CIT / Tax,Cash Tax / R67,Excel,41,Y21H2,0.0,-2533.8,-2533.8,0.0000,N/A (not in Excel fixture),result.periods[i].r67_excel_style_cash_tax_diagnostic_keur,unmapped,R67 not in Excel fixture; see test_r67_yrs13to30_residual fixture
CIT / Tax,Cash Tax / R67,Python,41,Y21H2,0.0,-2533.8,-2533.8,0.0000,N/A (not in Excel fixture),result.periods[i].r67_excel_style_cash_tax_diagnostic_keur,unmapped,R67 not in Excel fixture; see test_r67_yrs13to30_residual fixture
CIT / Tax,Cash Tax / R67,Delta,41,Y21H2,0.0,-2533.8,-2533.8,0.0000,N/A (not in Excel fixture),result.periods[i].r67_excel_style_cash_tax_diagnostic_keur,unmapped,R67 not in Excel fixture; see test_r67_yrs13to30_residual fixture
CIT / Tax,Cash Tax / R67,Excel,42,Y22H1,0.0,0.0,0.0,0.0000,N/A (not in Excel fixture),result.periods[i].r67_excel_style_cash_tax_diagnostic_keur,unmapped,R67 not in Excel fixture; see test_r67_yrs13to30_residual fixture
CIT / Tax,Cash Tax / R67,Python,42,Y22H1,0.0,0.0,0.0,0.0000,N/A (not in Excel fixture),result.periods[i].r67_excel_style_cash_tax_diagnostic_keur,unmapped,R67 not in Excel fixture; see test_r67_yrs13to30_residual fixture
CIT / Tax,Cash Tax / R67,Delta,42,Y22H1,0.0,0.0,0.0,0.0000,N/A (not in Excel fixture),result.periods[i].r67_excel_style_cash_tax_diagnostic_keur,unmapped,R67 not in Excel fixture; see test_r67_yrs13to30_residual fixture
CIT / Tax,Cash Tax / R67,Excel,43,Y22H2,0.0,-2588.1,-2588.1,0.0000,N/A (not in Excel fixture),result.periods[i].r67_excel_style_cash_tax_diagnostic_keur,unmapped,R67 not in Excel fixture; see test_r67_yrs13to30_residual fixture
CIT / Tax,Cash Tax / R67,Python,43,Y22H2,0.0,-2588.1,-2588.1,0.0000,N/A (not in Excel fixture),result.periods[i].r67_excel_style_cash_tax_diagnostic_keur,unmapped,R67 not in Excel fixture; see test_r67_yrs13to30_residual fixture
CIT / Tax,Cash Tax / R67,Delta,43,Y22H2,0.0,-2588.1,-2588.1,0.0000,N/A (not in Excel fixture),result.periods[i].r67_excel_style_cash_tax_diagnostic_keur,unmapped,R67 not in Excel fixture; see test_r67_yrs13to30_residual fixture
CIT / Tax,Cash Tax / R67,Excel,44,Y23H1,0.0,0.0,0.0,0.0000,N/A (not in Excel fixture),result.periods[i].r67_excel_style_cash_tax_diagnostic_keur,unmapped,R67 not in Excel fixture; see test_r67_yrs13to30_residual fixture
CIT / Tax,Cash Tax / R67,Python,44,Y23H1,0.0,0.0,0.0,0.0000,N/A (not in Excel fixture),result.periods[i].r67_excel_style_cash_tax_diagnostic_keur,unmapped,R67 not in Excel fixture; see test_r67_yrs13to30_residual fixture
CIT / Tax,Cash Tax / R67,Delta,44,Y23H1,0.0,0.0,0.0,0.0000,N/A (not in Excel fixture),result.periods[i].r67_excel_style_cash_tax_diagnostic_keur,unmapped,R67 not in Excel fixture; see test_r67_yrs13to30_residual fixture
CIT / Tax,Cash Tax / R67,Excel,45,Y23H2,0.0,-2656.0,-2656.0,0.0000,N/A (not in Excel fixture),result.periods[i].r67_excel_style_cash_tax_diagnostic_keur,unmapped,R67 not in Excel fixture; see test_r67_yrs13to30_residual fixture
CIT / Tax,Cash Tax / R67,Python,45,Y23H2,0.0,-2656.0,-2656.0,0.0000,N/A (not in Excel fixture),result.periods[i].r67_excel_style_cash_tax_diagnostic_keur,unmapped,R67 not in Excel fixture; see test_r67_yrs13to30_residual fixture
CIT / Tax,Cash Tax / R67,Delta,45,Y23H2,0.0,-2656.0,-2656.0,0.0000,N/A (not in Excel fixture),result.periods[i].r67_excel_style_cash_tax_diagnostic_keur,unmapped,R67 not in Excel fixture; see test_r67_yrs13to30_residual fixture
CIT / Tax,Cash Tax / R67,Excel,46,Y24H1,0.0,0.0,0.0,0.0000,N/A (not in Excel fixture),result.periods[i].r67_excel_style_cash_tax_diagnostic_keur,unmapped,R67 not in Excel fixture; see test_r67_yrs13to30_residual fixture
CIT / Tax,Cash Tax / R67,Python,46,Y24H1,0.0,0.0,0.0,0.0000,N/A (not in Excel fixture),result.periods[i].r67_excel_style_cash_tax_diagnostic_keur,unmapped,R67 not in Excel fixture; see test_r67_yrs13to30_residual fixture
CIT / Tax,Cash Tax / R67,Delta,46,Y24H1,0.0,0.0,0.0,0.0000,N/A (not in Excel fixture),result.periods[i].r67_excel_style_cash_tax_diagnostic_keur,unmapped,R67 not in Excel fixture; see test_r67_yrs13to30_residual fixture
CIT / Tax,Cash Tax / R67,Excel,47,Y24H2,0.0,-2703.2,-2703.2,0.0000,N/A (not in Excel fixture),result.periods[i].r67_excel_style_cash_tax_diagnostic_keur,unmapped,R67 not in Excel fixture; see test_r67_yrs13to30_residual fixture
CIT / Tax,Cash Tax / R67,Python,47,Y24H2,0.0,-2703.2,-2703.2,0.0000,N/A (not in Excel fixture),result.periods[i].r67_excel_style_cash_tax_diagnostic_keur,unmapped,R67 not in Excel fixture; see test_r67_yrs13to30_residual fixture
CIT / Tax,Cash Tax / R67,Delta,47,Y24H2,0.0,-2703.2,-2703.2,0.0000,N/A (not in Excel fixture),result.periods[i].r67_excel_style_cash_tax_diagnostic_keur,unmapped,R67 not in Excel fixture; see test_r67_yrs13to30_residual fixture
CIT / Tax,Cash Tax / R67,Excel,48,Y25H1,0.0,0.0,0.0,0.0000,N/A (not in Excel fixture),result.periods[i].r67_excel_style_cash_tax_diagnostic_keur,unmapped,R67 not in Excel fixture; see test_r67_yrs13to30_residual fixture
CIT / Tax,Cash Tax / R67,Python,48,Y25H1,0.0,0.0,0.0,0.0000,N/A (not in Excel fixture),result.periods[i].r67_excel_style_cash_tax_diagnostic_keur,unmapped,R67 not in Excel fixture; see test_r67_yrs13to30_residual fixture
CIT / Tax,Cash Tax / R67,Delta,48,Y25H1,0.0,0.0,0.0,0.0000,N/A (not in Excel fixture),result.periods[i].r67_excel_style_cash_tax_diagnostic_keur,unmapped,R67 not in Excel fixture; see test_r67_yrs13to30_residual fixture
CIT / Tax,Cash Tax / R67,Excel,49,Y25H2,0.0,-2750.8,-2750.8,0.0000,N/A (not in Excel fixture),result.periods[i].r67_excel_style_cash_tax_diagnostic_keur,unmapped,R67 not in Excel fixture; see test_r67_yrs13to30_residual fixture
CIT / Tax,Cash Tax / R67,Python,49,Y25H2,0.0,-2750.8,-2750.8,0.0000,N/A (not in Excel fixture),result.periods[i].r67_excel_style_cash_tax_diagnostic_keur,unmapped,R67 not in Excel fixture; see test_r67_yrs13to30_residual fixture
CIT / Tax,Cash Tax / R67,Delta,49,Y25H2,0.0,-2750.8,-2750.8,0.0000,N/A (not in Excel fixture),result.periods[i].r67_excel_style_cash_tax_diagnostic_keur,unmapped,R67 not in Excel fixture; see test_r67_yrs13to30_residual fixture
CIT / Tax,Cash Tax / R67,Excel,50,Y26H1,0.0,0.0,0.0,0.0000,N/A (not in Excel fixture),result.periods[i].r67_excel_style_cash_tax_diagnostic_keur,unmapped,R67 not in Excel fixture; see test_r67_yrs13to30_residual fixture
CIT / Tax,Cash Tax / R67,Python,50,Y26H1,0.0,0.0,0.0,0.0000,N/A (not in Excel fixture),result.periods[i].r67_excel_style_cash_tax_diagnostic_keur,unmapped,R67 not in Excel fixture; see test_r67_yrs13to30_residual fixture
CIT / Tax,Cash Tax / R67,Delta,50,Y26H1,0.0,0.0,0.0,0.0000,N/A (not in Excel fixture),result.periods[i].r67_excel_style_cash_tax_diagnostic_keur,unmapped,R67 not in Excel fixture; see test_r67_yrs13to30_residual fixture
CIT / Tax,Cash Tax / R67,Excel,51,Y26H2,0.0,-2819.2,-2819.2,0.0000,N/A (not in Excel fixture),result.periods[i].r67_excel_style_cash_tax_diagnostic_keur,unmapped,R67 not in Excel fixture; see test_r67_yrs13to30_residual fixture
CIT / Tax,Cash Tax / R67,Python,51,Y26H2,0.0,-2819.2,-2819.2,0.0000,N/A (not in Excel fixture),result.periods[i].r67_excel_style_cash_tax_diagnostic_keur,unmapped,R67 not in Excel fixture; see test_r67_yrs13to30_residual fixture
CIT / Tax,Cash Tax / R67,Delta,51,Y26H2,0.0,-2819.2,-2819.2,0.0000,N/A (not in Excel fixture),result.periods[i].r67_excel_style_cash_tax_diagnostic_keur,unmapped,R67 not in Excel fixture; see test_r67_yrs13to30_residual fixture
CIT / Tax,Cash Tax / R67,Excel,52,Y27H1,0.0,0.0,0.0,0.0000,N/A (not in Excel fixture),result.periods[i].r67_excel_style_cash_tax_diagnostic_keur,unmapped,R67 not in Excel fixture; see test_r67_yrs13to30_residual fixture
CIT / Tax,Cash Tax / R67,Python,52,Y27H1,0.0,0.0,0.0,0.0000,N/A (not in Excel fixture),result.periods[i].r67_excel_style_cash_tax_diagnostic_keur,unmapped,R67 not in Excel fixture; see test_r67_yrs13to30_residual fixture
CIT / Tax,Cash Tax / R67,Delta,52,Y27H1,0.0,0.0,0.0,0.0000,N/A (not in Excel fixture),result.periods[i].r67_excel_style_cash_tax_diagnostic_keur,unmapped,R67 not in Excel fixture; see test_r67_yrs13to30_residual fixture
CIT / Tax,Cash Tax / R67,Excel,53,Y27H2,0.0,-2864.6,-2864.6,0.0000,N/A (not in Excel fixture),result.periods[i].r67_excel_style_cash_tax_diagnostic_keur,unmapped,R67 not in Excel fixture; see test_r67_yrs13to30_residual fixture
CIT / Tax,Cash Tax / R67,Python,53,Y27H2,0.0,-2864.6,-2864.6,0.0000,N/A (not in Excel fixture),result.periods[i].r67_excel_style_cash_tax_diagnostic_keur,unmapped,R67 not in Excel fixture; see test_r67_yrs13to30_residual fixture
CIT / Tax,Cash Tax / R67,Delta,53,Y27H2,0.0,-2864.6,-2864.6,0.0000,N/A (not in Excel fixture),result.periods[i].r67_excel_style_cash_tax_diagnostic_keur,unmapped,R67 not in Excel fixture; see test_r67_yrs13to30_residual fixture
CIT / Tax,Cash Tax / R67,Excel,54,Y28H1,0.0,0.0,0.0,0.0000,N/A (not in Excel fixture),result.periods[i].r67_excel_style_cash_tax_diagnostic_keur,unmapped,R67 not in Excel fixture; see test_r67_yrs13to30_residual fixture
CIT / Tax,Cash Tax / R67,Python,54,Y28H1,0.0,0.0,0.0,0.0000,N/A (not in Excel fixture),result.periods[i].r67_excel_style_cash_tax_diagnostic_keur,unmapped,R67 not in Excel fixture; see test_r67_yrs13to30_residual fixture
CIT / Tax,Cash Tax / R67,Delta,54,Y28H1,0.0,0.0,0.0,0.0000,N/A (not in Excel fixture),result.periods[i].r67_excel_style_cash_tax_diagnostic_keur,unmapped,R67 not in Excel fixture; see test_r67_yrs13to30_residual fixture
CIT / Tax,Cash Tax / R67,Excel,55,Y28H2,0.0,-2896.2,-2896.2,0.0000,N/A (not in Excel fixture),result.periods[i].r67_excel_style_cash_tax_diagnostic_keur,unmapped,R67 not in Excel fixture; see test_r67_yrs13to30_residual fixture
CIT / Tax,Cash Tax / R67,Python,55,Y28H2,0.0,-2896.2,-2896.2,0.0000,N/A (not in Excel fixture),result.periods[i].r67_excel_style_cash_tax_diagnostic_keur,unmapped,R67 not in Excel fixture; see test_r67_yrs13to30_residual fixture
CIT / Tax,Cash Tax / R67,Delta,55,Y28H2,0.0,-2896.2,-2896.2,0.0000,N/A (not in Excel fixture),result.periods[i].r67_excel_style_cash_tax_diagnostic_keur,unmapped,R67 not in Excel fixture; see test_r67_yrs13to30_residual fixture
CIT / Tax,Cash Tax / R67,Excel,56,Y29H1,0.0,0.0,0.0,0.0000,N/A (not in Excel fixture),result.periods[i].r67_excel_style_cash_tax_diagnostic_keur,unmapped,R67 not in Excel fixture; see test_r67_yrs13to30_residual fixture
CIT / Tax,Cash Tax / R67,Python,56,Y29H1,0.0,0.0,0.0,0.0000,N/A (not in Excel fixture),result.periods[i].r67_excel_style_cash_tax_diagnostic_keur,unmapped,R67 not in Excel fixture; see test_r67_yrs13to30_residual fixture
CIT / Tax,Cash Tax / R67,Delta,56,Y29H1,0.0,0.0,0.0,0.0000,N/A (not in Excel fixture),result.periods[i].r67_excel_style_cash_tax_diagnostic_keur,unmapped,R67 not in Excel fixture; see test_r67_yrs13to30_residual fixture
CIT / Tax,Cash Tax / R67,Excel,57,Y29H2,0.0,-2924.1,-2924.1,0.0000,N/A (not in Excel fixture),result.periods[i].r67_excel_style_cash_tax_diagnostic_keur,unmapped,R67 not in Excel fixture; see test_r67_yrs13to30_residual fixture
CIT / Tax,Cash Tax / R67,Python,57,Y29H2,0.0,-2924.1,-2924.1,0.0000,N/A (not in Excel fixture),result.periods[i].r67_excel_style_cash_tax_diagnostic_keur,unmapped,R67 not in Excel fixture; see test_r67_yrs13to30_residual fixture
CIT / Tax,Cash Tax / R67,Delta,57,Y29H2,0.0,-2924.1,-2924.1,0.0000,N/A (not in Excel fixture),result.periods[i].r67_excel_style_cash_tax_diagnostic_keur,unmapped,R67 not in Excel fixture; see test_r67_yrs13to30_residual fixture
CIT / Tax,Cash Tax / R67,Excel,58,Y30H1,0.0,0.0,0.0,0.0000,N/A (not in Excel fixture),result.periods[i].r67_excel_style_cash_tax_diagnostic_keur,unmapped,R67 not in Excel fixture; see test_r67_yrs13to30_residual fixture
CIT / Tax,Cash Tax / R67,Python,58,Y30H1,0.0,0.0,0.0,0.0000,N/A (not in Excel fixture),result.periods[i].r67_excel_style_cash_tax_diagnostic_keur,unmapped,R67 not in Excel fixture; see test_r67_yrs13to30_residual fixture
CIT / Tax,Cash Tax / R67,Delta,58,Y30H1,0.0,0.0,0.0,0.0000,N/A (not in Excel fixture),result.periods[i].r67_excel_style_cash_tax_diagnostic_keur,unmapped,R67 not in Excel fixture; see test_r67_yrs13to30_residual fixture
CIT / Tax,Cash Tax / R67,Excel,59,Y30H2,0.0,-2931.5,-2931.5,0.0000,N/A (not in Excel fixture),result.periods[i].r67_excel_style_cash_tax_diagnostic_keur,unmapped,R67 not in Excel fixture; see test_r67_yrs13to30_residual fixture
CIT / Tax,Cash Tax / R67,Python,59,Y30H2,0.0,-2931.5,-2931.5,0.0000,N/A (not in Excel fixture),result.periods[i].r67_excel_style_cash_tax_diagnostic_keur,unmapped,R67 not in Excel fixture; see test_r67_yrs13to30_residual fixture
CIT / Tax,Cash Tax / R67,Delta,59,Y30H2,0.0,-2931.5,-2931.5,0.0000,N/A (not in Excel fixture),result.periods[i].r67_excel_style_cash_tax_diagnostic_keur,unmapped,R67 not in Excel fixture; see test_r67_yrs13to30_residual fixture
CIT / Tax,R99 FCF for Distribution [AUDIT ONLY],Excel,0,Y01H1,0.0,1081.1,1081.1,0.0000,N/A,result.periods[i].r99_fcf_for_distribution_keur,unmapped,R99 is audit-only / BLOCKED; not a runtime driver
CIT / Tax,R99 FCF for Distribution [AUDIT ONLY],Python,0,Y01H1,0.0,1081.1,1081.1,0.0000,N/A,result.periods[i].r99_fcf_for_distribution_keur,unmapped,R99 is audit-only / BLOCKED; not a runtime driver
CIT / Tax,R99 FCF for Distribution [AUDIT ONLY],Delta,0,Y01H1,0.0,1081.1,1081.1,0.0000,N/A,result.periods[i].r99_fcf_for_distribution_keur,unmapped,R99 is audit-only / BLOCKED; not a runtime driver
CIT / Tax,R99 FCF for Distribution [AUDIT ONLY],Excel,1,Y01H2,0.0,1099.0,1099.0,0.0000,N/A,result.periods[i].r99_fcf_for_distribution_keur,unmapped,R99 is audit-only / BLOCKED; not a runtime driver
CIT / Tax,R99 FCF for Distribution [AUDIT ONLY],Python,1,Y01H2,0.0,1099.0,1099.0,0.0000,N/A,result.periods[i].r99_fcf_for_distribution_keur,unmapped,R99 is audit-only / BLOCKED; not a runtime driver
CIT / Tax,R99 FCF for Distribution [AUDIT ONLY],Delta,1,Y01H2,0.0,1099.0,1099.0,0.0000,N/A,result.periods[i].r99_fcf_for_distribution_keur,unmapped,R99 is audit-only / BLOCKED; not a runtime driver
CIT / Tax,R99 FCF for Distribution [AUDIT ONLY],Excel,2,Y02H1,0.0,1093.5,1093.5,0.0000,N/A,result.periods[i].r99_fcf_for_distribution_keur,unmapped,R99 is audit-only / BLOCKED; not a runtime driver
CIT / Tax,R99 FCF for Distribution [AUDIT ONLY],Python,2,Y02H1,0.0,1093.5,1093.5,0.0000,N/A,result.periods[i].r99_fcf_for_distribution_keur,unmapped,R99 is audit-only / BLOCKED; not a runtime driver
CIT / Tax,R99 FCF for Distribution [AUDIT ONLY],Delta,2,Y02H1,0.0,1093.5,1093.5,0.0000,N/A,result.periods[i].r99_fcf_for_distribution_keur,unmapped,R99 is audit-only / BLOCKED; not a runtime driver
CIT / Tax,R99 FCF for Distribution [AUDIT ONLY],Excel,3,Y02H2,0.0,1111.6,1111.6,0.0000,N/A,result.periods[i].r99_fcf_for_distribution_keur,unmapped,R99 is audit-only / BLOCKED; not a runtime driver
CIT / Tax,R99 FCF for Distribution [AUDIT ONLY],Python,3,Y02H2,0.0,1111.6,1111.6,0.0000,N/A,result.periods[i].r99_fcf_for_distribution_keur,unmapped,R99 is audit-only / BLOCKED; not a runtime driver
CIT / Tax,R99 FCF for Distribution [AUDIT ONLY],Delta,3,Y02H2,0.0,1111.6,1111.6,0.0000,N/A,result.periods[i].r99_fcf_for_distribution_keur,unmapped,R99 is audit-only / BLOCKED; not a runtime driver
CIT / Tax,R99 FCF for Distribution [AUDIT ONLY],Excel,4,Y03H1,0.0,1109.3,1109.3,0.0000,N/A,result.periods[i].r99_fcf_for_distribution_keur,unmapped,R99 is audit-only / BLOCKED; not a runtime driver
CIT / Tax,R99 FCF for Distribution [AUDIT ONLY],Python,4,Y03H1,0.0,1109.3,1109.3,0.0000,N/A,result.periods[i].r99_fcf_for_distribution_keur,unmapped,R99 is audit-only / BLOCKED; not a runtime driver
CIT / Tax,R99 FCF for Distribution [AUDIT ONLY],Delta,4,Y03H1,0.0,1109.3,1109.3,0.0000,N/A,result.periods[i].r99_fcf_for_distribution_keur,unmapped,R99 is audit-only / BLOCKED; not a runtime driver
CIT / Tax,R99 FCF for Distribution [AUDIT ONLY],Excel,5,Y03H2,0.0,1121.5,1121.5,0.0000,N/A,result.periods[i].r99_fcf_for_distribution_keur,unmapped,R99 is audit-only / BLOCKED; not a runtime driver
CIT / Tax,R99 FCF for Distribution [AUDIT ONLY],Python,5,Y03H2,0.0,1121.5,1121.5,0.0000,N/A,result.periods[i].r99_fcf_for_distribution_keur,unmapped,R99 is audit-only / BLOCKED; not a runtime driver
CIT / Tax,R99 FCF for Distribution [AUDIT ONLY],Delta,5,Y03H2,0.0,1121.5,1121.5,0.0000,N/A,result.periods[i].r99_fcf_for_distribution_keur,unmapped,R99 is audit-only / BLOCKED; not a runtime driver
CIT / Tax,R99 FCF for Distribution [AUDIT ONLY],Excel,6,Y04H1,0.0,1119.5,1119.5,0.0000,N/A,result.periods[i].r99_fcf_for_distribution_keur,unmapped,R99 is audit-only / BLOCKED; not a runtime driver
CIT / Tax,R99 FCF for Distribution [AUDIT ONLY],Python,6,Y04H1,0.0,1119.5,1119.5,0.0000,N/A,result.periods[i].r99_fcf_for_distribution_keur,unmapped,R99 is audit-only / BLOCKED; not a runtime driver
CIT / Tax,R99 FCF for Distribution [AUDIT ONLY],Delta,6,Y04H1,0.0,1119.5,1119.5,0.0000,N/A,result.periods[i].r99_fcf_for_distribution_keur,unmapped,R99 is audit-only / BLOCKED; not a runtime driver
CIT / Tax,R99 FCF for Distribution [AUDIT ONLY],Excel,7,Y04H2,0.0,1138.0,1138.0,0.0000,N/A,result.periods[i].r99_fcf_for_distribution_keur,unmapped,R99 is audit-only / BLOCKED; not a runtime driver
CIT / Tax,R99 FCF for Distribution [AUDIT ONLY],Python,7,Y04H2,0.0,1138.0,1138.0,0.0000,N/A,result.periods[i].r99_fcf_for_distribution_keur,unmapped,R99 is audit-only / BLOCKED; not a runtime driver
CIT / Tax,R99 FCF for Distribution [AUDIT ONLY],Delta,7,Y04H2,0.0,1138.0,1138.0,0.0000,N/A,result.periods[i].r99_fcf_for_distribution_keur,unmapped,R99 is audit-only / BLOCKED; not a runtime driver
CIT / Tax,R99 FCF for Distribution [AUDIT ONLY],Excel,8,Y05H1,0.0,1130.3,1130.3,0.0000,N/A,result.periods[i].r99_fcf_for_distribution_keur,unmapped,R99 is audit-only / BLOCKED; not a runtime driver
CIT / Tax,R99 FCF for Distribution [AUDIT ONLY],Python,8,Y05H1,0.0,1130.3,1130.3,0.0000,N/A,result.periods[i].r99_fcf_for_distribution_keur,unmapped,R99 is audit-only / BLOCKED; not a runtime driver
CIT / Tax,R99 FCF for Distribution [AUDIT ONLY],Delta,8,Y05H1,0.0,1130.3,1130.3,0.0000,N/A,result.periods[i].r99_fcf_for_distribution_keur,unmapped,R99 is audit-only / BLOCKED; not a runtime driver
CIT / Tax,R99 FCF for Distribution [AUDIT ONLY],Excel,9,Y05H2,0.0,1149.1,1149.1,0.0000,N/A,result.periods[i].r99_fcf_for_distribution_keur,unmapped,R99 is audit-only / BLOCKED; not a runtime driver
CIT / Tax,R99 FCF for Distribution [AUDIT ONLY],Python,9,Y05H2,0.0,1149.1,1149.1,0.0000,N/A,result.periods[i].r99_fcf_for_distribution_keur,unmapped,R99 is audit-only / BLOCKED; not a runtime driver
CIT / Tax,R99 FCF for Distribution [AUDIT ONLY],Delta,9,Y05H2,0.0,1149.1,1149.1,0.0000,N/A,result.periods[i].r99_fcf_for_distribution_keur,unmapped,R99 is audit-only / BLOCKED; not a runtime driver
CIT / Tax,R99 FCF for Distribution [AUDIT ONLY],Excel,10,Y06H1,0.0,1152.2,1152.2,0.0000,N/A,result.periods[i].r99_fcf_for_distribution_keur,unmapped,R99 is audit-only / BLOCKED; not a runtime driver
CIT / Tax,R99 FCF for Distribution [AUDIT ONLY],Python,10,Y06H1,0.0,1152.2,1152.2,0.0000,N/A,result.periods[i].r99_fcf_for_distribution_keur,unmapped,R99 is audit-only / BLOCKED; not a runtime driver
CIT / Tax,R99 FCF for Distribution [AUDIT ONLY],Delta,10,Y06H1,0.0,1152.2,1152.2,0.0000,N/A,result.periods[i].r99_fcf_for_distribution_keur,unmapped,R99 is audit-only / BLOCKED; not a runtime driver
CIT / Tax,R99 FCF for Distribution [AUDIT ONLY],Excel,11,Y06H2,0.0,1171.3,1171.3,0.0000,N/A,result.periods[i].r99_fcf_for_distribution_keur,unmapped,R99 is audit-only / BLOCKED; not a runtime driver
CIT / Tax,R99 FCF for Distribution [AUDIT ONLY],Python,11,Y06H2,0.0,1171.3,1171.3,0.0000,N/A,result.periods[i].r99_fcf_for_distribution_keur,unmapped,R99 is audit-only / BLOCKED; not a runtime driver
CIT / Tax,R99 FCF for Distribution [AUDIT ONLY],Delta,11,Y06H2,0.0,1171.3,1171.3,0.0000,N/A,result.periods[i].r99_fcf_for_distribution_keur,unmapped,R99 is audit-only / BLOCKED; not a runtime driver
CIT / Tax,R99 FCF for Distribution [AUDIT ONLY],Excel,12,Y07H1,0.0,1176.5,1176.5,0.0000,N/A,result.periods[i].r99_fcf_for_distribution_keur,unmapped,R99 is audit-only / BLOCKED; not a runtime driver
CIT / Tax,R99 FCF for Distribution [AUDIT ONLY],Python,12,Y07H1,0.0,1176.5,1176.5,0.0000,N/A,result.periods[i].r99_fcf_for_distribution_keur,unmapped,R99 is audit-only / BLOCKED; not a runtime driver
CIT / Tax,R99 FCF for Distribution [AUDIT ONLY],Delta,12,Y07H1,0.0,1176.5,1176.5,0.0000,N/A,result.periods[i].r99_fcf_for_distribution_keur,unmapped,R99 is audit-only / BLOCKED; not a runtime driver
CIT / Tax,R99 FCF for Distribution [AUDIT ONLY],Excel,13,Y07H2,0.0,1189.5,1189.5,0.0000,N/A,result.periods[i].r99_fcf_for_distribution_keur,unmapped,R99 is audit-only / BLOCKED; not a runtime driver
CIT / Tax,R99 FCF for Distribution [AUDIT ONLY],Python,13,Y07H2,0.0,1189.5,1189.5,0.0000,N/A,result.periods[i].r99_fcf_for_distribution_keur,unmapped,R99 is audit-only / BLOCKED; not a runtime driver
CIT / Tax,R99 FCF for Distribution [AUDIT ONLY],Delta,13,Y07H2,0.0,1189.5,1189.5,0.0000,N/A,result.periods[i].r99_fcf_for_distribution_keur,unmapped,R99 is audit-only / BLOCKED; not a runtime driver
CIT / Tax,R99 FCF for Distribution [AUDIT ONLY],Excel,14,Y08H1,0.0,1196.0,1196.0,0.0000,N/A,result.periods[i].r99_fcf_for_distribution_keur,unmapped,R99 is audit-only / BLOCKED; not a runtime driver
CIT / Tax,R99 FCF for Distribution [AUDIT ONLY],Python,14,Y08H1,0.0,1196.0,1196.0,0.0000,N/A,result.periods[i].r99_fcf_for_distribution_keur,unmapped,R99 is audit-only / BLOCKED; not a runtime driver
CIT / Tax,R99 FCF for Distribution [AUDIT ONLY],Delta,14,Y08H1,0.0,1196.0,1196.0,0.0000,N/A,result.periods[i].r99_fcf_for_distribution_keur,unmapped,R99 is audit-only / BLOCKED; not a runtime driver
CIT / Tax,R99 FCF for Distribution [AUDIT ONLY],Excel,15,Y08H2,0.0,1215.8,1215.8,0.0000,N/A,result.periods[i].r99_fcf_for_distribution_keur,unmapped,R99 is audit-only / BLOCKED; not a runtime driver
CIT / Tax,R99 FCF for Distribution [AUDIT ONLY],Python,15,Y08H2,0.0,1215.8,1215.8,0.0000,N/A,result.periods[i].r99_fcf_for_distribution_keur,unmapped,R99 is audit-only / BLOCKED; not a runtime driver
CIT / Tax,R99 FCF for Distribution [AUDIT ONLY],Delta,15,Y08H2,0.0,1215.8,1215.8,0.0000,N/A,result.periods[i].r99_fcf_for_distribution_keur,unmapped,R99 is audit-only / BLOCKED; not a runtime driver
CIT / Tax,R99 FCF for Distribution [AUDIT ONLY],Excel,16,Y09H1,0.0,1220.5,1220.5,0.0000,N/A,result.periods[i].r99_fcf_for_distribution_keur,unmapped,R99 is audit-only / BLOCKED; not a runtime driver
CIT / Tax,R99 FCF for Distribution [AUDIT ONLY],Python,16,Y09H1,0.0,1220.5,1220.5,0.0000,N/A,result.periods[i].r99_fcf_for_distribution_keur,unmapped,R99 is audit-only / BLOCKED; not a runtime driver
CIT / Tax,R99 FCF for Distribution [AUDIT ONLY],Delta,16,Y09H1,0.0,1220.5,1220.5,0.0000,N/A,result.periods[i].r99_fcf_for_distribution_keur,unmapped,R99 is audit-only / BLOCKED; not a runtime driver
CIT / Tax,R99 FCF for Distribution [AUDIT ONLY],Excel,17,Y09H2,0.0,1240.7,1240.7,0.0000,N/A,result.periods[i].r99_fcf_for_distribution_keur,unmapped,R99 is audit-only / BLOCKED; not a runtime driver
CIT / Tax,R99 FCF for Distribution [AUDIT ONLY],Python,17,Y09H2,0.0,1240.7,1240.7,0.0000,N/A,result.periods[i].r99_fcf_for_distribution_keur,unmapped,R99 is audit-only / BLOCKED; not a runtime driver
CIT / Tax,R99 FCF for Distribution [AUDIT ONLY],Delta,17,Y09H2,0.0,1240.7,1240.7,0.0000,N/A,result.periods[i].r99_fcf_for_distribution_keur,unmapped,R99 is audit-only / BLOCKED; not a runtime driver
CIT / Tax,R99 FCF for Distribution [AUDIT ONLY],Excel,18,Y10H1,0.0,1244.1,1244.1,0.0000,N/A,result.periods[i].r99_fcf_for_distribution_keur,unmapped,R99 is audit-only / BLOCKED; not a runtime driver
CIT / Tax,R99 FCF for Distribution [AUDIT ONLY],Python,18,Y10H1,0.0,1244.1,1244.1,0.0000,N/A,result.periods[i].r99_fcf_for_distribution_keur,unmapped,R99 is audit-only / BLOCKED; not a runtime driver
CIT / Tax,R99 FCF for Distribution [AUDIT ONLY],Delta,18,Y10H1,0.0,1244.1,1244.1,0.0000,N/A,result.periods[i].r99_fcf_for_distribution_keur,unmapped,R99 is audit-only / BLOCKED; not a runtime driver
CIT / Tax,R99 FCF for Distribution [AUDIT ONLY],Excel,19,Y10H2,0.0,1264.7,1264.7,0.0000,N/A,result.periods[i].r99_fcf_for_distribution_keur,unmapped,R99 is audit-only / BLOCKED; not a runtime driver
CIT / Tax,R99 FCF for Distribution [AUDIT ONLY],Python,19,Y10H2,0.0,1264.7,1264.7,0.0000,N/A,result.periods[i].r99_fcf_for_distribution_keur,unmapped,R99 is audit-only / BLOCKED; not a runtime driver
CIT / Tax,R99 FCF for Distribution [AUDIT ONLY],Delta,19,Y10H2,0.0,1264.7,1264.7,0.0000,N/A,result.periods[i].r99_fcf_for_distribution_keur,unmapped,R99 is audit-only / BLOCKED; not a runtime driver
CIT / Tax,R99 FCF for Distribution [AUDIT ONLY],Excel,20,Y11H1,0.0,1270.4,1270.4,0.0000,N/A,result.periods[i].r99_fcf_for_distribution_keur,unmapped,R99 is audit-only / BLOCKED; not a runtime driver
CIT / Tax,R99 FCF for Distribution [AUDIT ONLY],Python,20,Y11H1,0.0,1270.4,1270.4,0.0000,N/A,result.periods[i].r99_fcf_for_distribution_keur,unmapped,R99 is audit-only / BLOCKED; not a runtime driver
CIT / Tax,R99 FCF for Distribution [AUDIT ONLY],Delta,20,Y11H1,0.0,1270.4,1270.4,0.0000,N/A,result.periods[i].r99_fcf_for_distribution_keur,unmapped,R99 is audit-only / BLOCKED; not a runtime driver
CIT / Tax,R99 FCF for Distribution [AUDIT ONLY],Excel,21,Y11H2,0.0,1284.4,1284.4,0.0000,N/A,result.periods[i].r99_fcf_for_distribution_keur,unmapped,R99 is audit-only / BLOCKED; not a runtime driver
CIT / Tax,R99 FCF for Distribution [AUDIT ONLY],Python,21,Y11H2,0.0,1284.4,1284.4,0.0000,N/A,result.periods[i].r99_fcf_for_distribution_keur,unmapped,R99 is audit-only / BLOCKED; not a runtime driver
CIT / Tax,R99 FCF for Distribution [AUDIT ONLY],Delta,21,Y11H2,0.0,1284.4,1284.4,0.0000,N/A,result.periods[i].r99_fcf_for_distribution_keur,unmapped,R99 is audit-only / BLOCKED; not a runtime driver
CIT / Tax,R99 FCF for Distribution [AUDIT ONLY],Excel,22,Y12H1,0.0,1291.5,1291.5,0.0000,N/A,result.periods[i].r99_fcf_for_distribution_keur,unmapped,R99 is audit-only / BLOCKED; not a runtime driver
CIT / Tax,R99 FCF for Distribution [AUDIT ONLY],Python,22,Y12H1,0.0,1291.5,1291.5,0.0000,N/A,result.periods[i].r99_fcf_for_distribution_keur,unmapped,R99 is audit-only / BLOCKED; not a runtime driver
CIT / Tax,R99 FCF for Distribution [AUDIT ONLY],Delta,22,Y12H1,0.0,1291.5,1291.5,0.0000,N/A,result.periods[i].r99_fcf_for_distribution_keur,unmapped,R99 is audit-only / BLOCKED; not a runtime driver
CIT / Tax,R99 FCF for Distribution [AUDIT ONLY],Excel,23,Y12H2,0.0,1312.9,1312.9,0.0000,N/A,result.periods[i].r99_fcf_for_distribution_keur,unmapped,R99 is audit-only / BLOCKED; not a runtime driver
CIT / Tax,R99 FCF for Distribution [AUDIT ONLY],Python,23,Y12H2,0.0,1312.9,1312.9,0.0000,N/A,result.periods[i].r99_fcf_for_distribution_keur,unmapped,R99 is audit-only / BLOCKED; not a runtime driver
CIT / Tax,R99 FCF for Distribution [AUDIT ONLY],Delta,23,Y12H2,0.0,1312.9,1312.9,0.0000,N/A,result.periods[i].r99_fcf_for_distribution_keur,unmapped,R99 is audit-only / BLOCKED; not a runtime driver
CIT / Tax,R99 FCF for Distribution [AUDIT ONLY],Excel,24,Y13H1,0.0,2760.6,2760.6,0.0000,N/A,result.periods[i].r99_fcf_for_distribution_keur,unmapped,R99 is audit-only / BLOCKED; not a runtime driver
CIT / Tax,R99 FCF for Distribution [AUDIT ONLY],Python,24,Y13H1,0.0,2760.6,2760.6,0.0000,N/A,result.periods[i].r99_fcf_for_distribution_keur,unmapped,R99 is audit-only / BLOCKED; not a runtime driver
CIT / Tax,R99 FCF for Distribution [AUDIT ONLY],Delta,24,Y13H1,0.0,2760.6,2760.6,0.0000,N/A,result.periods[i].r99_fcf_for_distribution_keur,unmapped,R99 is audit-only / BLOCKED; not a runtime driver
CIT / Tax,R99 FCF for Distribution [AUDIT ONLY],Excel,25,Y13H2,0.0,1325.8,1325.8,0.0000,N/A,result.periods[i].r99_fcf_for_distribution_keur,unmapped,R99 is audit-only / BLOCKED; not a runtime driver
CIT / Tax,R99 FCF for Distribution [AUDIT ONLY],Python,25,Y13H2,0.0,1325.8,1325.8,0.0000,N/A,result.periods[i].r99_fcf_for_distribution_keur,unmapped,R99 is audit-only / BLOCKED; not a runtime driver
CIT / Tax,R99 FCF for Distribution [AUDIT ONLY],Delta,25,Y13H2,0.0,1325.8,1325.8,0.0000,N/A,result.periods[i].r99_fcf_for_distribution_keur,unmapped,R99 is audit-only / BLOCKED; not a runtime driver
CIT / Tax,R99 FCF for Distribution [AUDIT ONLY],Excel,26,Y14H1,0.0,2749.5,2749.5,0.0000,N/A,result.periods[i].r99_fcf_for_distribution_keur,unmapped,R99 is audit-only / BLOCKED; not a runtime driver
CIT / Tax,R99 FCF for Distribution [AUDIT ONLY],Python,26,Y14H1,0.0,2749.5,2749.5,0.0000,N/A,result.periods[i].r99_fcf_for_distribution_keur,unmapped,R99 is audit-only / BLOCKED; not a runtime driver
CIT / Tax,R99 FCF for Distribution [AUDIT ONLY],Delta,26,Y14H1,0.0,2749.5,2749.5,0.0000,N/A,result.periods[i].r99_fcf_for_distribution_keur,unmapped,R99 is audit-only / BLOCKED; not a runtime driver
CIT / Tax,R99 FCF for Distribution [AUDIT ONLY],Excel,27,Y14H2,0.0,1215.0,1215.0,0.0000,N/A,result.periods[i].r99_fcf_for_distribution_keur,unmapped,R99 is audit-only / BLOCKED; not a runtime driver
CIT / Tax,R99 FCF for Distribution [AUDIT ONLY],Python,27,Y14H2,0.0,1215.0,1215.0,0.0000,N/A,result.periods[i].r99_fcf_for_distribution_keur,unmapped,R99 is audit-only / BLOCKED; not a runtime driver
CIT / Tax,R99 FCF for Distribution [AUDIT ONLY],Delta,27,Y14H2,0.0,1215.0,1215.0,0.0000,N/A,result.periods[i].r99_fcf_for_distribution_keur,unmapped,R99 is audit-only / BLOCKED; not a runtime driver
CIT / Tax,R99 FCF for Distribution [AUDIT ONLY],Excel,28,Y15H1,0.0,6187.8,6187.8,0.0000,N/A,result.periods[i].r99_fcf_for_distribution_keur,unmapped,R99 is audit-only / BLOCKED; not a runtime driver
CIT / Tax,R99 FCF for Distribution [AUDIT ONLY],Python,28,Y15H1,0.0,6187.8,6187.8,0.0000,N/A,result.periods[i].r99_fcf_for_distribution_keur,unmapped,R99 is audit-only / BLOCKED; not a runtime driver
CIT / Tax,R99 FCF for Distribution [AUDIT ONLY],Delta,28,Y15H1,0.0,6187.8,6187.8,0.0000,N/A,result.periods[i].r99_fcf_for_distribution_keur,unmapped,R99 is audit-only / BLOCKED; not a runtime driver
CIT / Tax,R99 FCF for Distribution [AUDIT ONLY],Excel,29,Y15H2,0.0,4549.0,4549.0,0.0000,N/A,result.periods[i].r99_fcf_for_distribution_keur,unmapped,R99 is audit-only / BLOCKED; not a runtime driver
CIT / Tax,R99 FCF for Distribution [AUDIT ONLY],Python,29,Y15H2,0.0,4549.0,4549.0,0.0000,N/A,result.periods[i].r99_fcf_for_distribution_keur,unmapped,R99 is audit-only / BLOCKED; not a runtime driver
CIT / Tax,R99 FCF for Distribution [AUDIT ONLY],Delta,29,Y15H2,0.0,4549.0,4549.0,0.0000,N/A,result.periods[i].r99_fcf_for_distribution_keur,unmapped,R99 is audit-only / BLOCKED; not a runtime driver
CIT / Tax,R99 FCF for Distribution [AUDIT ONLY],Excel,30,Y16H1,0.0,6221.8,6221.8,0.0000,N/A,result.periods[i].r99_fcf_for_distribution_keur,unmapped,R99 is audit-only / BLOCKED; not a runtime driver
CIT / Tax,R99 FCF for Distribution [AUDIT ONLY],Python,30,Y16H1,0.0,6221.8,6221.8,0.0000,N/A,result.periods[i].r99_fcf_for_distribution_keur,unmapped,R99 is audit-only / BLOCKED; not a runtime driver
CIT / Tax,R99 FCF for Distribution [AUDIT ONLY],Delta,30,Y16H1,0.0,6221.8,6221.8,0.0000,N/A,result.periods[i].r99_fcf_for_distribution_keur,unmapped,R99 is audit-only / BLOCKED; not a runtime driver
CIT / Tax,R99 FCF for Distribution [AUDIT ONLY],Excel,31,Y16H2,0.0,4473.2,4473.2,0.0000,N/A,result.periods[i].r99_fcf_for_distribution_keur,unmapped,R99 is audit-only / BLOCKED; not a runtime driver
CIT / Tax,R99 FCF for Distribution [AUDIT ONLY],Python,31,Y16H2,0.0,4473.2,4473.2,0.0000,N/A,result.periods[i].r99_fcf_for_distribution_keur,unmapped,R99 is audit-only / BLOCKED; not a runtime driver
CIT / Tax,R99 FCF for Distribution [AUDIT ONLY],Delta,31,Y16H2,0.0,4473.2,4473.2,0.0000,N/A,result.periods[i].r99_fcf_for_distribution_keur,unmapped,R99 is audit-only / BLOCKED; not a runtime driver
CIT / Tax,R99 FCF for Distribution [AUDIT ONLY],Excel,32,Y17H1,0.0,6419.5,6419.5,0.0000,N/A,result.periods[i].r99_fcf_for_distribution_keur,unmapped,R99 is audit-only / BLOCKED; not a runtime driver
CIT / Tax,R99 FCF for Distribution [AUDIT ONLY],Python,32,Y17H1,0.0,6419.5,6419.5,0.0000,N/A,result.periods[i].r99_fcf_for_distribution_keur,unmapped,R99 is audit-only / BLOCKED; not a runtime driver
CIT / Tax,R99 FCF for Distribution [AUDIT ONLY],Delta,32,Y17H1,0.0,6419.5,6419.5,0.0000,N/A,result.periods[i].r99_fcf_for_distribution_keur,unmapped,R99 is audit-only / BLOCKED; not a runtime driver
CIT / Tax,R99 FCF for Distribution [AUDIT ONLY],Excel,33,Y17H2,0.0,4466.9,4466.9,0.0000,N/A,result.periods[i].r99_fcf_for_distribution_keur,unmapped,R99 is audit-only / BLOCKED; not a runtime driver
CIT / Tax,R99 FCF for Distribution [AUDIT ONLY],Python,33,Y17H2,0.0,4466.9,4466.9,0.0000,N/A,result.periods[i].r99_fcf_for_distribution_keur,unmapped,R99 is audit-only / BLOCKED; not a runtime driver
CIT / Tax,R99 FCF for Distribution [AUDIT ONLY],Delta,33,Y17H2,0.0,4466.9,4466.9,0.0000,N/A,result.periods[i].r99_fcf_for_distribution_keur,unmapped,R99 is audit-only / BLOCKED; not a runtime driver
CIT / Tax,R99 FCF for Distribution [AUDIT ONLY],Excel,34,Y18H1,0.0,6570.3,6570.3,0.0000,N/A,result.periods[i].r99_fcf_for_distribution_keur,unmapped,R99 is audit-only / BLOCKED; not a runtime driver
CIT / Tax,R99 FCF for Distribution [AUDIT ONLY],Python,34,Y18H1,0.0,6570.3,6570.3,0.0000,N/A,result.periods[i].r99_fcf_for_distribution_keur,unmapped,R99 is audit-only / BLOCKED; not a runtime driver
CIT / Tax,R99 FCF for Distribution [AUDIT ONLY],Delta,34,Y18H1,0.0,6570.3,6570.3,0.0000,N/A,result.periods[i].r99_fcf_for_distribution_keur,unmapped,R99 is audit-only / BLOCKED; not a runtime driver
CIT / Tax,R99 FCF for Distribution [AUDIT ONLY],Excel,35,Y18H2,0.0,4416.2,4416.2,0.0000,N/A,result.periods[i].r99_fcf_for_distribution_keur,unmapped,R99 is audit-only / BLOCKED; not a runtime driver
CIT / Tax,R99 FCF for Distribution [AUDIT ONLY],Python,35,Y18H2,0.0,4416.2,4416.2,0.0000,N/A,result.periods[i].r99_fcf_for_distribution_keur,unmapped,R99 is audit-only / BLOCKED; not a runtime driver
CIT / Tax,R99 FCF for Distribution [AUDIT ONLY],Delta,35,Y18H2,0.0,4416.2,4416.2,0.0000,N/A,result.periods[i].r99_fcf_for_distribution_keur,unmapped,R99 is audit-only / BLOCKED; not a runtime driver
CIT / Tax,R99 FCF for Distribution [AUDIT ONLY],Excel,36,Y19H1,0.0,6735.9,6735.9,0.0000,N/A,result.periods[i].r99_fcf_for_distribution_keur,unmapped,R99 is audit-only / BLOCKED; not a runtime driver
CIT / Tax,R99 FCF for Distribution [AUDIT ONLY],Python,36,Y19H1,0.0,6735.9,6735.9,0.0000,N/A,result.periods[i].r99_fcf_for_distribution_keur,unmapped,R99 is audit-only / BLOCKED; not a runtime driver
CIT / Tax,R99 FCF for Distribution [AUDIT ONLY],Delta,36,Y19H1,0.0,6735.9,6735.9,0.0000,N/A,result.periods[i].r99_fcf_for_distribution_keur,unmapped,R99 is audit-only / BLOCKED; not a runtime driver
CIT / Tax,R99 FCF for Distribution [AUDIT ONLY],Excel,37,Y19H2,0.0,4385.5,4385.5,0.0000,N/A,result.periods[i].r99_fcf_for_distribution_keur,unmapped,R99 is audit-only / BLOCKED; not a runtime driver
CIT / Tax,R99 FCF for Distribution [AUDIT ONLY],Python,37,Y19H2,0.0,4385.5,4385.5,0.0000,N/A,result.periods[i].r99_fcf_for_distribution_keur,unmapped,R99 is audit-only / BLOCKED; not a runtime driver
CIT / Tax,R99 FCF for Distribution [AUDIT ONLY],Delta,37,Y19H2,0.0,4385.5,4385.5,0.0000,N/A,result.periods[i].r99_fcf_for_distribution_keur,unmapped,R99 is audit-only / BLOCKED; not a runtime driver
CIT / Tax,R99 FCF for Distribution [AUDIT ONLY],Excel,38,Y20H1,0.0,6868.6,6868.6,0.0000,N/A,result.periods[i].r99_fcf_for_distribution_keur,unmapped,R99 is audit-only / BLOCKED; not a runtime driver
CIT / Tax,R99 FCF for Distribution [AUDIT ONLY],Python,38,Y20H1,0.0,6868.6,6868.6,0.0000,N/A,result.periods[i].r99_fcf_for_distribution_keur,unmapped,R99 is audit-only / BLOCKED; not a runtime driver
CIT / Tax,R99 FCF for Distribution [AUDIT ONLY],Delta,38,Y20H1,0.0,6868.6,6868.6,0.0000,N/A,result.periods[i].r99_fcf_for_distribution_keur,unmapped,R99 is audit-only / BLOCKED; not a runtime driver
CIT / Tax,R99 FCF for Distribution [AUDIT ONLY],Excel,39,Y20H2,0.0,4503.1,4503.1,0.0000,N/A,result.periods[i].r99_fcf_for_distribution_keur,unmapped,R99 is audit-only / BLOCKED; not a runtime driver
CIT / Tax,R99 FCF for Distribution [AUDIT ONLY],Python,39,Y20H2,0.0,4503.1,4503.1,0.0000,N/A,result.periods[i].r99_fcf_for_distribution_keur,unmapped,R99 is audit-only / BLOCKED; not a runtime driver
CIT / Tax,R99 FCF for Distribution [AUDIT ONLY],Delta,39,Y20H2,0.0,4503.1,4503.1,0.0000,N/A,result.periods[i].r99_fcf_for_distribution_keur,unmapped,R99 is audit-only / BLOCKED; not a runtime driver
CIT / Tax,R99 FCF for Distribution [AUDIT ONLY],Excel,40,Y21H1,0.0,7018.6,7018.6,0.0000,N/A,result.periods[i].r99_fcf_for_distribution_keur,unmapped,R99 is audit-only / BLOCKED; not a runtime driver
CIT / Tax,R99 FCF for Distribution [AUDIT ONLY],Python,40,Y21H1,0.0,7018.6,7018.6,0.0000,N/A,result.periods[i].r99_fcf_for_distribution_keur,unmapped,R99 is audit-only / BLOCKED; not a runtime driver
CIT / Tax,R99 FCF for Distribution [AUDIT ONLY],Delta,40,Y21H1,0.0,7018.6,7018.6,0.0000,N/A,result.periods[i].r99_fcf_for_distribution_keur,unmapped,R99 is audit-only / BLOCKED; not a runtime driver
CIT / Tax,R99 FCF for Distribution [AUDIT ONLY],Excel,41,Y21H2,0.0,4601.1,4601.1,0.0000,N/A,result.periods[i].r99_fcf_for_distribution_keur,unmapped,R99 is audit-only / BLOCKED; not a runtime driver
CIT / Tax,R99 FCF for Distribution [AUDIT ONLY],Python,41,Y21H2,0.0,4601.1,4601.1,0.0000,N/A,result.periods[i].r99_fcf_for_distribution_keur,unmapped,R99 is audit-only / BLOCKED; not a runtime driver
CIT / Tax,R99 FCF for Distribution [AUDIT ONLY],Delta,41,Y21H2,0.0,4601.1,4601.1,0.0000,N/A,result.periods[i].r99_fcf_for_distribution_keur,unmapped,R99 is audit-only / BLOCKED; not a runtime driver
CIT / Tax,R99 FCF for Distribution [AUDIT ONLY],Excel,42,Y22H1,0.0,7168.2,7168.2,0.0000,N/A,result.periods[i].r99_fcf_for_distribution_keur,unmapped,R99 is audit-only / BLOCKED; not a runtime driver
CIT / Tax,R99 FCF for Distribution [AUDIT ONLY],Python,42,Y22H1,0.0,7168.2,7168.2,0.0000,N/A,result.periods[i].r99_fcf_for_distribution_keur,unmapped,R99 is audit-only / BLOCKED; not a runtime driver
CIT / Tax,R99 FCF for Distribution [AUDIT ONLY],Delta,42,Y22H1,0.0,7168.2,7168.2,0.0000,N/A,result.periods[i].r99_fcf_for_distribution_keur,unmapped,R99 is audit-only / BLOCKED; not a runtime driver
CIT / Tax,R99 FCF for Distribution [AUDIT ONLY],Excel,43,Y22H2,0.0,4698.9,4698.9,0.0000,N/A,result.periods[i].r99_fcf_for_distribution_keur,unmapped,R99 is audit-only / BLOCKED; not a runtime driver
CIT / Tax,R99 FCF for Distribution [AUDIT ONLY],Python,43,Y22H2,0.0,4698.9,4698.9,0.0000,N/A,result.periods[i].r99_fcf_for_distribution_keur,unmapped,R99 is audit-only / BLOCKED; not a runtime driver
CIT / Tax,R99 FCF for Distribution [AUDIT ONLY],Delta,43,Y22H2,0.0,4698.9,4698.9,0.0000,N/A,result.periods[i].r99_fcf_for_distribution_keur,unmapped,R99 is audit-only / BLOCKED; not a runtime driver
CIT / Tax,R99 FCF for Distribution [AUDIT ONLY],Excel,44,Y23H1,0.0,7375.6,7375.6,0.0000,N/A,result.periods[i].r99_fcf_for_distribution_keur,unmapped,R99 is audit-only / BLOCKED; not a runtime driver
CIT / Tax,R99 FCF for Distribution [AUDIT ONLY],Python,44,Y23H1,0.0,7375.6,7375.6,0.0000,N/A,result.periods[i].r99_fcf_for_distribution_keur,unmapped,R99 is audit-only / BLOCKED; not a runtime driver
CIT / Tax,R99 FCF for Distribution [AUDIT ONLY],Delta,44,Y23H1,0.0,7375.6,7375.6,0.0000,N/A,result.periods[i].r99_fcf_for_distribution_keur,unmapped,R99 is audit-only / BLOCKED; not a runtime driver
CIT / Tax,R99 FCF for Distribution [AUDIT ONLY],Excel,45,Y23H2,0.0,4800.7,4800.7,0.0000,N/A,result.periods[i].r99_fcf_for_distribution_keur,unmapped,R99 is audit-only / BLOCKED; not a runtime driver
CIT / Tax,R99 FCF for Distribution [AUDIT ONLY],Python,45,Y23H2,0.0,4800.7,4800.7,0.0000,N/A,result.periods[i].r99_fcf_for_distribution_keur,unmapped,R99 is audit-only / BLOCKED; not a runtime driver
CIT / Tax,R99 FCF for Distribution [AUDIT ONLY],Delta,45,Y23H2,0.0,4800.7,4800.7,0.0000,N/A,result.periods[i].r99_fcf_for_distribution_keur,unmapped,R99 is audit-only / BLOCKED; not a runtime driver
CIT / Tax,R99 FCF for Distribution [AUDIT ONLY],Excel,46,Y24H1,0.0,7485.2,7485.2,0.0000,N/A,result.periods[i].r99_fcf_for_distribution_keur,unmapped,R99 is audit-only / BLOCKED; not a runtime driver
CIT / Tax,R99 FCF for Distribution [AUDIT ONLY],Python,46,Y24H1,0.0,7485.2,7485.2,0.0000,N/A,result.periods[i].r99_fcf_for_distribution_keur,unmapped,R99 is audit-only / BLOCKED; not a runtime driver
CIT / Tax,R99 FCF for Distribution [AUDIT ONLY],Delta,46,Y24H1,0.0,7485.2,7485.2,0.0000,N/A,result.periods[i].r99_fcf_for_distribution_keur,unmapped,R99 is audit-only / BLOCKED; not a runtime driver
CIT / Tax,R99 FCF for Distribution [AUDIT ONLY],Excel,47,Y24H2,0.0,4906.1,4906.1,0.0000,N/A,result.periods[i].r99_fcf_for_distribution_keur,unmapped,R99 is audit-only / BLOCKED; not a runtime driver
CIT / Tax,R99 FCF for Distribution [AUDIT ONLY],Python,47,Y24H2,0.0,4906.1,4906.1,0.0000,N/A,result.periods[i].r99_fcf_for_distribution_keur,unmapped,R99 is audit-only / BLOCKED; not a runtime driver
CIT / Tax,R99 FCF for Distribution [AUDIT ONLY],Delta,47,Y24H2,0.0,4906.1,4906.1,0.0000,N/A,result.periods[i].r99_fcf_for_distribution_keur,unmapped,R99 is audit-only / BLOCKED; not a runtime driver
CIT / Tax,R99 FCF for Distribution [AUDIT ONLY],Excel,48,Y25H1,0.0,7616.4,7616.4,0.0000,N/A,result.periods[i].r99_fcf_for_distribution_keur,unmapped,R99 is audit-only / BLOCKED; not a runtime driver
CIT / Tax,R99 FCF for Distribution [AUDIT ONLY],Python,48,Y25H1,0.0,7616.4,7616.4,0.0000,N/A,result.periods[i].r99_fcf_for_distribution_keur,unmapped,R99 is audit-only / BLOCKED; not a runtime driver
CIT / Tax,R99 FCF for Distribution [AUDIT ONLY],Delta,48,Y25H1,0.0,7616.4,7616.4,0.0000,N/A,result.periods[i].r99_fcf_for_distribution_keur,unmapped,R99 is audit-only / BLOCKED; not a runtime driver
CIT / Tax,R99 FCF for Distribution [AUDIT ONLY],Excel,49,Y25H2,0.0,4991.9,4991.9,0.0000,N/A,result.periods[i].r99_fcf_for_distribution_keur,unmapped,R99 is audit-only / BLOCKED; not a runtime driver
CIT / Tax,R99 FCF for Distribution [AUDIT ONLY],Python,49,Y25H2,0.0,4991.9,4991.9,0.0000,N/A,result.periods[i].r99_fcf_for_distribution_keur,unmapped,R99 is audit-only / BLOCKED; not a runtime driver
CIT / Tax,R99 FCF for Distribution [AUDIT ONLY],Delta,49,Y25H2,0.0,4991.9,4991.9,0.0000,N/A,result.periods[i].r99_fcf_for_distribution_keur,unmapped,R99 is audit-only / BLOCKED; not a runtime driver
CIT / Tax,R99 FCF for Distribution [AUDIT ONLY],Excel,50,Y26H1,0.0,7804.7,7804.7,0.0000,N/A,result.periods[i].r99_fcf_for_distribution_keur,unmapped,R99 is audit-only / BLOCKED; not a runtime driver
CIT / Tax,R99 FCF for Distribution [AUDIT ONLY],Python,50,Y26H1,0.0,7804.7,7804.7,0.0000,N/A,result.periods[i].r99_fcf_for_distribution_keur,unmapped,R99 is audit-only / BLOCKED; not a runtime driver
CIT / Tax,R99 FCF for Distribution [AUDIT ONLY],Delta,50,Y26H1,0.0,7804.7,7804.7,0.0000,N/A,result.periods[i].r99_fcf_for_distribution_keur,unmapped,R99 is audit-only / BLOCKED; not a runtime driver
CIT / Tax,R99 FCF for Distribution [AUDIT ONLY],Excel,51,Y26H2,0.0,5114.9,5114.9,0.0000,N/A,result.periods[i].r99_fcf_for_distribution_keur,unmapped,R99 is audit-only / BLOCKED; not a runtime driver
CIT / Tax,R99 FCF for Distribution [AUDIT ONLY],Python,51,Y26H2,0.0,5114.9,5114.9,0.0000,N/A,result.periods[i].r99_fcf_for_distribution_keur,unmapped,R99 is audit-only / BLOCKED; not a runtime driver
CIT / Tax,R99 FCF for Distribution [AUDIT ONLY],Delta,51,Y26H2,0.0,5114.9,5114.9,0.0000,N/A,result.periods[i].r99_fcf_for_distribution_keur,unmapped,R99 is audit-only / BLOCKED; not a runtime driver
CIT / Tax,R99 FCF for Distribution [AUDIT ONLY],Excel,52,Y27H1,0.0,7951.8,7951.8,0.0000,N/A,result.periods[i].r99_fcf_for_distribution_keur,unmapped,R99 is audit-only / BLOCKED; not a runtime driver
CIT / Tax,R99 FCF for Distribution [AUDIT ONLY],Python,52,Y27H1,0.0,7951.8,7951.8,0.0000,N/A,result.periods[i].r99_fcf_for_distribution_keur,unmapped,R99 is audit-only / BLOCKED; not a runtime driver
CIT / Tax,R99 FCF for Distribution [AUDIT ONLY],Delta,52,Y27H1,0.0,7951.8,7951.8,0.0000,N/A,result.periods[i].r99_fcf_for_distribution_keur,unmapped,R99 is audit-only / BLOCKED; not a runtime driver
CIT / Tax,R99 FCF for Distribution [AUDIT ONLY],Excel,53,Y27H2,0.0,5174.6,5174.6,0.0000,N/A,result.periods[i].r99_fcf_for_distribution_keur,unmapped,R99 is audit-only / BLOCKED; not a runtime driver
CIT / Tax,R99 FCF for Distribution [AUDIT ONLY],Python,53,Y27H2,0.0,5174.6,5174.6,0.0000,N/A,result.periods[i].r99_fcf_for_distribution_keur,unmapped,R99 is audit-only / BLOCKED; not a runtime driver
CIT / Tax,R99 FCF for Distribution [AUDIT ONLY],Delta,53,Y27H2,0.0,5174.6,5174.6,0.0000,N/A,result.periods[i].r99_fcf_for_distribution_keur,unmapped,R99 is audit-only / BLOCKED; not a runtime driver
CIT / Tax,R99 FCF for Distribution [AUDIT ONLY],Excel,54,Y28H1,0.0,8017.1,8017.1,0.0000,N/A,result.periods[i].r99_fcf_for_distribution_keur,unmapped,R99 is audit-only / BLOCKED; not a runtime driver
CIT / Tax,R99 FCF for Distribution [AUDIT ONLY],Python,54,Y28H1,0.0,8017.1,8017.1,0.0000,N/A,result.periods[i].r99_fcf_for_distribution_keur,unmapped,R99 is audit-only / BLOCKED; not a runtime driver
CIT / Tax,R99 FCF for Distribution [AUDIT ONLY],Delta,54,Y28H1,0.0,8017.1,8017.1,0.0000,N/A,result.periods[i].r99_fcf_for_distribution_keur,unmapped,R99 is audit-only / BLOCKED; not a runtime driver
CIT / Tax,R99 FCF for Distribution [AUDIT ONLY],Excel,55,Y28H2,0.0,5253.7,5253.7,0.0000,N/A,result.periods[i].r99_fcf_for_distribution_keur,unmapped,R99 is audit-only / BLOCKED; not a runtime driver
CIT / Tax,R99 FCF for Distribution [AUDIT ONLY],Python,55,Y28H2,0.0,5253.7,5253.7,0.0000,N/A,result.periods[i].r99_fcf_for_distribution_keur,unmapped,R99 is audit-only / BLOCKED; not a runtime driver
CIT / Tax,R99 FCF for Distribution [AUDIT ONLY],Delta,55,Y28H2,0.0,5253.7,5253.7,0.0000,N/A,result.periods[i].r99_fcf_for_distribution_keur,unmapped,R99 is audit-only / BLOCKED; not a runtime driver
CIT / Tax,R99 FCF for Distribution [AUDIT ONLY],Excel,56,Y29H1,0.0,8093.7,8093.7,0.0000,N/A,result.periods[i].r99_fcf_for_distribution_keur,unmapped,R99 is audit-only / BLOCKED; not a runtime driver
CIT / Tax,R99 FCF for Distribution [AUDIT ONLY],Python,56,Y29H1,0.0,8093.7,8093.7,0.0000,N/A,result.periods[i].r99_fcf_for_distribution_keur,unmapped,R99 is audit-only / BLOCKED; not a runtime driver
CIT / Tax,R99 FCF for Distribution [AUDIT ONLY],Delta,56,Y29H1,0.0,8093.7,8093.7,0.0000,N/A,result.periods[i].r99_fcf_for_distribution_keur,unmapped,R99 is audit-only / BLOCKED; not a runtime driver
CIT / Tax,R99 FCF for Distribution [AUDIT ONLY],Excel,57,Y29H2,0.0,5303.8,5303.8,0.0000,N/A,result.periods[i].r99_fcf_for_distribution_keur,unmapped,R99 is audit-only / BLOCKED; not a runtime driver
CIT / Tax,R99 FCF for Distribution [AUDIT ONLY],Python,57,Y29H2,0.0,5303.8,5303.8,0.0000,N/A,result.periods[i].r99_fcf_for_distribution_keur,unmapped,R99 is audit-only / BLOCKED; not a runtime driver
CIT / Tax,R99 FCF for Distribution [AUDIT ONLY],Delta,57,Y29H2,0.0,5303.8,5303.8,0.0000,N/A,result.periods[i].r99_fcf_for_distribution_keur,unmapped,R99 is audit-only / BLOCKED; not a runtime driver
CIT / Tax,R99 FCF for Distribution [AUDIT ONLY],Excel,58,Y30H1,0.0,8114.1,8114.1,0.0000,N/A,result.periods[i].r99_fcf_for_distribution_keur,unmapped,R99 is audit-only / BLOCKED; not a runtime driver
CIT / Tax,R99 FCF for Distribution [AUDIT ONLY],Python,58,Y30H1,0.0,8114.1,8114.1,0.0000,N/A,result.periods[i].r99_fcf_for_distribution_keur,unmapped,R99 is audit-only / BLOCKED; not a runtime driver
CIT / Tax,R99 FCF for Distribution [AUDIT ONLY],Delta,58,Y30H1,0.0,8114.1,8114.1,0.0000,N/A,result.periods[i].r99_fcf_for_distribution_keur,unmapped,R99 is audit-only / BLOCKED; not a runtime driver
CIT / Tax,R99 FCF for Distribution [AUDIT ONLY],Excel,59,Y30H2,0.0,5317.1,5317.1,0.0000,N/A,result.periods[i].r99_fcf_for_distribution_keur,unmapped,R99 is audit-only / BLOCKED; not a runtime driver
CIT / Tax,R99 FCF for Distribution [AUDIT ONLY],Python,59,Y30H2,0.0,5317.1,5317.1,0.0000,N/A,result.periods[i].r99_fcf_for_distribution_keur,unmapped,R99 is audit-only / BLOCKED; not a runtime driver
CIT / Tax,R99 FCF for Distribution [AUDIT ONLY],Delta,59,Y30H2,0.0,5317.1,5317.1,0.0000,N/A,result.periods[i].r99_fcf_for_distribution_keur,unmapped,R99 is audit-only / BLOCKED; not a runtime driver
CIT / Tax,R102 FCF for SHL [AUDIT ONLY],Excel,0,Y01H1,0.0,1081.1,1081.1,0.0000,N/A,result.periods[i].r102_fcf_for_shl_keur,unmapped,R102 is audit-only / BLOCKED; not a runtime driver
CIT / Tax,R102 FCF for SHL [AUDIT ONLY],Python,0,Y01H1,0.0,1081.1,1081.1,0.0000,N/A,result.periods[i].r102_fcf_for_shl_keur,unmapped,R102 is audit-only / BLOCKED; not a runtime driver
CIT / Tax,R102 FCF for SHL [AUDIT ONLY],Delta,0,Y01H1,0.0,1081.1,1081.1,0.0000,N/A,result.periods[i].r102_fcf_for_shl_keur,unmapped,R102 is audit-only / BLOCKED; not a runtime driver
CIT / Tax,R102 FCF for SHL [AUDIT ONLY],Excel,1,Y01H2,0.0,1099.0,1099.0,0.0000,N/A,result.periods[i].r102_fcf_for_shl_keur,unmapped,R102 is audit-only / BLOCKED; not a runtime driver
CIT / Tax,R102 FCF for SHL [AUDIT ONLY],Python,1,Y01H2,0.0,1099.0,1099.0,0.0000,N/A,result.periods[i].r102_fcf_for_shl_keur,unmapped,R102 is audit-only / BLOCKED; not a runtime driver
CIT / Tax,R102 FCF for SHL [AUDIT ONLY],Delta,1,Y01H2,0.0,1099.0,1099.0,0.0000,N/A,result.periods[i].r102_fcf_for_shl_keur,unmapped,R102 is audit-only / BLOCKED; not a runtime driver
CIT / Tax,R102 FCF for SHL [AUDIT ONLY],Excel,2,Y02H1,0.0,1093.5,1093.5,0.0000,N/A,result.periods[i].r102_fcf_for_shl_keur,unmapped,R102 is audit-only / BLOCKED; not a runtime driver
CIT / Tax,R102 FCF for SHL [AUDIT ONLY],Python,2,Y02H1,0.0,1093.5,1093.5,0.0000,N/A,result.periods[i].r102_fcf_for_shl_keur,unmapped,R102 is audit-only / BLOCKED; not a runtime driver
CIT / Tax,R102 FCF for SHL [AUDIT ONLY],Delta,2,Y02H1,0.0,1093.5,1093.5,0.0000,N/A,result.periods[i].r102_fcf_for_shl_keur,unmapped,R102 is audit-only / BLOCKED; not a runtime driver
CIT / Tax,R102 FCF for SHL [AUDIT ONLY],Excel,3,Y02H2,0.0,1111.6,1111.6,0.0000,N/A,result.periods[i].r102_fcf_for_shl_keur,unmapped,R102 is audit-only / BLOCKED; not a runtime driver
CIT / Tax,R102 FCF for SHL [AUDIT ONLY],Python,3,Y02H2,0.0,1111.6,1111.6,0.0000,N/A,result.periods[i].r102_fcf_for_shl_keur,unmapped,R102 is audit-only / BLOCKED; not a runtime driver
CIT / Tax,R102 FCF for SHL [AUDIT ONLY],Delta,3,Y02H2,0.0,1111.6,1111.6,0.0000,N/A,result.periods[i].r102_fcf_for_shl_keur,unmapped,R102 is audit-only / BLOCKED; not a runtime driver
CIT / Tax,R102 FCF for SHL [AUDIT ONLY],Excel,4,Y03H1,0.0,1109.3,1109.3,0.0000,N/A,result.periods[i].r102_fcf_for_shl_keur,unmapped,R102 is audit-only / BLOCKED; not a runtime driver
CIT / Tax,R102 FCF for SHL [AUDIT ONLY],Python,4,Y03H1,0.0,1109.3,1109.3,0.0000,N/A,result.periods[i].r102_fcf_for_shl_keur,unmapped,R102 is audit-only / BLOCKED; not a runtime driver
CIT / Tax,R102 FCF for SHL [AUDIT ONLY],Delta,4,Y03H1,0.0,1109.3,1109.3,0.0000,N/A,result.periods[i].r102_fcf_for_shl_keur,unmapped,R102 is audit-only / BLOCKED; not a runtime driver
CIT / Tax,R102 FCF for SHL [AUDIT ONLY],Excel,5,Y03H2,0.0,1121.5,1121.5,0.0000,N/A,result.periods[i].r102_fcf_for_shl_keur,unmapped,R102 is audit-only / BLOCKED; not a runtime driver
CIT / Tax,R102 FCF for SHL [AUDIT ONLY],Python,5,Y03H2,0.0,1121.5,1121.5,0.0000,N/A,result.periods[i].r102_fcf_for_shl_keur,unmapped,R102 is audit-only / BLOCKED; not a runtime driver
CIT / Tax,R102 FCF for SHL [AUDIT ONLY],Delta,5,Y03H2,0.0,1121.5,1121.5,0.0000,N/A,result.periods[i].r102_fcf_for_shl_keur,unmapped,R102 is audit-only / BLOCKED; not a runtime driver
CIT / Tax,R102 FCF for SHL [AUDIT ONLY],Excel,6,Y04H1,0.0,1119.5,1119.5,0.0000,N/A,result.periods[i].r102_fcf_for_shl_keur,unmapped,R102 is audit-only / BLOCKED; not a runtime driver
CIT / Tax,R102 FCF for SHL [AUDIT ONLY],Python,6,Y04H1,0.0,1119.5,1119.5,0.0000,N/A,result.periods[i].r102_fcf_for_shl_keur,unmapped,R102 is audit-only / BLOCKED; not a runtime driver
CIT / Tax,R102 FCF for SHL [AUDIT ONLY],Delta,6,Y04H1,0.0,1119.5,1119.5,0.0000,N/A,result.periods[i].r102_fcf_for_shl_keur,unmapped,R102 is audit-only / BLOCKED; not a runtime driver
CIT / Tax,R102 FCF for SHL [AUDIT ONLY],Excel,7,Y04H2,0.0,1138.0,1138.0,0.0000,N/A,result.periods[i].r102_fcf_for_shl_keur,unmapped,R102 is audit-only / BLOCKED; not a runtime driver
CIT / Tax,R102 FCF for SHL [AUDIT ONLY],Python,7,Y04H2,0.0,1138.0,1138.0,0.0000,N/A,result.periods[i].r102_fcf_for_shl_keur,unmapped,R102 is audit-only / BLOCKED; not a runtime driver
CIT / Tax,R102 FCF for SHL [AUDIT ONLY],Delta,7,Y04H2,0.0,1138.0,1138.0,0.0000,N/A,result.periods[i].r102_fcf_for_shl_keur,unmapped,R102 is audit-only / BLOCKED; not a runtime driver
CIT / Tax,R102 FCF for SHL [AUDIT ONLY],Excel,8,Y05H1,0.0,1130.3,1130.3,0.0000,N/A,result.periods[i].r102_fcf_for_shl_keur,unmapped,R102 is audit-only / BLOCKED; not a runtime driver
CIT / Tax,R102 FCF for SHL [AUDIT ONLY],Python,8,Y05H1,0.0,1130.3,1130.3,0.0000,N/A,result.periods[i].r102_fcf_for_shl_keur,unmapped,R102 is audit-only / BLOCKED; not a runtime driver
CIT / Tax,R102 FCF for SHL [AUDIT ONLY],Delta,8,Y05H1,0.0,1130.3,1130.3,0.0000,N/A,result.periods[i].r102_fcf_for_shl_keur,unmapped,R102 is audit-only / BLOCKED; not a runtime driver
CIT / Tax,R102 FCF for SHL [AUDIT ONLY],Excel,9,Y05H2,0.0,1149.1,1149.1,0.0000,N/A,result.periods[i].r102_fcf_for_shl_keur,unmapped,R102 is audit-only / BLOCKED; not a runtime driver
CIT / Tax,R102 FCF for SHL [AUDIT ONLY],Python,9,Y05H2,0.0,1149.1,1149.1,0.0000,N/A,result.periods[i].r102_fcf_for_shl_keur,unmapped,R102 is audit-only / BLOCKED; not a runtime driver
CIT / Tax,R102 FCF for SHL [AUDIT ONLY],Delta,9,Y05H2,0.0,1149.1,1149.1,0.0000,N/A,result.periods[i].r102_fcf_for_shl_keur,unmapped,R102 is audit-only / BLOCKED; not a runtime driver
CIT / Tax,R102 FCF for SHL [AUDIT ONLY],Excel,10,Y06H1,0.0,1152.2,1152.2,0.0000,N/A,result.periods[i].r102_fcf_for_shl_keur,unmapped,R102 is audit-only / BLOCKED; not a runtime driver
CIT / Tax,R102 FCF for SHL [AUDIT ONLY],Python,10,Y06H1,0.0,1152.2,1152.2,0.0000,N/A,result.periods[i].r102_fcf_for_shl_keur,unmapped,R102 is audit-only / BLOCKED; not a runtime driver
CIT / Tax,R102 FCF for SHL [AUDIT ONLY],Delta,10,Y06H1,0.0,1152.2,1152.2,0.0000,N/A,result.periods[i].r102_fcf_for_shl_keur,unmapped,R102 is audit-only / BLOCKED; not a runtime driver
CIT / Tax,R102 FCF for SHL [AUDIT ONLY],Excel,11,Y06H2,0.0,1171.3,1171.3,0.0000,N/A,result.periods[i].r102_fcf_for_shl_keur,unmapped,R102 is audit-only / BLOCKED; not a runtime driver
CIT / Tax,R102 FCF for SHL [AUDIT ONLY],Python,11,Y06H2,0.0,1171.3,1171.3,0.0000,N/A,result.periods[i].r102_fcf_for_shl_keur,unmapped,R102 is audit-only / BLOCKED; not a runtime driver
CIT / Tax,R102 FCF for SHL [AUDIT ONLY],Delta,11,Y06H2,0.0,1171.3,1171.3,0.0000,N/A,result.periods[i].r102_fcf_for_shl_keur,unmapped,R102 is audit-only / BLOCKED; not a runtime driver
CIT / Tax,R102 FCF for SHL [AUDIT ONLY],Excel,12,Y07H1,0.0,1176.5,1176.5,0.0000,N/A,result.periods[i].r102_fcf_for_shl_keur,unmapped,R102 is audit-only / BLOCKED; not a runtime driver
CIT / Tax,R102 FCF for SHL [AUDIT ONLY],Python,12,Y07H1,0.0,1176.5,1176.5,0.0000,N/A,result.periods[i].r102_fcf_for_shl_keur,unmapped,R102 is audit-only / BLOCKED; not a runtime driver
CIT / Tax,R102 FCF for SHL [AUDIT ONLY],Delta,12,Y07H1,0.0,1176.5,1176.5,0.0000,N/A,result.periods[i].r102_fcf_for_shl_keur,unmapped,R102 is audit-only / BLOCKED; not a runtime driver
CIT / Tax,R102 FCF for SHL [AUDIT ONLY],Excel,13,Y07H2,0.0,1189.5,1189.5,0.0000,N/A,result.periods[i].r102_fcf_for_shl_keur,unmapped,R102 is audit-only / BLOCKED; not a runtime driver
CIT / Tax,R102 FCF for SHL [AUDIT ONLY],Python,13,Y07H2,0.0,1189.5,1189.5,0.0000,N/A,result.periods[i].r102_fcf_for_shl_keur,unmapped,R102 is audit-only / BLOCKED; not a runtime driver
CIT / Tax,R102 FCF for SHL [AUDIT ONLY],Delta,13,Y07H2,0.0,1189.5,1189.5,0.0000,N/A,result.periods[i].r102_fcf_for_shl_keur,unmapped,R102 is audit-only / BLOCKED; not a runtime driver
CIT / Tax,R102 FCF for SHL [AUDIT ONLY],Excel,14,Y08H1,0.0,1196.0,1196.0,0.0000,N/A,result.periods[i].r102_fcf_for_shl_keur,unmapped,R102 is audit-only / BLOCKED; not a runtime driver
CIT / Tax,R102 FCF for SHL [AUDIT ONLY],Python,14,Y08H1,0.0,1196.0,1196.0,0.0000,N/A,result.periods[i].r102_fcf_for_shl_keur,unmapped,R102 is audit-only / BLOCKED; not a runtime driver
CIT / Tax,R102 FCF for SHL [AUDIT ONLY],Delta,14,Y08H1,0.0,1196.0,1196.0,0.0000,N/A,result.periods[i].r102_fcf_for_shl_keur,unmapped,R102 is audit-only / BLOCKED; not a runtime driver
CIT / Tax,R102 FCF for SHL [AUDIT ONLY],Excel,15,Y08H2,0.0,1215.8,1215.8,0.0000,N/A,result.periods[i].r102_fcf_for_shl_keur,unmapped,R102 is audit-only / BLOCKED; not a runtime driver
CIT / Tax,R102 FCF for SHL [AUDIT ONLY],Python,15,Y08H2,0.0,1215.8,1215.8,0.0000,N/A,result.periods[i].r102_fcf_for_shl_keur,unmapped,R102 is audit-only / BLOCKED; not a runtime driver
CIT / Tax,R102 FCF for SHL [AUDIT ONLY],Delta,15,Y08H2,0.0,1215.8,1215.8,0.0000,N/A,result.periods[i].r102_fcf_for_shl_keur,unmapped,R102 is audit-only / BLOCKED; not a runtime driver
CIT / Tax,R102 FCF for SHL [AUDIT ONLY],Excel,16,Y09H1,0.0,1220.5,1220.5,0.0000,N/A,result.periods[i].r102_fcf_for_shl_keur,unmapped,R102 is audit-only / BLOCKED; not a runtime driver
CIT / Tax,R102 FCF for SHL [AUDIT ONLY],Python,16,Y09H1,0.0,1220.5,1220.5,0.0000,N/A,result.periods[i].r102_fcf_for_shl_keur,unmapped,R102 is audit-only / BLOCKED; not a runtime driver
CIT / Tax,R102 FCF for SHL [AUDIT ONLY],Delta,16,Y09H1,0.0,1220.5,1220.5,0.0000,N/A,result.periods[i].r102_fcf_for_shl_keur,unmapped,R102 is audit-only / BLOCKED; not a runtime driver
CIT / Tax,R102 FCF for SHL [AUDIT ONLY],Excel,17,Y09H2,0.0,1240.7,1240.7,0.0000,N/A,result.periods[i].r102_fcf_for_shl_keur,unmapped,R102 is audit-only / BLOCKED; not a runtime driver
CIT / Tax,R102 FCF for SHL [AUDIT ONLY],Python,17,Y09H2,0.0,1240.7,1240.7,0.0000,N/A,result.periods[i].r102_fcf_for_shl_keur,unmapped,R102 is audit-only / BLOCKED; not a runtime driver
CIT / Tax,R102 FCF for SHL [AUDIT ONLY],Delta,17,Y09H2,0.0,1240.7,1240.7,0.0000,N/A,result.periods[i].r102_fcf_for_shl_keur,unmapped,R102 is audit-only / BLOCKED; not a runtime driver
CIT / Tax,R102 FCF for SHL [AUDIT ONLY],Excel,18,Y10H1,0.0,1244.1,1244.1,0.0000,N/A,result.periods[i].r102_fcf_for_shl_keur,unmapped,R102 is audit-only / BLOCKED; not a runtime driver
CIT / Tax,R102 FCF for SHL [AUDIT ONLY],Python,18,Y10H1,0.0,1244.1,1244.1,0.0000,N/A,result.periods[i].r102_fcf_for_shl_keur,unmapped,R102 is audit-only / BLOCKED; not a runtime driver
CIT / Tax,R102 FCF for SHL [AUDIT ONLY],Delta,18,Y10H1,0.0,1244.1,1244.1,0.0000,N/A,result.periods[i].r102_fcf_for_shl_keur,unmapped,R102 is audit-only / BLOCKED; not a runtime driver
CIT / Tax,R102 FCF for SHL [AUDIT ONLY],Excel,19,Y10H2,0.0,1264.7,1264.7,0.0000,N/A,result.periods[i].r102_fcf_for_shl_keur,unmapped,R102 is audit-only / BLOCKED; not a runtime driver
CIT / Tax,R102 FCF for SHL [AUDIT ONLY],Python,19,Y10H2,0.0,1264.7,1264.7,0.0000,N/A,result.periods[i].r102_fcf_for_shl_keur,unmapped,R102 is audit-only / BLOCKED; not a runtime driver
CIT / Tax,R102 FCF for SHL [AUDIT ONLY],Delta,19,Y10H2,0.0,1264.7,1264.7,0.0000,N/A,result.periods[i].r102_fcf_for_shl_keur,unmapped,R102 is audit-only / BLOCKED; not a runtime driver
CIT / Tax,R102 FCF for SHL [AUDIT ONLY],Excel,20,Y11H1,0.0,1270.4,1270.4,0.0000,N/A,result.periods[i].r102_fcf_for_shl_keur,unmapped,R102 is audit-only / BLOCKED; not a runtime driver
CIT / Tax,R102 FCF for SHL [AUDIT ONLY],Python,20,Y11H1,0.0,1270.4,1270.4,0.0000,N/A,result.periods[i].r102_fcf_for_shl_keur,unmapped,R102 is audit-only / BLOCKED; not a runtime driver
CIT / Tax,R102 FCF for SHL [AUDIT ONLY],Delta,20,Y11H1,0.0,1270.4,1270.4,0.0000,N/A,result.periods[i].r102_fcf_for_shl_keur,unmapped,R102 is audit-only / BLOCKED; not a runtime driver
CIT / Tax,R102 FCF for SHL [AUDIT ONLY],Excel,21,Y11H2,0.0,1284.4,1284.4,0.0000,N/A,result.periods[i].r102_fcf_for_shl_keur,unmapped,R102 is audit-only / BLOCKED; not a runtime driver
CIT / Tax,R102 FCF for SHL [AUDIT ONLY],Python,21,Y11H2,0.0,1284.4,1284.4,0.0000,N/A,result.periods[i].r102_fcf_for_shl_keur,unmapped,R102 is audit-only / BLOCKED; not a runtime driver
CIT / Tax,R102 FCF for SHL [AUDIT ONLY],Delta,21,Y11H2,0.0,1284.4,1284.4,0.0000,N/A,result.periods[i].r102_fcf_for_shl_keur,unmapped,R102 is audit-only / BLOCKED; not a runtime driver
CIT / Tax,R102 FCF for SHL [AUDIT ONLY],Excel,22,Y12H1,0.0,1291.5,1291.5,0.0000,N/A,result.periods[i].r102_fcf_for_shl_keur,unmapped,R102 is audit-only / BLOCKED; not a runtime driver
CIT / Tax,R102 FCF for SHL [AUDIT ONLY],Python,22,Y12H1,0.0,1291.5,1291.5,0.0000,N/A,result.periods[i].r102_fcf_for_shl_keur,unmapped,R102 is audit-only / BLOCKED; not a runtime driver
CIT / Tax,R102 FCF for SHL [AUDIT ONLY],Delta,22,Y12H1,0.0,1291.5,1291.5,0.0000,N/A,result.periods[i].r102_fcf_for_shl_keur,unmapped,R102 is audit-only / BLOCKED; not a runtime driver
CIT / Tax,R102 FCF for SHL [AUDIT ONLY],Excel,23,Y12H2,0.0,1312.9,1312.9,0.0000,N/A,result.periods[i].r102_fcf_for_shl_keur,unmapped,R102 is audit-only / BLOCKED; not a runtime driver
CIT / Tax,R102 FCF for SHL [AUDIT ONLY],Python,23,Y12H2,0.0,1312.9,1312.9,0.0000,N/A,result.periods[i].r102_fcf_for_shl_keur,unmapped,R102 is audit-only / BLOCKED; not a runtime driver
CIT / Tax,R102 FCF for SHL [AUDIT ONLY],Delta,23,Y12H2,0.0,1312.9,1312.9,0.0000,N/A,result.periods[i].r102_fcf_for_shl_keur,unmapped,R102 is audit-only / BLOCKED; not a runtime driver
CIT / Tax,R102 FCF for SHL [AUDIT ONLY],Excel,24,Y13H1,0.0,2760.6,2760.6,0.0000,N/A,result.periods[i].r102_fcf_for_shl_keur,unmapped,R102 is audit-only / BLOCKED; not a runtime driver
CIT / Tax,R102 FCF for SHL [AUDIT ONLY],Python,24,Y13H1,0.0,2760.6,2760.6,0.0000,N/A,result.periods[i].r102_fcf_for_shl_keur,unmapped,R102 is audit-only / BLOCKED; not a runtime driver
CIT / Tax,R102 FCF for SHL [AUDIT ONLY],Delta,24,Y13H1,0.0,2760.6,2760.6,0.0000,N/A,result.periods[i].r102_fcf_for_shl_keur,unmapped,R102 is audit-only / BLOCKED; not a runtime driver
CIT / Tax,R102 FCF for SHL [AUDIT ONLY],Excel,25,Y13H2,0.0,1325.8,1325.8,0.0000,N/A,result.periods[i].r102_fcf_for_shl_keur,unmapped,R102 is audit-only / BLOCKED; not a runtime driver
CIT / Tax,R102 FCF for SHL [AUDIT ONLY],Python,25,Y13H2,0.0,1325.8,1325.8,0.0000,N/A,result.periods[i].r102_fcf_for_shl_keur,unmapped,R102 is audit-only / BLOCKED; not a runtime driver
CIT / Tax,R102 FCF for SHL [AUDIT ONLY],Delta,25,Y13H2,0.0,1325.8,1325.8,0.0000,N/A,result.periods[i].r102_fcf_for_shl_keur,unmapped,R102 is audit-only / BLOCKED; not a runtime driver
CIT / Tax,R102 FCF for SHL [AUDIT ONLY],Excel,26,Y14H1,0.0,2749.5,2749.5,0.0000,N/A,result.periods[i].r102_fcf_for_shl_keur,unmapped,R102 is audit-only / BLOCKED; not a runtime driver
CIT / Tax,R102 FCF for SHL [AUDIT ONLY],Python,26,Y14H1,0.0,2749.5,2749.5,0.0000,N/A,result.periods[i].r102_fcf_for_shl_keur,unmapped,R102 is audit-only / BLOCKED; not a runtime driver
CIT / Tax,R102 FCF for SHL [AUDIT ONLY],Delta,26,Y14H1,0.0,2749.5,2749.5,0.0000,N/A,result.periods[i].r102_fcf_for_shl_keur,unmapped,R102 is audit-only / BLOCKED; not a runtime driver
CIT / Tax,R102 FCF for SHL [AUDIT ONLY],Excel,27,Y14H2,0.0,1215.0,1215.0,0.0000,N/A,result.periods[i].r102_fcf_for_shl_keur,unmapped,R102 is audit-only / BLOCKED; not a runtime driver
CIT / Tax,R102 FCF for SHL [AUDIT ONLY],Python,27,Y14H2,0.0,1215.0,1215.0,0.0000,N/A,result.periods[i].r102_fcf_for_shl_keur,unmapped,R102 is audit-only / BLOCKED; not a runtime driver
CIT / Tax,R102 FCF for SHL [AUDIT ONLY],Delta,27,Y14H2,0.0,1215.0,1215.0,0.0000,N/A,result.periods[i].r102_fcf_for_shl_keur,unmapped,R102 is audit-only / BLOCKED; not a runtime driver
CIT / Tax,R102 FCF for SHL [AUDIT ONLY],Excel,28,Y15H1,0.0,6187.8,6187.8,0.0000,N/A,result.periods[i].r102_fcf_for_shl_keur,unmapped,R102 is audit-only / BLOCKED; not a runtime driver
CIT / Tax,R102 FCF for SHL [AUDIT ONLY],Python,28,Y15H1,0.0,6187.8,6187.8,0.0000,N/A,result.periods[i].r102_fcf_for_shl_keur,unmapped,R102 is audit-only / BLOCKED; not a runtime driver
CIT / Tax,R102 FCF for SHL [AUDIT ONLY],Delta,28,Y15H1,0.0,6187.8,6187.8,0.0000,N/A,result.periods[i].r102_fcf_for_shl_keur,unmapped,R102 is audit-only / BLOCKED; not a runtime driver
CIT / Tax,R102 FCF for SHL [AUDIT ONLY],Excel,29,Y15H2,0.0,4549.0,4549.0,0.0000,N/A,result.periods[i].r102_fcf_for_shl_keur,unmapped,R102 is audit-only / BLOCKED; not a runtime driver
CIT / Tax,R102 FCF for SHL [AUDIT ONLY],Python,29,Y15H2,0.0,4549.0,4549.0,0.0000,N/A,result.periods[i].r102_fcf_for_shl_keur,unmapped,R102 is audit-only / BLOCKED; not a runtime driver
CIT / Tax,R102 FCF for SHL [AUDIT ONLY],Delta,29,Y15H2,0.0,4549.0,4549.0,0.0000,N/A,result.periods[i].r102_fcf_for_shl_keur,unmapped,R102 is audit-only / BLOCKED; not a runtime driver
CIT / Tax,R102 FCF for SHL [AUDIT ONLY],Excel,30,Y16H1,0.0,6221.8,6221.8,0.0000,N/A,result.periods[i].r102_fcf_for_shl_keur,unmapped,R102 is audit-only / BLOCKED; not a runtime driver
CIT / Tax,R102 FCF for SHL [AUDIT ONLY],Python,30,Y16H1,0.0,6221.8,6221.8,0.0000,N/A,result.periods[i].r102_fcf_for_shl_keur,unmapped,R102 is audit-only / BLOCKED; not a runtime driver
CIT / Tax,R102 FCF for SHL [AUDIT ONLY],Delta,30,Y16H1,0.0,6221.8,6221.8,0.0000,N/A,result.periods[i].r102_fcf_for_shl_keur,unmapped,R102 is audit-only / BLOCKED; not a runtime driver
CIT / Tax,R102 FCF for SHL [AUDIT ONLY],Excel,31,Y16H2,0.0,4473.2,4473.2,0.0000,N/A,result.periods[i].r102_fcf_for_shl_keur,unmapped,R102 is audit-only / BLOCKED; not a runtime driver
CIT / Tax,R102 FCF for SHL [AUDIT ONLY],Python,31,Y16H2,0.0,4473.2,4473.2,0.0000,N/A,result.periods[i].r102_fcf_for_shl_keur,unmapped,R102 is audit-only / BLOCKED; not a runtime driver
CIT / Tax,R102 FCF for SHL [AUDIT ONLY],Delta,31,Y16H2,0.0,4473.2,4473.2,0.0000,N/A,result.periods[i].r102_fcf_for_shl_keur,unmapped,R102 is audit-only / BLOCKED; not a runtime driver
CIT / Tax,R102 FCF for SHL [AUDIT ONLY],Excel,32,Y17H1,0.0,6419.5,6419.5,0.0000,N/A,result.periods[i].r102_fcf_for_shl_keur,unmapped,R102 is audit-only / BLOCKED; not a runtime driver
CIT / Tax,R102 FCF for SHL [AUDIT ONLY],Python,32,Y17H1,0.0,6419.5,6419.5,0.0000,N/A,result.periods[i].r102_fcf_for_shl_keur,unmapped,R102 is audit-only / BLOCKED; not a runtime driver
CIT / Tax,R102 FCF for SHL [AUDIT ONLY],Delta,32,Y17H1,0.0,6419.5,6419.5,0.0000,N/A,result.periods[i].r102_fcf_for_shl_keur,unmapped,R102 is audit-only / BLOCKED; not a runtime driver
CIT / Tax,R102 FCF for SHL [AUDIT ONLY],Excel,33,Y17H2,0.0,4466.9,4466.9,0.0000,N/A,result.periods[i].r102_fcf_for_shl_keur,unmapped,R102 is audit-only / BLOCKED; not a runtime driver
CIT / Tax,R102 FCF for SHL [AUDIT ONLY],Python,33,Y17H2,0.0,4466.9,4466.9,0.0000,N/A,result.periods[i].r102_fcf_for_shl_keur,unmapped,R102 is audit-only / BLOCKED; not a runtime driver
CIT / Tax,R102 FCF for SHL [AUDIT ONLY],Delta,33,Y17H2,0.0,4466.9,4466.9,0.0000,N/A,result.periods[i].r102_fcf_for_shl_keur,unmapped,R102 is audit-only / BLOCKED; not a runtime driver
CIT / Tax,R102 FCF for SHL [AUDIT ONLY],Excel,34,Y18H1,0.0,6570.3,6570.3,0.0000,N/A,result.periods[i].r102_fcf_for_shl_keur,unmapped,R102 is audit-only / BLOCKED; not a runtime driver
CIT / Tax,R102 FCF for SHL [AUDIT ONLY],Python,34,Y18H1,0.0,6570.3,6570.3,0.0000,N/A,result.periods[i].r102_fcf_for_shl_keur,unmapped,R102 is audit-only / BLOCKED; not a runtime driver
CIT / Tax,R102 FCF for SHL [AUDIT ONLY],Delta,34,Y18H1,0.0,6570.3,6570.3,0.0000,N/A,result.periods[i].r102_fcf_for_shl_keur,unmapped,R102 is audit-only / BLOCKED; not a runtime driver
CIT / Tax,R102 FCF for SHL [AUDIT ONLY],Excel,35,Y18H2,0.0,4416.2,4416.2,0.0000,N/A,result.periods[i].r102_fcf_for_shl_keur,unmapped,R102 is audit-only / BLOCKED; not a runtime driver
CIT / Tax,R102 FCF for SHL [AUDIT ONLY],Python,35,Y18H2,0.0,4416.2,4416.2,0.0000,N/A,result.periods[i].r102_fcf_for_shl_keur,unmapped,R102 is audit-only / BLOCKED; not a runtime driver
CIT / Tax,R102 FCF for SHL [AUDIT ONLY],Delta,35,Y18H2,0.0,4416.2,4416.2,0.0000,N/A,result.periods[i].r102_fcf_for_shl_keur,unmapped,R102 is audit-only / BLOCKED; not a runtime driver
CIT / Tax,R102 FCF for SHL [AUDIT ONLY],Excel,36,Y19H1,0.0,6735.9,6735.9,0.0000,N/A,result.periods[i].r102_fcf_for_shl_keur,unmapped,R102 is audit-only / BLOCKED; not a runtime driver
CIT / Tax,R102 FCF for SHL [AUDIT ONLY],Python,36,Y19H1,0.0,6735.9,6735.9,0.0000,N/A,result.periods[i].r102_fcf_for_shl_keur,unmapped,R102 is audit-only / BLOCKED; not a runtime driver
CIT / Tax,R102 FCF for SHL [AUDIT ONLY],Delta,36,Y19H1,0.0,6735.9,6735.9,0.0000,N/A,result.periods[i].r102_fcf_for_shl_keur,unmapped,R102 is audit-only / BLOCKED; not a runtime driver
CIT / Tax,R102 FCF for SHL [AUDIT ONLY],Excel,37,Y19H2,0.0,4385.5,4385.5,0.0000,N/A,result.periods[i].r102_fcf_for_shl_keur,unmapped,R102 is audit-only / BLOCKED; not a runtime driver
CIT / Tax,R102 FCF for SHL [AUDIT ONLY],Python,37,Y19H2,0.0,4385.5,4385.5,0.0000,N/A,result.periods[i].r102_fcf_for_shl_keur,unmapped,R102 is audit-only / BLOCKED; not a runtime driver
CIT / Tax,R102 FCF for SHL [AUDIT ONLY],Delta,37,Y19H2,0.0,4385.5,4385.5,0.0000,N/A,result.periods[i].r102_fcf_for_shl_keur,unmapped,R102 is audit-only / BLOCKED; not a runtime driver
CIT / Tax,R102 FCF for SHL [AUDIT ONLY],Excel,38,Y20H1,0.0,6868.6,6868.6,0.0000,N/A,result.periods[i].r102_fcf_for_shl_keur,unmapped,R102 is audit-only / BLOCKED; not a runtime driver
CIT / Tax,R102 FCF for SHL [AUDIT ONLY],Python,38,Y20H1,0.0,6868.6,6868.6,0.0000,N/A,result.periods[i].r102_fcf_for_shl_keur,unmapped,R102 is audit-only / BLOCKED; not a runtime driver
CIT / Tax,R102 FCF for SHL [AUDIT ONLY],Delta,38,Y20H1,0.0,6868.6,6868.6,0.0000,N/A,result.periods[i].r102_fcf_for_shl_keur,unmapped,R102 is audit-only / BLOCKED; not a runtime driver
CIT / Tax,R102 FCF for SHL [AUDIT ONLY],Excel,39,Y20H2,0.0,4503.1,4503.1,0.0000,N/A,result.periods[i].r102_fcf_for_shl_keur,unmapped,R102 is audit-only / BLOCKED; not a runtime driver
CIT / Tax,R102 FCF for SHL [AUDIT ONLY],Python,39,Y20H2,0.0,4503.1,4503.1,0.0000,N/A,result.periods[i].r102_fcf_for_shl_keur,unmapped,R102 is audit-only / BLOCKED; not a runtime driver
CIT / Tax,R102 FCF for SHL [AUDIT ONLY],Delta,39,Y20H2,0.0,4503.1,4503.1,0.0000,N/A,result.periods[i].r102_fcf_for_shl_keur,unmapped,R102 is audit-only / BLOCKED; not a runtime driver
CIT / Tax,R102 FCF for SHL [AUDIT ONLY],Excel,40,Y21H1,0.0,7018.6,7018.6,0.0000,N/A,result.periods[i].r102_fcf_for_shl_keur,unmapped,R102 is audit-only / BLOCKED; not a runtime driver
CIT / Tax,R102 FCF for SHL [AUDIT ONLY],Python,40,Y21H1,0.0,7018.6,7018.6,0.0000,N/A,result.periods[i].r102_fcf_for_shl_keur,unmapped,R102 is audit-only / BLOCKED; not a runtime driver
CIT / Tax,R102 FCF for SHL [AUDIT ONLY],Delta,40,Y21H1,0.0,7018.6,7018.6,0.0000,N/A,result.periods[i].r102_fcf_for_shl_keur,unmapped,R102 is audit-only / BLOCKED; not a runtime driver
CIT / Tax,R102 FCF for SHL [AUDIT ONLY],Excel,41,Y21H2,0.0,4601.1,4601.1,0.0000,N/A,result.periods[i].r102_fcf_for_shl_keur,unmapped,R102 is audit-only / BLOCKED; not a runtime driver
CIT / Tax,R102 FCF for SHL [AUDIT ONLY],Python,41,Y21H2,0.0,4601.1,4601.1,0.0000,N/A,result.periods[i].r102_fcf_for_shl_keur,unmapped,R102 is audit-only / BLOCKED; not a runtime driver
CIT / Tax,R102 FCF for SHL [AUDIT ONLY],Delta,41,Y21H2,0.0,4601.1,4601.1,0.0000,N/A,result.periods[i].r102_fcf_for_shl_keur,unmapped,R102 is audit-only / BLOCKED; not a runtime driver
CIT / Tax,R102 FCF for SHL [AUDIT ONLY],Excel,42,Y22H1,0.0,7168.2,7168.2,0.0000,N/A,result.periods[i].r102_fcf_for_shl_keur,unmapped,R102 is audit-only / BLOCKED; not a runtime driver
CIT / Tax,R102 FCF for SHL [AUDIT ONLY],Python,42,Y22H1,0.0,7168.2,7168.2,0.0000,N/A,result.periods[i].r102_fcf_for_shl_keur,unmapped,R102 is audit-only / BLOCKED; not a runtime driver
CIT / Tax,R102 FCF for SHL [AUDIT ONLY],Delta,42,Y22H1,0.0,7168.2,7168.2,0.0000,N/A,result.periods[i].r102_fcf_for_shl_keur,unmapped,R102 is audit-only / BLOCKED; not a runtime driver
CIT / Tax,R102 FCF for SHL [AUDIT ONLY],Excel,43,Y22H2,0.0,4698.9,4698.9,0.0000,N/A,result.periods[i].r102_fcf_for_shl_keur,unmapped,R102 is audit-only / BLOCKED; not a runtime driver
CIT / Tax,R102 FCF for SHL [AUDIT ONLY],Python,43,Y22H2,0.0,4698.9,4698.9,0.0000,N/A,result.periods[i].r102_fcf_for_shl_keur,unmapped,R102 is audit-only / BLOCKED; not a runtime driver
CIT / Tax,R102 FCF for SHL [AUDIT ONLY],Delta,43,Y22H2,0.0,4698.9,4698.9,0.0000,N/A,result.periods[i].r102_fcf_for_shl_keur,unmapped,R102 is audit-only / BLOCKED; not a runtime driver
CIT / Tax,R102 FCF for SHL [AUDIT ONLY],Excel,44,Y23H1,0.0,7375.6,7375.6,0.0000,N/A,result.periods[i].r102_fcf_for_shl_keur,unmapped,R102 is audit-only / BLOCKED; not a runtime driver
CIT / Tax,R102 FCF for SHL [AUDIT ONLY],Python,44,Y23H1,0.0,7375.6,7375.6,0.0000,N/A,result.periods[i].r102_fcf_for_shl_keur,unmapped,R102 is audit-only / BLOCKED; not a runtime driver
CIT / Tax,R102 FCF for SHL [AUDIT ONLY],Delta,44,Y23H1,0.0,7375.6,7375.6,0.0000,N/A,result.periods[i].r102_fcf_for_shl_keur,unmapped,R102 is audit-only / BLOCKED; not a runtime driver
CIT / Tax,R102 FCF for SHL [AUDIT ONLY],Excel,45,Y23H2,0.0,4800.7,4800.7,0.0000,N/A,result.periods[i].r102_fcf_for_shl_keur,unmapped,R102 is audit-only / BLOCKED; not a runtime driver
CIT / Tax,R102 FCF for SHL [AUDIT ONLY],Python,45,Y23H2,0.0,4800.7,4800.7,0.0000,N/A,result.periods[i].r102_fcf_for_shl_keur,unmapped,R102 is audit-only / BLOCKED; not a runtime driver
CIT / Tax,R102 FCF for SHL [AUDIT ONLY],Delta,45,Y23H2,0.0,4800.7,4800.7,0.0000,N/A,result.periods[i].r102_fcf_for_shl_keur,unmapped,R102 is audit-only / BLOCKED; not a runtime driver
CIT / Tax,R102 FCF for SHL [AUDIT ONLY],Excel,46,Y24H1,0.0,7485.2,7485.2,0.0000,N/A,result.periods[i].r102_fcf_for_shl_keur,unmapped,R102 is audit-only / BLOCKED; not a runtime driver
CIT / Tax,R102 FCF for SHL [AUDIT ONLY],Python,46,Y24H1,0.0,7485.2,7485.2,0.0000,N/A,result.periods[i].r102_fcf_for_shl_keur,unmapped,R102 is audit-only / BLOCKED; not a runtime driver
CIT / Tax,R102 FCF for SHL [AUDIT ONLY],Delta,46,Y24H1,0.0,7485.2,7485.2,0.0000,N/A,result.periods[i].r102_fcf_for_shl_keur,unmapped,R102 is audit-only / BLOCKED; not a runtime driver
CIT / Tax,R102 FCF for SHL [AUDIT ONLY],Excel,47,Y24H2,0.0,4906.1,4906.1,0.0000,N/A,result.periods[i].r102_fcf_for_shl_keur,unmapped,R102 is audit-only / BLOCKED; not a runtime driver
CIT / Tax,R102 FCF for SHL [AUDIT ONLY],Python,47,Y24H2,0.0,4906.1,4906.1,0.0000,N/A,result.periods[i].r102_fcf_for_shl_keur,unmapped,R102 is audit-only / BLOCKED; not a runtime driver
CIT / Tax,R102 FCF for SHL [AUDIT ONLY],Delta,47,Y24H2,0.0,4906.1,4906.1,0.0000,N/A,result.periods[i].r102_fcf_for_shl_keur,unmapped,R102 is audit-only / BLOCKED; not a runtime driver
CIT / Tax,R102 FCF for SHL [AUDIT ONLY],Excel,48,Y25H1,0.0,7616.4,7616.4,0.0000,N/A,result.periods[i].r102_fcf_for_shl_keur,unmapped,R102 is audit-only / BLOCKED; not a runtime driver
CIT / Tax,R102 FCF for SHL [AUDIT ONLY],Python,48,Y25H1,0.0,7616.4,7616.4,0.0000,N/A,result.periods[i].r102_fcf_for_shl_keur,unmapped,R102 is audit-only / BLOCKED; not a runtime driver
CIT / Tax,R102 FCF for SHL [AUDIT ONLY],Delta,48,Y25H1,0.0,7616.4,7616.4,0.0000,N/A,result.periods[i].r102_fcf_for_shl_keur,unmapped,R102 is audit-only / BLOCKED; not a runtime driver
CIT / Tax,R102 FCF for SHL [AUDIT ONLY],Excel,49,Y25H2,0.0,4991.9,4991.9,0.0000,N/A,result.periods[i].r102_fcf_for_shl_keur,unmapped,R102 is audit-only / BLOCKED; not a runtime driver
CIT / Tax,R102 FCF for SHL [AUDIT ONLY],Python,49,Y25H2,0.0,4991.9,4991.9,0.0000,N/A,result.periods[i].r102_fcf_for_shl_keur,unmapped,R102 is audit-only / BLOCKED; not a runtime driver
CIT / Tax,R102 FCF for SHL [AUDIT ONLY],Delta,49,Y25H2,0.0,4991.9,4991.9,0.0000,N/A,result.periods[i].r102_fcf_for_shl_keur,unmapped,R102 is audit-only / BLOCKED; not a runtime driver
CIT / Tax,R102 FCF for SHL [AUDIT ONLY],Excel,50,Y26H1,0.0,7804.7,7804.7,0.0000,N/A,result.periods[i].r102_fcf_for_shl_keur,unmapped,R102 is audit-only / BLOCKED; not a runtime driver
CIT / Tax,R102 FCF for SHL [AUDIT ONLY],Python,50,Y26H1,0.0,7804.7,7804.7,0.0000,N/A,result.periods[i].r102_fcf_for_shl_keur,unmapped,R102 is audit-only / BLOCKED; not a runtime driver
CIT / Tax,R102 FCF for SHL [AUDIT ONLY],Delta,50,Y26H1,0.0,7804.7,7804.7,0.0000,N/A,result.periods[i].r102_fcf_for_shl_keur,unmapped,R102 is audit-only / BLOCKED; not a runtime driver
CIT / Tax,R102 FCF for SHL [AUDIT ONLY],Excel,51,Y26H2,0.0,5114.9,5114.9,0.0000,N/A,result.periods[i].r102_fcf_for_shl_keur,unmapped,R102 is audit-only / BLOCKED; not a runtime driver
CIT / Tax,R102 FCF for SHL [AUDIT ONLY],Python,51,Y26H2,0.0,5114.9,5114.9,0.0000,N/A,result.periods[i].r102_fcf_for_shl_keur,unmapped,R102 is audit-only / BLOCKED; not a runtime driver
CIT / Tax,R102 FCF for SHL [AUDIT ONLY],Delta,51,Y26H2,0.0,5114.9,5114.9,0.0000,N/A,result.periods[i].r102_fcf_for_shl_keur,unmapped,R102 is audit-only / BLOCKED; not a runtime driver
CIT / Tax,R102 FCF for SHL [AUDIT ONLY],Excel,52,Y27H1,0.0,7951.8,7951.8,0.0000,N/A,result.periods[i].r102_fcf_for_shl_keur,unmapped,R102 is audit-only / BLOCKED; not a runtime driver
CIT / Tax,R102 FCF for SHL [AUDIT ONLY],Python,52,Y27H1,0.0,7951.8,7951.8,0.0000,N/A,result.periods[i].r102_fcf_for_shl_keur,unmapped,R102 is audit-only / BLOCKED; not a runtime driver
CIT / Tax,R102 FCF for SHL [AUDIT ONLY],Delta,52,Y27H1,0.0,7951.8,7951.8,0.0000,N/A,result.periods[i].r102_fcf_for_shl_keur,unmapped,R102 is audit-only / BLOCKED; not a runtime driver
CIT / Tax,R102 FCF for SHL [AUDIT ONLY],Excel,53,Y27H2,0.0,5174.6,5174.6,0.0000,N/A,result.periods[i].r102_fcf_for_shl_keur,unmapped,R102 is audit-only / BLOCKED; not a runtime driver
CIT / Tax,R102 FCF for SHL [AUDIT ONLY],Python,53,Y27H2,0.0,5174.6,5174.6,0.0000,N/A,result.periods[i].r102_fcf_for_shl_keur,unmapped,R102 is audit-only / BLOCKED; not a runtime driver
CIT / Tax,R102 FCF for SHL [AUDIT ONLY],Delta,53,Y27H2,0.0,5174.6,5174.6,0.0000,N/A,result.periods[i].r102_fcf_for_shl_keur,unmapped,R102 is audit-only / BLOCKED; not a runtime driver
CIT / Tax,R102 FCF for SHL [AUDIT ONLY],Excel,54,Y28H1,0.0,8017.1,8017.1,0.0000,N/A,result.periods[i].r102_fcf_for_shl_keur,unmapped,R102 is audit-only / BLOCKED; not a runtime driver
CIT / Tax,R102 FCF for SHL [AUDIT ONLY],Python,54,Y28H1,0.0,8017.1,8017.1,0.0000,N/A,result.periods[i].r102_fcf_for_shl_keur,unmapped,R102 is audit-only / BLOCKED; not a runtime driver
CIT / Tax,R102 FCF for SHL [AUDIT ONLY],Delta,54,Y28H1,0.0,8017.1,8017.1,0.0000,N/A,result.periods[i].r102_fcf_for_shl_keur,unmapped,R102 is audit-only / BLOCKED; not a runtime driver
CIT / Tax,R102 FCF for SHL [AUDIT ONLY],Excel,55,Y28H2,0.0,5253.7,5253.7,0.0000,N/A,result.periods[i].r102_fcf_for_shl_keur,unmapped,R102 is audit-only / BLOCKED; not a runtime driver
CIT / Tax,R102 FCF for SHL [AUDIT ONLY],Python,55,Y28H2,0.0,5253.7,5253.7,0.0000,N/A,result.periods[i].r102_fcf_for_shl_keur,unmapped,R102 is audit-only / BLOCKED; not a runtime driver
CIT / Tax,R102 FCF for SHL [AUDIT ONLY],Delta,55,Y28H2,0.0,5253.7,5253.7,0.0000,N/A,result.periods[i].r102_fcf_for_shl_keur,unmapped,R102 is audit-only / BLOCKED; not a runtime driver
CIT / Tax,R102 FCF for SHL [AUDIT ONLY],Excel,56,Y29H1,0.0,8093.7,8093.7,0.0000,N/A,result.periods[i].r102_fcf_for_shl_keur,unmapped,R102 is audit-only / BLOCKED; not a runtime driver
CIT / Tax,R102 FCF for SHL [AUDIT ONLY],Python,56,Y29H1,0.0,8093.7,8093.7,0.0000,N/A,result.periods[i].r102_fcf_for_shl_keur,unmapped,R102 is audit-only / BLOCKED; not a runtime driver
CIT / Tax,R102 FCF for SHL [AUDIT ONLY],Delta,56,Y29H1,0.0,8093.7,8093.7,0.0000,N/A,result.periods[i].r102_fcf_for_shl_keur,unmapped,R102 is audit-only / BLOCKED; not a runtime driver
CIT / Tax,R102 FCF for SHL [AUDIT ONLY],Excel,57,Y29H2,0.0,5303.8,5303.8,0.0000,N/A,result.periods[i].r102_fcf_for_shl_keur,unmapped,R102 is audit-only / BLOCKED; not a runtime driver
CIT / Tax,R102 FCF for SHL [AUDIT ONLY],Python,57,Y29H2,0.0,5303.8,5303.8,0.0000,N/A,result.periods[i].r102_fcf_for_shl_keur,unmapped,R102 is audit-only / BLOCKED; not a runtime driver
CIT / Tax,R102 FCF for SHL [AUDIT ONLY],Delta,57,Y29H2,0.0,5303.8,5303.8,0.0000,N/A,result.periods[i].r102_fcf_for_shl_keur,unmapped,R102 is audit-only / BLOCKED; not a runtime driver
CIT / Tax,R102 FCF for SHL [AUDIT ONLY],Excel,58,Y30H1,0.0,8114.1,8114.1,0.0000,N/A,result.periods[i].r102_fcf_for_shl_keur,unmapped,R102 is audit-only / BLOCKED; not a runtime driver
CIT / Tax,R102 FCF for SHL [AUDIT ONLY],Python,58,Y30H1,0.0,8114.1,8114.1,0.0000,N/A,result.periods[i].r102_fcf_for_shl_keur,unmapped,R102 is audit-only / BLOCKED; not a runtime driver
CIT / Tax,R102 FCF for SHL [AUDIT ONLY],Delta,58,Y30H1,0.0,8114.1,8114.1,0.0000,N/A,result.periods[i].r102_fcf_for_shl_keur,unmapped,R102 is audit-only / BLOCKED; not a runtime driver
CIT / Tax,R102 FCF for SHL [AUDIT ONLY],Excel,59,Y30H2,0.0,5317.1,5317.1,0.0000,N/A,result.periods[i].r102_fcf_for_shl_keur,unmapped,R102 is audit-only / BLOCKED; not a runtime driver
CIT / Tax,R102 FCF for SHL [AUDIT ONLY],Python,59,Y30H2,0.0,5317.1,5317.1,0.0000,N/A,result.periods[i].r102_fcf_for_shl_keur,unmapped,R102 is audit-only / BLOCKED; not a runtime driver
CIT / Tax,R102 FCF for SHL [AUDIT ONLY],Delta,59,Y30H2,0.0,5317.1,5317.1,0.0000,N/A,result.periods[i].r102_fcf_for_shl_keur,unmapped,R102 is audit-only / BLOCKED; not a runtime driver
